Workbook

Sheet Bess 11 Part Wise
P1: 46144
B2: Container Make | C2: Block No. | D2: Containers | E2: MWH | F2: IDT Charging / Commissioning Start | G2: Trial-Run Start Date | H2: COD | I2: Status | P2: Remarks
I3: Sr. | J3: Activity | K3: Progress | N3: EDC | O3: vendor
K4: S | L4: C | M4: B
B5: CATL | C5: 1, 2, 3 & 4 | D5: 192 | E5: =D5*5.015 -> 962.88 | I5: 1.1 | J5: BCF Precast Erection & Welding | K5: ='BESS 11'!K143+'BESS 11'!K97+'BESS 11'!K51+'BESS 11'!K6 -> 192 | L5: ='BESS 11'!L143+'BESS 11'!L97+'BESS 11'!L51+'BESS 11'!L6 -> 192 | M5: =K5-L5 -> 0 | O5: MSC
I6: =I5+0.1 -> 1.2 | J6: Battery Container Erection | K6: ='BESS 11'!#REF!+'BESS 11'!#REF!+'BESS 11'!#REF!+'BESS 11'!#REF! -> #REF! | L6: ='BESS 11'!#REF!+'BESS 11'!#REF!+'BESS 11'!#REF!+'BESS 11'!#REF! -> #REF! | M6: =K6-L6 -> #REF! | O6: HEFT & Pratibha
I7: =I6+0.1 -> 1.3 | J7: CT Rail Fixing | K7: ='BESS 11'!K144+'BESS 11'!K98+'BESS 11'!K52+'BESS 11'!K7 -> 24 | L7: ='BESS 11'!L144+'BESS 11'!L98+'BESS 11'!L52+'BESS 11'!L7 -> 24 | M7: =K7-L7 -> 0 | O7: MSC
I8: =I7+0.1 -> 1.4 | J8: CT Erection | K8: ='BESS 11'!K155+'BESS 11'!K110+'BESS 11'!K64+'BESS 11'!K18 -> 24 | L8: ='BESS 11'!L155+'BESS 11'!L110+'BESS 11'!L64+'BESS 11'!L18 -> 24 | M8: =K8-L8 -> 0 | O8: Pratibha
I9: =I8+0.1 -> 1.5 | J9: PCS Slab casting | K9: ='BESS 11'!K145+'BESS 11'!K99+'BESS 11'!K53+'BESS 11'!K8 -> 24 | L9: ='BESS 11'!L145+'BESS 11'!L99+'BESS 11'!L53+'BESS 11'!L8 -> 24 | M9: =K9-L9 -> 0 | O9: MSC
I10: =I9+0.1 -> 1.6 | J10: PCS Erection | K10: ='BESS 11'!K156+'BESS 11'!K111+'BESS 11'!#REF!+'BESS 11'!K19 -> #REF! | L10: ='BESS 11'!L156+'BESS 11'!L111+'BESS 11'!#REF!+'BESS 11'!L19 -> #REF! | M10: =K10-L10 -> #REF! | O10: Pratibha
I11: =I10+0.1 -> 1.7 | J11: ACDB Erection | K11: ='BESS 11'!K157+'BESS 11'!K112+'BESS 11'!K66+'BESS 11'!K20 -> 24 | L11: ='BESS 11'!L157+'BESS 11'!L112+'BESS 11'!L66+'BESS 11'!L20 -> 24 | M11: =K11-L11 -> 0 | O11: Pratibha
I12: =I11+0.1 -> 1.8 | J12: ECP Panel Erection (Communication Panel) | K12: ='BESS 11'!K158+'BESS 11'!K113+'BESS 11'!K67+'BESS 11'!K21 -> 24 | L12: ='BESS 11'!L158+'BESS 11'!L113+'BESS 11'!L67+'BESS 11'!L21 -> 12 | M12: =K12-L12 -> 12 | O12: Pratibha
I13: =I12+0.1 -> 1.9 | J13: PCS PEB | K13: ='BESS 11'!K151+'BESS 11'!K106+'BESS 11'!K60+'BESS 11'!K14 -> 24 | L13: ='BESS 11'!L151+'BESS 11'!L106+'BESS 11'!L60+'BESS 11'!L14 -> 24 | M13: =K13-L13 -> 0 | O13: Synergy
I14: =I5 -> 1.1 | J14: SGR Slab Casting | K14: ='BESS 11'!K146+'BESS 11'!K100+'BESS 11'!K54+'BESS 11'!K9 -> 4 | L14: ='BESS 11'!L146+'BESS 11'!L100+'BESS 11'!L54+'BESS 11'!L9 -> 4 | M14: =K14-L14 -> 0 | O14: MSC
I15: =I14+0.01 -> 1.11 | J15: HT Panel Erection | K15: ='BESS 11'!K159+'BESS 11'!K114+'BESS 11'!K68+'BESS 11'!K22 -> 8 | L15: ='BESS 11'!L159+'BESS 11'!L114+'BESS 11'!L68+'BESS 11'!L22 -> 8 | M15: =K15-L15 -> 0 | O15: Pratibha
I16: =I15+0.01 -> 1.12 | J16: SGR PEB | K16: ='BESS 11'!K152+'BESS 11'!K108+'BESS 11'!K61+'BESS 11'!K15 -> 4 | L16: ='BESS 11'!L152+'BESS 11'!L108+'BESS 11'!L61+'BESS 11'!L15 -> 4 | M16: =K16-L16 -> 0 | O16: Synergy
I17: =I16+0.01 -> 1.13 | J17: MCR Slab Casting | K17: ='BESS 11'!K147+'BESS 11'!K101+'BESS 11'!K56+'BESS 11'!K10 -> 4 | L17: ='BESS 11'!L147+'BESS 11'!L101+'BESS 11'!L56+'BESS 11'!L10 -> 4 | M17: =K17-L17 -> 0 | O17: MSC
I18: =I17+0.01 -> 1.14 | J18: EMS Panel Erection | K18: ='BESS 11'!K160+'BESS 11'!K115+'BESS 11'!K69+'BESS 11'!K23 -> 4 | L18: ='BESS 11'!L160+'BESS 11'!L115+'BESS 11'!L69+'BESS 11'!L23 -> 2 | M18: =K18-L18 -> 2 | O18: Pratibha
I19: =I18+0.01 -> 1.15 | J19: MCR PEB | K19: ='BESS 11'!K153+'BESS 11'!K107+'BESS 11'!K62+'BESS 11'!K16 -> 4 | L19: ='BESS 11'!L153+'BESS 11'!L107+'BESS 11'!L62+'BESS 11'!L16 -> 4 | M19: =K19-L19 -> 0 | O19: Synergy
I20: =I19+0.01 -> 1.16 | J20: CSS Slab Casting | K20: ='BESS 11'!K148+'BESS 11'!K102+'BESS 11'!K55+'BESS 11'!K11 -> 4 | L20: ='BESS 11'!L148+'BESS 11'!L102+'BESS 11'!L55+'BESS 11'!L11 -> 4 | M20: =K20-L20 -> 0 | O20: MSC
I21: =I20+0.01 -> 1.17 | J21: CSS Erection | K21: ='BESS 11'!K161+'BESS 11'!K116+'BESS 11'!K70+'BESS 11'!K24 -> 4 | L21: ='BESS 11'!L161+'BESS 11'!L116+'BESS 11'!L70+'BESS 11'!L24 -> 4 | M21: =K21-L21 -> 0 | O21: Pratibha
I22: =I21+0.01 -> 1.18 | J22: NIFPS Precast Erection | K22: ='BESS 11'!K150+'BESS 11'!K105+'BESS 11'!K57+'BESS 11'!K12 -> 17 | L22: ='BESS 11'!L150+'BESS 11'!L105+'BESS 11'!L57+'BESS 11'!L12 -> 15 | M22: =K22-L22 -> 2 | O22: MSC
I23: =I22+0.01 -> 1.19 | J23: NIFPS Panel Erection | K23: ='BESS 11'!K162+'BESS 11'!K117+'BESS 11'!K71+'BESS 11'!K25 -> 24 | L23: ='BESS 11'!L162+'BESS 11'!L117+'BESS 11'!L71+'BESS 11'!L25 -> 12 | M23: =K23-L23 -> 12 | O23: Ornet
I24: =I23+0.01 -> 1.2 | J24: NIFPS Fabrication | K24: ='BESS 11'!K163+'BESS 11'!K118+'BESS 11'!K72+'BESS 11'!K26 -> 24 | L24: ='BESS 11'!L163+'BESS 11'!L118+'BESS 11'!L72+'BESS 11'!L26 -> 12 | M24: =K24-L24 -> 12 | O24: Ornet
I25: =I24+0.01 -> 1.21 | J25: BOT Precast Erection | K25: ='BESS 11'!K104+'BESS 11'!#REF! -> #REF! | L25: ='BESS 11'!L104+'BESS 11'!#REF! -> #REF! | M25: =K25-L25 -> #REF! | O25: Sachi
I26: =I25+0.01 -> 1.22 | J26: BOT Slab casting | K26: ='BESS 11'!K149+'BESS 11'!K103+'BESS 11'!K59+'BESS 11'!K13 -> 16 | L26: ='BESS 11'!L149+'BESS 11'!L103+'BESS 11'!L59+'BESS 11'!L13 -> 16 | M26: =K26-L26 -> 0 | O26: MSC
I27: =I26+0.01 -> 1.23 | J27: HT cable laying | K27: ='BESS 11'!K165+'BESS 11'!K120+'BESS 11'!K74+'BESS 11'!K28 -> 31595 | L27: ='BESS 11'!L165+'BESS 11'!L120+'BESS 11'!L74+'BESS 11'!L28 -> 31595 | M27: =K27-L27 -> 0 | O27: Pratibha
I28: =I27+0.01 -> 1.24 | J28: HT cable termination | K28: ='BESS 11'!K166+'BESS 11'!K121+'BESS 11'!K75+'BESS 11'!K29 -> 112 | L28: ='BESS 11'!L166+'BESS 11'!L121+'BESS 11'!L75+'BESS 11'!L29 -> 112 | M28: =K28-L28 -> 0 | O28: Pratibha
I29: =I28+0.01 -> 1.25 | J29: DC & LT cable laying | K29: ='BESS 11'!K167+'BESS 11'!K122+'BESS 11'!K76+'BESS 11'!K30 -> 53748 | L29: ='BESS 11'!L167+'BESS 11'!L122+'BESS 11'!L76+'BESS 11'!L30 -> 53748 | M29: =K29-L29 -> 0 | O29: Pratibha
I30: =I29+0.01 -> 1.26 | J30: DC & LT cable termination | K30: ='BESS 11'!K169+'BESS 11'!K124+'BESS 11'!K78+'BESS 11'!K32 -> 6144 | L30: ='BESS 11'!L169+'BESS 11'!L124+'BESS 11'!L78+'BESS 11'!L32 -> 3072 | M30: =K30-L30 -> 3072 | O30: Pratibha
I31: =I30+0.01 -> 1.27 | J31: Aux, Control & communication cable laying | K31: ='BESS 11'!K171+'BESS 11'!K126+'BESS 11'!K80+'BESS 11'!K34 -> 32729 | L31: ='BESS 11'!L171+'BESS 11'!L126+'BESS 11'!L80+'BESS 11'!L34 -> 23132 | M31: =K31-L31 -> 9597 | O31: Pratibha
I32: =I31+0.01 -> 1.28 | J32: CT Testing | K32: ='BESS 11'!K177+'BESS 11'!K132+'BESS 11'!K86+'BESS 11'!K40 -> 24 | L32: ='BESS 11'!L177+'BESS 11'!L132+'BESS 11'!L86+'BESS 11'!L40 -> 24 | M32: =K32-L32 -> 0 | O32: Pratibha
I33: =I32+0.01 -> 1.29 | J33: HTP testing | K33: ='BESS 11'!K180+'BESS 11'!K135+'BESS 11'!K89+'BESS 11'!K43 -> 48 | L33: ='BESS 11'!L180+'BESS 11'!L135+'BESS 11'!L89+'BESS 11'!L43 -> 12 | M33: =K33-L33 -> 36 | O33: Pratibha
I34: =I33+0.01 -> 1.3 | J34: Earthing | K34: ='BESS 11'!K185+'BESS 11'!K140+'BESS 11'!K94+'BESS 11'!K48 -> 17921.8 | L34: ='BESS 11'!L185+'BESS 11'!L140+'BESS 11'!L94+'BESS 11'!L48 -> 8507.7 | M34: =K34-L34 -> 9414.1 | O34: Pratibha
I35: =I34+0.01 -> 1.31 | J35: LA | K35: ='BESS 11'!K186+'BESS 11'!K141+'BESS 11'!K95+'BESS 11'!K49 -> 40 | L35: ='BESS 11'!L186+'BESS 11'!L141+'BESS 11'!L95+'BESS 11'!L49 -> 10 | M35: =K35-L35 -> 30 | O35: Pratibha
B36: CATL | C36: 5, 6, 7 & 8 | D36: 48 | E36: 240.72 | I36: 2.1 | J36: BCF Precast Erection & Welding | K36: ='BESS 11'!K188+'BESS 11'!K233+'BESS 11'!K278+'BESS 11'!K323 -> 192 | L36: ='BESS 11'!L188+'BESS 11'!L233+'BESS 11'!L278+'BESS 11'!L323 -> 192 | M36: =K36-L36 -> 0 | O36: MSC
I37: =I36+0.1 -> 2.2 | J37: Battery Container Erection | K37: ='BESS 11'!#REF!+'BESS 11'!#REF!+'BESS 11'!#REF!+'BESS 11'!#REF! -> #REF! | L37: ='BESS 11'!#REF!+'BESS 11'!#REF!+'BESS 11'!#REF!+'BESS 11'!#REF! -> #REF! | M37: =K37-L37 -> #REF! | O37: HEFT & Pratibha
I38: =I37+0.1 -> 2.3 | J38: CT Rail Fixing | K38: ='BESS 11'!K189+'BESS 11'!K234+'BESS 11'!K279+'BESS 11'!K324 -> 24 | L38: ='BESS 11'!L189+'BESS 11'!L234+'BESS 11'!L279+'BESS 11'!L324 -> 24 | M38: =K38-L38 -> 0 | O38: MSC
I39: =I38+0.1 -> 2.4 | J39: CT Erection | K39: ='BESS 11'!K200+'BESS 11'!K245+'BESS 11'!K290+'BESS 11'!K335 -> 24 | L39: ='BESS 11'!L200+'BESS 11'!L245+'BESS 11'!L290+'BESS 11'!L335 -> 12 | M39: =K39-L39 -> 12 | O39: Pratibha
I40: =I39+0.1 -> 2.5 | J40: PCS Slab casting | K40: ='BESS 11'!K190+'BESS 11'!K235+'BESS 11'!K280+'BESS 11'!K325 -> 24 | L40: ='BESS 11'!L190+'BESS 11'!L235+'BESS 11'!L280+'BESS 11'!L325 -> 24 | M40: =K40-L40 -> 0 | O40: MSC
I41: =I40+0.1 -> 2.6 | J41: PCS Erection | K41: ='BESS 11'!K201+'BESS 11'!K246+'BESS 11'!K291+'BESS 11'!K336 -> 192 | L41: ='BESS 11'!L201+'BESS 11'!L246+'BESS 11'!L291+'BESS 11'!L336 -> 0 | M41: =K41-L41 -> 192 | O41: Pratibha
I42: =I41+0.1 -> 2.7 | J42: ACDB Erection | K42: ='BESS 11'!K202+'BESS 11'!K247+'BESS 11'!K292+'BESS 11'!K337 -> 24 | L42: ='BESS 11'!L202+'BESS 11'!L247+'BESS 11'!L292+'BESS 11'!L337 -> 0 | M42: =K42-L42 -> 24 | O42: Pratibha
I43: =I42+0.1 -> 2.8 | J43: ECP Panel Erection (Communication Panel) | K43: ='BESS 11'!K203+'BESS 11'!K248+'BESS 11'!K293+'BESS 11'!K338 -> 24 | L43: ='BESS 11'!L203+'BESS 11'!L248+'BESS 11'!L293+'BESS 11'!L338 -> 0 | M43: =K43-L43 -> 24 | O43: Pratibha
I44: =I43+0.1 -> 2.9 | J44: PCS PEB | K44: ='BESS 11'!K196+'BESS 11'!K241+'BESS 11'!K286+'BESS 11'!K331 -> 24 | L44: ='BESS 11'!L196+'BESS 11'!L241+'BESS 11'!L286+'BESS 11'!L331 -> 18 | M44: =K44-L44 -> 6 | O44: Synergy
I45: =I36 -> 2.1 | J45: SGR Slab Casting | K45: ='BESS 11'!K191+'BESS 11'!K236+'BESS 11'!K281+'BESS 11'!K326 -> 4 | L45: ='BESS 11'!L191+'BESS 11'!L236+'BESS 11'!L281+'BESS 11'!L326 -> 4 | M45: =K45-L45 -> 0 | O45: MSC
I46: =I45+0.01 -> 2.11 | J46: HT Panel Erection | K46: ='BESS 11'!K204+'BESS 11'!K249+'BESS 11'!K294+'BESS 11'!K339 -> 8 | L46: ='BESS 11'!L204+'BESS 11'!L249+'BESS 11'!L294+'BESS 11'!L339 -> 0 | M46: =K46-L46 -> 8 | O46: Pratibha
I47: =I46+0.01 -> 2.12 | J47: SGR PEB | K47: ='BESS 11'!K197+'BESS 11'!K242+'BESS 11'!K287+'BESS 11'!K332 -> 4 | L47: ='BESS 11'!L197+'BESS 11'!L242+'BESS 11'!L287+'BESS 11'!L332 -> 0 | M47: =K47-L47 -> 4 | O47: Synergy
I48: =I47+0.01 -> 2.13 | J48: MCR Slab Casting | K48: ='BESS 11'!K192+'BESS 11'!K237+'BESS 11'!K282+'BESS 11'!K327 -> 4 | L48: ='BESS 11'!L192+'BESS 11'!L237+'BESS 11'!L282+'BESS 11'!L327 -> 4 | M48: =K48-L48 -> 0 | O48: MSC
I49: =I48+0.01 -> 2.14 | J49: EMS Panel Erection | K49: ='BESS 11'!K205+'BESS 11'!K250+'BESS 11'!K295+'BESS 11'!K340 -> 4 | L49: ='BESS 11'!L205+'BESS 11'!L250+'BESS 11'!L295+'BESS 11'!L340 -> 0 | M49: =K49-L49 -> 4 | O49: Pratibha
I50: =I49+0.01 -> 2.15 | J50: MCR PEB | K50: ='BESS 11'!K198+'BESS 11'!K243+'BESS 11'!K288+'BESS 11'!K333 -> 4 | L50: ='BESS 11'!L198+'BESS 11'!L243+'BESS 11'!L288+'BESS 11'!L333 -> 0 | M50: =K50-L50 -> 4 | O50: Synergy
I51: =I50+0.01 -> 2.16 | J51: CSS Slab Casting | K51: ='BESS 11'!K193+'BESS 11'!K238+'BESS 11'!K283+'BESS 11'!K328 -> 4 | L51: ='BESS 11'!L193+'BESS 11'!L238+'BESS 11'!L283+'BESS 11'!L328 -> 4 | M51: =K51-L51 -> 0 | O51: MSC
I52: =I51+0.01 -> 2.17 | J52: CSS Erection | K52: ='BESS 11'!K206+'BESS 11'!K251+'BESS 11'!K296+'BESS 11'!K341 -> 4 | L52: ='BESS 11'!L206+'BESS 11'!L251+'BESS 11'!L296+'BESS 11'!L341 -> 0 | M52: =K52-L52 -> 4 | O52: Pratibha
I53: =I52+0.01 -> 2.18 | J53: NIFPS Precast Erection | K53: ='BESS 11'!K194+'BESS 11'!K239+'BESS 11'!K284+'BESS 11'!K329 -> 12 | L53: ='BESS 11'!L194+'BESS 11'!L239+'BESS 11'!L284+'BESS 11'!L329 -> 12 | M53: =K53-L53 -> 0 | O53: MSC
I54: =I53+0.01 -> 2.19 | J54: NIFPS Panel Erection | K54: ='BESS 11'!K207+'BESS 11'!K252+'BESS 11'!K297+'BESS 11'!K342 -> 24 | L54: ='BESS 11'!L207+'BESS 11'!L252+'BESS 11'!L297+'BESS 11'!L342 -> 0 | M54: =K54-L54 -> 24 | O54: Ornet
I55: =I54+0.01 -> 2.2 | J55: NIFPS Fabrication | K55: ='BESS 11'!K208+'BESS 11'!K253+'BESS 11'!K298+'BESS 11'!K343 -> 24 | L55: ='BESS 11'!L208+'BESS 11'!L253+'BESS 11'!L298+'BESS 11'!L343 -> 0 | M55: =K55-L55 -> 24 | O55: Ornet
I56: =I55+0.01 -> 2.21 | J56: BOT Precast Erection | K56: ='BESS 11'!K195+'BESS 11'!K240+'BESS 11'!K285+'BESS 11'!K330 -> 24 | L56: ='BESS 11'!L195+'BESS 11'!L240+'BESS 11'!L285+'BESS 11'!L330 -> 24 | M56: =K56-L56 -> 0 | O56: Sachi
I57: =I56+0.01 -> 2.22 | J57: HT cable laying | K57: ='BESS 11'!K210+'BESS 11'!K255+'BESS 11'!K300+'BESS 11'!K345 -> 18554.05 | L57: ='BESS 11'!L210+'BESS 11'!L255+'BESS 11'!L300+'BESS 11'!L345 -> 603 | M57: =K57-L57 -> 17951.05 | O57: Pratibha
I58: =I57+0.01 -> 2.23 | J58: HT cable termination | K58: ='BESS 11'!K211+'BESS 11'!K256+'BESS 11'!K301+'BESS 11'!K346 -> 112 | L58: ='BESS 11'!L211+'BESS 11'!L256+'BESS 11'!L301+'BESS 11'!L346 -> 0 | M58: =K58-L58 -> 112 | O58: Pratibha
I59: =I58+0.01 -> 2.24 | J59: DC & LT cable laying | K59: ='BESS 11'!K212+'BESS 11'!K257+'BESS 11'!K302+'BESS 11'!K347 -> 57154 | L59: ='BESS 11'!L212+'BESS 11'!L257+'BESS 11'!L302+'BESS 11'!L347 -> 0 | M59: =K59-L59 -> 57154 | O59: Pratibha
I60: =I59+0.01 -> 2.25 | J60: DC & LT cable termination | K60: ='BESS 11'!K214+'BESS 11'!K259+'BESS 11'!K304+'BESS 11'!K349 -> 6144 | L60: ='BESS 11'!L214+'BESS 11'!L259+'BESS 11'!L304+'BESS 11'!L349 -> 0 | M60: =K60-L60 -> 6144 | O60: Pratibha
I61: =I60+0.01 -> 2.26 | J61: Aux, Control & communication cable laying | K61: ='BESS 11'!K216+'BESS 11'!K261+'BESS 11'!K306+'BESS 11'!K351 -> 32928 | L61: ='BESS 11'!L216+'BESS 11'!L261+'BESS 11'!L306+'BESS 11'!L351 -> 0 | M61: =K61-L61 -> 32928 | O61: Pratibha
I62: =I61+0.01 -> 2.27 | J62: CT Testing | K62: ='BESS 11'!K222+'BESS 11'!K267+'BESS 11'!K312+'BESS 11'!K357 -> 24 | L62: ='BESS 11'!L222+'BESS 11'!L267+'BESS 11'!L312+'BESS 11'!L357 -> 0 | M62: =K62-L62 -> 24 | O62: Pratibha
I63: =I62+0.01 -> 2.28 | J63: HTP testing | K63: ='BESS 11'!K225+'BESS 11'!K270+'BESS 11'!K315+'BESS 11'!K360 -> 48 | L63: ='BESS 11'!L225+'BESS 11'!L270+'BESS 11'!L315+'BESS 11'!L360 -> 0 | M63: =K63-L63 -> 48 | O63: Pratibha
I64: =I63+0.01 -> 2.29 | J64: Earthing | K64: ='BESS 11'!K230+'BESS 11'!K275+'BESS 11'!K320+'BESS 11'!K365 -> 17136 | L64: ='BESS 11'!L230+'BESS 11'!L275+'BESS 11'!L320+'BESS 11'!L365 -> 0 | M64: =K64-L64 -> 17136 | O64: Pratibha
I65: =I64+0.01 -> 2.3 | J65: LA | K65: ='BESS 11'!K231+'BESS 11'!K276+'BESS 11'!K321+'BESS 11'!K366 -> 40 | L65: ='BESS 11'!L231+'BESS 11'!L276+'BESS 11'!L321+'BESS 11'!L366 -> 0 | M65: =K65-L65 -> 40 | O65: Pratibha
B66: CATL | C66: 9 | D66: 48 | E66: =D66*5.015 -> 240.72 | I66: 3.1 | J66: BCF Precast Erection & Welding | K66: ='BESS 11'!K368 -> 48 | L66: ='BESS 11'!L368 -> 48 | M66: =K66-L66 -> 0 | O66: MSC
I67: =I66+0.1 -> 3.2 | J67: Battery Container Erection | K67: ='BESS 11'!#REF! -> #REF! | L67: ='BESS 11'!#REF! -> #REF! | M67: =K67-L67 -> #REF! | O67: HEFT & Pratibha
I68: =I67+0.1 -> 3.3 | J68: CT Rail Fixing | K68: ='BESS 11'!K369 -> 6 | L68: ='BESS 11'!L369 -> 0 | M68: =K68-L68 -> 6 | O68: MSC
I69: =I68+0.1 -> 3.4 | J69: CT Erection | K69: ='BESS 11'!K380 -> 6 | L69: ='BESS 11'!L380 -> 0 | M69: =K69-L69 -> 6 | O69: Pratibha
I70: =I69+0.1 -> 3.5 | J70: PCS Slab casting | K70: ='BESS 11'!K370 -> 6 | L70: ='BESS 11'!L370 -> 3 | M70: =K70-L70 -> 3 | O70: MSC
I71: =I70+0.1 -> 3.6 | J71: PCS Erection | K71: ='BESS 11'!K381 -> 48 | L71: ='BESS 11'!L381 -> 0 | M71: =K71-L71 -> 48 | O71: Pratibha
I72: =I71+0.1 -> 3.7 | J72: ACDB Erection | K72: ='BESS 11'!K382 -> 6 | L72: ='BESS 11'!L382 -> 0 | M72: =K72-L72 -> 6 | O72: Pratibha
I73: =I72+0.1 -> 3.8 | J73: ECP Panel Erection (Communication Panel) | K73: ='BESS 11'!K383 -> 6 | L73: ='BESS 11'!L383 -> 0 | M73: =K73-L73 -> 6 | O73: Pratibha
I74: =I73+0.1 -> 3.9 | J74: PCS PEB | K74: ='BESS 11'!K376 -> 6 | L74: ='BESS 11'!L376 -> 0 | M74: =K74-L74 -> 6 | O74: Synergy
I75: =I66 -> 3.1 | J75: SGR Slab Casting | K75: ='BESS 11'!K371 -> 1 | L75: ='BESS 11'!L371 -> 0 | M75: =K75-L75 -> 1 | O75: MSC
I76: =I75+0.01 -> 3.11 | J76: HT Panel Erection | K76: ='BESS 11'!K384 -> 2 | L76: ='BESS 11'!L384 -> 0 | M76: =K76-L76 -> 2 | O76: Pratibha
I77: =I76+0.01 -> 3.12 | J77: SGR PEB | K77: ='BESS 11'!K377 -> 1 | L77: ='BESS 11'!L377 -> 0 | M77: =K77-L77 -> 1 | O77: Synergy
I78: =I77+0.01 -> 3.13 | J78: MCR Slab Casting | K78: ='BESS 11'!K372 -> 1 | L78: ='BESS 11'!L372 -> 0 | M78: =K78-L78 -> 1 | O78: MSC
I79: =I78+0.01 -> 3.14 | J79: EMS Panel Erection | K79: ='BESS 11'!K385 -> 1 | L79: ='BESS 11'!L385 -> 0 | M79: =K79-L79 -> 1 | O79: Pratibha
I80: =I79+0.01 -> 3.15 | J80: MCR PEB | K80: ='BESS 11'!K378 -> 1 | L80: ='BESS 11'!L378 -> 0 | M80: =K80-L80 -> 1 | O80: Synergy
I81: =I80+0.01 -> 3.16 | J81: CSS Slab Casting | K81: ='BESS 11'!K374 -> 3 | L81: ='BESS 11'!L374 -> 3 | M81: =K81-L81 -> 0 | O81: MSC
I82: =I81+0.01 -> 3.17 | J82: CSS Erection | K82: ='BESS 11'!K386 -> 1 | L82: ='BESS 11'!L386 -> 0 | M82: =K82-L82 -> 1 | O82: Pratibha
I83: =I82+0.01 -> 3.18 | J83: NIFPS Precast Erection | K83: ='BESS 11'!K373 -> 1 | L83: ='BESS 11'!L373 -> 0 | M83: =K83-L83 -> 1 | O83: MSC
I84: =I83+0.01 -> 3.19 | J84: NIFPS Panel Erection | K84: ='BESS 11'!K387 -> 6 | L84: ='BESS 11'!L387 -> 0 | M84: =K84-L84 -> 6 | O84: Ornet
I85: =I84+0.01 -> 3.2 | J85: NIFPS Fabrication | K85: ='BESS 11'!K388 -> 6 | L85: ='BESS 11'!L388 -> 0 | M85: =K85-L85 -> 6 | O85: Ornet
I86: =I85+0.01 -> 3.21 | J86: BOT Precast Erection | K86: ='BESS 11'!K375 -> 6 | L86: ='BESS 11'!L375 -> 0 | M86: =K86-L86 -> 6 | O86: Sachi
I87: =I86+0.01 -> 3.22 | J87: HT cable laying | K87: ='BESS 11'!K390 -> 4518.48 | L87: ='BESS 11'!L390 -> 0 | M87: =K87-L87 -> 4518.48 | O87: Pratibha
I88: =I87+0.01 -> 3.23 | J88: HT cable termination | K88: ='BESS 11'!K391 -> 28 | L88: ='BESS 11'!L391 -> 0 | M88: =K88-L88 -> 28 | O88: Pratibha
I89: =I88+0.01 -> 3.24 | J89: DC & LT cable laying | K89: ='BESS 11'!K392 -> 14288 | L89: ='BESS 11'!L392 -> 0 | M89: =K89-L89 -> 14288 | O89: Pratibha
I90: =I89+0.01 -> 3.25 | J90: DC & LT cable termination | K90: ='BESS 11'!K394 -> 1536 | L90: ='BESS 11'!L394 -> 0 | M90: =K90-L90 -> 1536 | O90: Pratibha
I91: =I90+0.01 -> 3.26 | J91: Aux, Control & communication cable laying | K91: ='BESS 11'!K396 -> 8232 | L91: ='BESS 11'!L396 -> 0 | M91: =K91-L91 -> 8232 | O91: Pratibha
I92: =I91+0.01 -> 3.27 | J92: CT Testing | K92: ='BESS 11'!K402 -> 6 | L92: ='BESS 11'!L402 -> 0 | M92: =K92-L92 -> 6 | O92: Pratibha
I93: =I92+0.01 -> 3.28 | J93: HTP testing | K93: ='BESS 11'!K405 -> 12 | L93: ='BESS 11'!L405 -> 0 | M93: =K93-L93 -> 12 | O93: Pratibha
I94: =I93+0.01 -> 3.29 | J94: Earthing | K94: ='BESS 11'!K410 -> 4284 | L94: ='BESS 11'!L410 -> 0 | M94: =K94-L94 -> 4284 | O94: Pratibha
I95: =I94+0.01 -> 3.3 | J95: LA | K95: ='BESS 11'!K411 -> 10 | L95: ='BESS 11'!L411 -> 0 | M95: =K95-L95 -> 10 | O95: Pratibha

Sheet 12 - Daily requirement (2)
B1: IDT Charging / Commissioning Start | C1: ='BESS 11'!$G$2 -> Trial-Run End Date | D1: ='BESS 11'!$H$2 -> COD | E1: Activity | F1: Mandays | G1: Days | H1: Min. Date | I1: 46195 | J1: 46196 | K1: =MIN('BESS 11'!O18:O25,'BESS 11'!O27) -> 0 | L1: =K1+1 -> 1 | M1: =L1+1 -> 2 | N1: =M1+1 -> 3 | O1: =N1+1 -> 4 | P1: =O1+1 -> 5 | Q1: =P1+1 -> 6 | R1: =Q1+1 -> 7 | S1: =R1+1 -> 8 | ... CP1: =CO1+1 -> 83 | CQ1: Average Manpower | CR1: Peak Manpower | CS1: =CR1+1 -> #VALUE! | CT1: 46282 | CU1: 46283 | CV1: 46284 | CW1: 46285 | CX1: 46286 | CY1: 46287 | CZ1: 46288 | DA1: 46289 | DB1: 46290 | DC1: 46291 | DD1: 46292 | DE1: 46293 | DF1: 46294 | DG1: 46295 | DH1: 46296 | DI1: 46297 | DJ1: 46298 | DK1: 46299 | DL1: 46300 | DM1: 46301 | DN1: 46302 | DO1: 46303 | DP1: 46304 | DQ1: 46305 | DR1: 46306 | DS1: 46307 | DT1: 46308 | DU1: 46309 | DV1: 46310 | DW1: 46311 | DX1: 46312 | DY1: 46313 | DZ1: 46314 | EA1: 46315 | EB1: 46316 | EC1: 46317 | ED1: 46318 | EE1: 46319 | EF1: 46320 | EG1: 46321 | EH1: 46322 | EI1: 46323 | EJ1: 46324 | EK1: 46325 | EL1: 46326 | EM1: 46327 | EN1: 46328 | EO1: 46329 | EP1: 46330 | EQ1: 46331 | ER1: 46332 | ES1: 46333 | ET1: 46334 | EU1: 46335 | EV1: 46336 | EW1: 46337 | EX1: 46338 | EY1: 46339 | EZ1: 46340 | FA1: 46341 | FB1: 46342 | FC1: 46343 | FD1: 46344 | FE1: 46345 | FF1: 46346 | FG1: 46347 | FH1: 46348 | FI1: 46349 | FJ1: 46350 | FK1: 46351 | FL1: 46352 | FM1: 46353 | FN1: 46354 | FO1: 46355 | FP1: 46356 | FQ1: 46357 | FR1: 46358 | FS1: 46359 | FT1: 46360 | FU1: 46361 | FV1: 46362 | FW1: 46363 | FX1: 46364 | FY1: 46365 | FZ1: 46366 | GA1: 46367 | GB1: 46368 | GC1: 46369 | GD1: 46370 | GE1: 46371 | GF1: 46372 | GG1: 46373 | GH1: 46374 | GI1: 46375 | GJ1: 46376 | GK1: 46377 | GL1: 46378 | GM1: 46379 | GN1: 46380 | GO1: 46381 | GP1: 46382 | GQ1: 46383 | GR1: 46384 | GS1: 46385 | GT1: 46386 | GU1: 46387
A2: Block 1 | B2: ='BESS 12'!F51 -> 46231 | C2: ='BESS 12'!G51 -> 46236 | D2: ='BESS 12'!H51 -> 46239 | E2: Erection | F2: =SUM('BESS 12'!S64:S71,'BESS 12'!S73) -> #VALUE! | G2: =MAX('BESS 12'!O64:O71,'BESS 12'!O73)-MIN('BESS 12'!O64:O71,'BESS 12'!O73)+1 -> 1 | H2: =MIN('BESS 12'!O64:O71,'BESS 12'!O73) -> 0 | I2: =IF(AND(I$1>=$H2,I$1<($H2+$G2)),ROUND($F2/$G2,0),"-") -> - | J2: =IF(AND(J$1>=$H2,J$1<($H2+$G2)),ROUND($F2/$G2,0),"-") -> - | K2: =IF(AND(K$1>=$H2,K$1<($H2+$G2)),ROUND($F2/$G2,0),"-") -> #VALUE! | L2: =IF(AND(L$1>=$H2,L$1<($H2+$G2)),ROUND($F2/$G2,0),"-") -> - | M2: =IF(AND(M$1>=$H2,M$1<($H2+$G2)),ROUND($F2/$G2,0),"-") -> - | N2: =IF(AND(N$1>=$H2,N$1<($H2+$G2)),ROUND($F2/$G2,0),"-") -> - | O2: =IF(AND(O$1>=$H2,O$1<($H2+$G2)),ROUND($F2/$G2,0),"-") -> - | P2: =IF(AND(P$1>=$H2,P$1<($H2+$G2)),ROUND($F2/$G2,0),"-") -> - | ... CP2: =IF(AND(CP$1>=$H2,CP$1<($H2+$G2)),ROUND($F2/$G2,0),"-") -> -
E3: Cable Laying | F3: =SUM('BESS 12'!S74,'BESS 12'!S76:S77,'BESS 12'!S80:S82) -> #VALUE! | G3: =MAX('BESS 12'!O74,'BESS 12'!O76:O77,'BESS 12'!O80:O82)-MIN('BESS 12'!O74,'BESS 12'!O76:O77,'BESS 12'!O80:O82)+1 -> 1 | H3: =MIN('BESS 12'!O74,'BESS 12'!O76:O77,'BESS 12'!O80:O82) -> 0 | I3: =IF(AND(I$1>=$H3,I$1<($H3+$G3)),ROUND($F3/$G3,0),"-") -> - | J3: =IF(AND(J$1>=$H3,J$1<($H3+$G3)),ROUND($F3/$G3,0),"-") -> - | K3: =IF(AND(K$1>=$H3,K$1<($H3+$G3)),ROUND($F3/$G3,0),"-") -> #VALUE! | L3: =IF(AND(L$1>=$H3,L$1<($H3+$G3)),ROUND($F3/$G3,0),"-") -> - | M3: =IF(AND(M$1>=$H3,M$1<($H3+$G3)),ROUND($F3/$G3,0),"-") -> - | N3: =IF(AND(N$1>=$H3,N$1<($H3+$G3)),ROUND($F3/$G3,0),"-") -> - | O3: =IF(AND(O$1>=$H3,O$1<($H3+$G3)),ROUND($F3/$G3,0),"-") -> - | P3: =IF(AND(P$1>=$H3,P$1<($H3+$G3)),ROUND($F3/$G3,0),"-") -> - | ... CP3: =IF(AND(CP$1>=$H3,CP$1<($H3+$G3)),ROUND($F3/$G3,0),"-") -> -
E4: Termination | F4: =SUM('BESS 12'!S75,'BESS 12'!S78:S79,'BESS 12'!S83:S84) -> #VALUE! | G4: =MAX('BESS 12'!O75,'BESS 12'!O78:O79,'BESS 12'!O83:O84)-MIN('BESS 12'!O75,'BESS 12'!O78:O79,'BESS 12'!O83:O84)+1 -> 1 | H4: =MIN('BESS 12'!O75,'BESS 12'!O78:O79,'BESS 12'!O83:O84) -> 46233 | I4: =IF(AND(I$1>=$H4,I$1<($H4+$G4)),ROUND($F4/$G4,0),"-") -> - | J4: =IF(AND(J$1>=$H4,J$1<($H4+$G4)),ROUND($F4/$G4,0),"-") -> - | K4: =IF(AND(K$1>=$H4,K$1<($H4+$G4)),ROUND($F4/$G4,0),"-") -> - | L4: =IF(AND(L$1>=$H4,L$1<($H4+$G4)),ROUND($F4/$G4,0),"-") -> - | M4: =IF(AND(M$1>=$H4,M$1<($H4+$G4)),ROUND($F4/$G4,0),"-") -> - | N4: =IF(AND(N$1>=$H4,N$1<($H4+$G4)),ROUND($F4/$G4,0),"-") -> - | O4: =IF(AND(O$1>=$H4,O$1<($H4+$G4)),ROUND($F4/$G4,0),"-") -> - | P4: =IF(AND(P$1>=$H4,P$1<($H4+$G4)),ROUND($F4/$G4,0),"-") -> - | ... CP4: =IF(AND(CP$1>=$H4,CP$1<($H4+$G4)),ROUND($F4/$G4,0),"-") -> -
E5: Testing | F5: =SUM('BESS 12'!S88:S95) -> #VALUE! | G5: =MAX('BESS 12'!O88:O95)-MIN('BESS 12'!O88:O95)+1 -> 1 | H5: =MIN('BESS 12'!O88:O95) -> 46233 | I5: =IF(AND(I$1>=$H5,I$1<($H5+$G5)),ROUND($F5/$G5,0),"-") -> - | J5: =IF(AND(J$1>=$H5,J$1<($H5+$G5)),ROUND($F5/$G5,0),"-") -> - | K5: =IF(AND(K$1>=$H5,K$1<($H5+$G5)),ROUND($F5/$G5,0),"-") -> - | L5: =IF(AND(L$1>=$H5,L$1<($H5+$G5)),ROUND($F5/$G5,0),"-") -> - | M5: =IF(AND(M$1>=$H5,M$1<($H5+$G5)),ROUND($F5/$G5,0),"-") -> - | N5: =IF(AND(N$1>=$H5,N$1<($H5+$G5)),ROUND($F5/$G5,0),"-") -> - | O5: =IF(AND(O$1>=$H5,O$1<($H5+$G5)),ROUND($F5/$G5,0),"-") -> - | P5: =IF(AND(P$1>=$H5,P$1<($H5+$G5)),ROUND($F5/$G5,0),"-") -> - | ... CP5: =IF(AND(CP$1>=$H5,CP$1<($H5+$G5)),ROUND($F5/$G5,0),"-") -> -
E6: CFT | F6: 250 | G6: 30 | H6: =B2-3 -> 46228 | T6: 5 | U6: 5 | V6: 5 | W6: 5 | X6: 5 | Y6: 5 | Z6: 5 | AA6: 5 | AB6: 5 | AC6: 5 | AD6: 5 | AE6: 5 | AF6: 5 | AG6: 5 | AH6: 5 | AI6: 5 | AJ6: 5 | AK6: 5 | AL6: 5 | AM6: 5 | AN6: 5 | AO6: 5 | AP6: 5 | AQ6: 5 | AR6: 30 | AS6: 30 | AT6: 30 | AU6: 30 | AV6: 5 | AW6: 5
H7: Total | I7: =SUM(I2:I6) -> 0 | J7: =SUM(J2:J6) -> 0 | K7: =SUM(K2:K6) -> #VALUE! | L7: =SUM(L2:L6) -> 0 | M7: =SUM(M2:M6) -> 0 | N7: =SUM(N2:N6) -> 0 | O7: =SUM(O2:O6) -> 0 | P7: =SUM(P2:P6) -> 0 | ... AW7: =SUM(AW2:AW6) -> 5 | CQ7: =AVERAGE(I7:AY7) -> #VALUE! | CR7: =MAX(I7:AY7) -> #VALUE!
A9: Block 2 | B9: ='BESS 12'!F96 -> 31 Jul 02 Aug | C9: ='BESS 12'!G96 -> 05 Aug 07 Aug | E9: Activity | F9: Mandays | G9: Days | H9: Min. Date | I9: 46195 | J9: 46196 | K9: =MIN('BESS 11'!O26:O33,'BESS 11'!O35) -> 0 | L9: =K9+1 -> 1 | M9: =L9+1 -> 2 | N9: =M9+1 -> 3 | O9: =N9+1 -> 4 | P9: =O9+1 -> 5 | Q9: =P9+1 -> 6 | R9: =Q9+1 -> 7 | S9: =R9+1 -> 8 | ... CP9: =CO9+1 -> 83
D10: ='BESS 12'!H96 -> 08 Aug 10 Aug | E10: Erection | F10: =SUM('BESS 12'!S109:S116,'BESS 12'!S118) -> #VALUE! | G10: =MAX('BESS 11'!O64:O71,'BESS 11'!O73)-MIN('BESS 11'!O64:O71,'BESS 11'!O73)+1 -> 1 | H10: =MIN('BESS 12'!O109:O116,'BESS 12'!O118) -> 46229 | I10: =IF(AND(I$1>=$H10,I$1<($H10+$G10)),ROUND($F10/$G10,0),"-") -> - | J10: =IF(AND(J$1>=$H10,J$1<($H10+$G10)),ROUND($F10/$G10,0),"-") -> - | K10: =IF(AND(K$1>=$H10,K$1<($H10+$G10)),ROUND($F10/$G10,0),"-") -> - | L10: =IF(AND(L$1>=$H10,L$1<($H10+$G10)),ROUND($F10/$G10,0),"-") -> - | M10: =IF(AND(M$1>=$H10,M$1<($H10+$G10)),ROUND($F10/$G10,0),"-") -> - | N10: =IF(AND(N$1>=$H10,N$1<($H10+$G10)),ROUND($F10/$G10,0),"-") -> - | O10: =IF(AND(O$1>=$H10,O$1<($H10+$G10)),ROUND($F10/$G10,0),"-") -> - | P10: =IF(AND(P$1>=$H10,P$1<($H10+$G10)),ROUND($F10/$G10,0),"-") -> - | ... CP10: =IF(AND(CP$1>=$H10,CP$1<($H10+$G10)),ROUND($F10/$G10,0),"-") -> -
E11: Cable Laying | F11: =SUM('BESS 12'!S119,'BESS 12'!S121:S122,'BESS 12'!S125:S127) -> #VALUE! | G11: =MAX('BESS 12'!O119,'BESS 12'!O121:O122,'BESS 12'!O125:O127)-MIN('BESS 12'!O119,'BESS 12'!O121:O122,'BESS 12'!O125:O127)+1 -> 1 | H11: =MIN('BESS 12'!O119,'BESS 12'!O121:O122,'BESS 12'!O125:O127) -> 46233 | I11: =IF(AND(I$1>=$H11,I$1<($H11+$G11)),ROUND($F11/$G11,0),"-") -> - | J11: =IF(AND(J$1>=$H11,J$1<($H11+$G11)),ROUND($F11/$G11,0),"-") -> - | K11: =IF(AND(K$1>=$H11,K$1<($H11+$G11)),ROUND($F11/$G11,0),"-") -> - | L11: =IF(AND(L$1>=$H11,L$1<($H11+$G11)),ROUND($F11/$G11,0),"-") -> - | M11: =IF(AND(M$1>=$H11,M$1<($H11+$G11)),ROUND($F11/$G11,0),"-") -> - | N11: =IF(AND(N$1>=$H11,N$1<($H11+$G11)),ROUND($F11/$G11,0),"-") -> - | O11: =IF(AND(O$1>=$H11,O$1<($H11+$G11)),ROUND($F11/$G11,0),"-") -> - | P11: =IF(AND(P$1>=$H11,P$1<($H11+$G11)),ROUND($F11/$G11,0),"-") -> - | ... CP11: =IF(AND(CP$1>=$H11,CP$1<($H11+$G11)),ROUND($F11/$G11,0),"-") -> -
E12: Termination | F12: =SUM('BESS 12'!S120,'BESS 12'!S123:S124,'BESS 12'!S128:S129) -> #VALUE! | G12: =MAX('BESS 12'!O120,'BESS 12'!O123:O124,'BESS 12'!O128:O129)-MIN('BESS 12'!O120,'BESS 12'!O123:O124,'BESS 12'!O128:O129)+1 -> 32 | H12: =MIN('BESS 12'!O120,'BESS 12'!O123:O124,'BESS 12'!O128:O129) -> 46234 | I12: =IF(AND(I$1>=$H12,I$1<($H12+$G12)),ROUND($F12/$G12,0),"-") -> - | J12: =IF(AND(J$1>=$H12,J$1<($H12+$G12)),ROUND($F12/$G12,0),"-") -> - | K12: =IF(AND(K$1>=$H12,K$1<($H12+$G12)),ROUND($F12/$G12,0),"-") -> - | L12: =IF(AND(L$1>=$H12,L$1<($H12+$G12)),ROUND($F12/$G12,0),"-") -> - | M12: =IF(AND(M$1>=$H12,M$1<($H12+$G12)),ROUND($F12/$G12,0),"-") -> - | N12: =IF(AND(N$1>=$H12,N$1<($H12+$G12)),ROUND($F12/$G12,0),"-") -> - | O12: =IF(AND(O$1>=$H12,O$1<($H12+$G12)),ROUND($F12/$G12,0),"-") -> - | P12: =IF(AND(P$1>=$H12,P$1<($H12+$G12)),ROUND($F12/$G12,0),"-") -> - | ... CP12: =IF(AND(CP$1>=$H12,CP$1<($H12+$G12)),ROUND($F12/$G12,0),"-") -> -
E13: Testing | F13: =SUM('BESS 12'!S133:S140) -> #VALUE! | G13: =MAX('BESS 11'!O87:O95)-MIN('BESS 11'!O87:O95)+1 -> 5 | H13: =MIN('BESS 12'!O133:O140) -> 46235 | I13: =IF(AND(I$1>=$H13,I$1<($H13+$G13)),ROUND($F13/$G13,0),"-") -> - | J13: =IF(AND(J$1>=$H13,J$1<($H13+$G13)),ROUND($F13/$G13,0),"-") -> - | K13: =IF(AND(K$1>=$H13,K$1<($H13+$G13)),ROUND($F13/$G13,0),"-") -> - | L13: =IF(AND(L$1>=$H13,L$1<($H13+$G13)),ROUND($F13/$G13,0),"-") -> - | M13: =IF(AND(M$1>=$H13,M$1<($H13+$G13)),ROUND($F13/$G13,0),"-") -> - | N13: =IF(AND(N$1>=$H13,N$1<($H13+$G13)),ROUND($F13/$G13,0),"-") -> - | O13: =IF(AND(O$1>=$H13,O$1<($H13+$G13)),ROUND($F13/$G13,0),"-") -> - | P13: =IF(AND(P$1>=$H13,P$1<($H13+$G13)),ROUND($F13/$G13,0),"-") -> - | ... CP13: =IF(AND(CP$1>=$H13,CP$1<($H13+$G13)),ROUND($F13/$G13,0),"-") -> -
E14: CFT | F14: 250 | G14: 30 | H14: =B9-3 -> #VALUE! | V14: 5 | W14: 5 | X14: 5 | Y14: 5 | Z14: 5 | AA14: 5 | AB14: 5 | AC14: 5 | AD14: 5 | AE14: 5 | AF14: 5 | AG14: 5 | AH14: 5 | AI14: 5 | AJ14: 5 | AK14: 5 | AL14: 5 | AM14: 5 | AN14: 5 | AO14: 5 | AP14: 5 | AQ14: 5 | AR14: 5 | AS14: 5 | AT14: 30 | AU14: 30 | AV14: 30 | AW14: 30 | AX14: 5 | AY14: 5
H15: Total | I15: =SUM(I10:I14) -> 0 | J15: =SUM(J10:J14) -> 0 | K15: =SUM(K10:K14) -> 0 | L15: =SUM(L10:L14) -> 0 | M15: =SUM(M10:M14) -> 0 | N15: =SUM(N10:N14) -> 0 | O15: =SUM(O10:O14) -> 0 | P15: =SUM(P10:P14) -> 0 | ... AY15: =SUM(AY10:AY14) -> 5 | CQ15: =AVERAGE(I15:BA15) -> 5.8139535 | CR15: =MAX(I15:BA15) -> 30
A17: Block 4 | B17: ='BESS 12'!F5 -> 24 Jul 28 Jul | C17: ='BESS 12'!G5 -> 29 Jul 02 Aug | E17: Activity | F17: Mandays | G17: Days | H17: Min. Date | I17: 46195 | J17: 46196 | K17: 46197 | L17: =K17+1 -> 46198 | M17: =L17+1 -> 46199 | N17: =M17+1 -> 46200 | O17: =N17+1 -> 46201 | P17: =O17+1 -> 46202 | Q17: =P17+1 -> 46203 | R17: =Q17+1 -> 46204 | S17: =R17+1 -> 46205 | ... CP17: =CO17+1 -> 46280
D18: ='BESS 12'!H5 -> 01 Aug 05 Aug | E18: Erection | F18: =SUM('BESS 12'!S19:S26,'BESS 12'!S28) -> #VALUE! | G18: =MAX('BESS 12'!O19:O26,'BESS 12'!O28)-MIN('BESS 12'!O19:O26,'BESS 12'!O28)+1 -> 1 | H18: =MIN('BESS 12'!O19:O26,'BESS 12'!O28) -> 0 | I18: =IF(AND(I$1>=$H18,I$1<($H18+$G18)),ROUND($F18/$G18,0),"-") -> - | J18: =IF(AND(J$1>=$H18,J$1<($H18+$G18)),ROUND($F18/$G18,0),"-") -> - | K18: =IF(AND(K$1>=$H18,K$1<($H18+$G18)),ROUND($F18/$G18,0),"-") -> #VALUE! | L18: =IF(AND(L$1>=$H18,L$1<($H18+$G18)),ROUND($F18/$G18,0),"-") -> - | M18: =IF(AND(M$1>=$H18,M$1<($H18+$G18)),ROUND($F18/$G18,0),"-") -> - | N18: =IF(AND(N$1>=$H18,N$1<($H18+$G18)),ROUND($F18/$G18,0),"-") -> - | O18: =IF(AND(O$1>=$H18,O$1<($H18+$G18)),ROUND($F18/$G18,0),"-") -> - | P18: =IF(AND(P$1>=$H18,P$1<($H18+$G18)),ROUND($F18/$G18,0),"-") -> - | ... CP18: =IF(AND(CP$1>=$H18,CP$1<($H18+$G18)),ROUND($F18/$G18,0),"-") -> -
E19: Cable Laying | F19: =SUM('BESS 12'!S29,'BESS 12'!S31,'BESS 12'!S32,'BESS 12'!S35:S37) -> #VALUE! | G19: =MAX('BESS 12'!O29,'BESS 12'!O31,'BESS 12'!O32,'BESS 12'!O35:O37)-MIN('BESS 12'!O29,'BESS 12'!O31,'BESS 12'!O32,'BESS 12'!O35:O37)+1 -> 1 | H19: =MIN('BESS 12'!O29,'BESS 12'!O31,'BESS 12'!O32,'BESS 12'!O35:O37) -> 0 | I19: =IF(AND(I$1>=$H19,I$1<($H19+$G19)),ROUND($F19/$G19,0),"-") -> - | J19: =IF(AND(J$1>=$H19,J$1<($H19+$G19)),ROUND($F19/$G19,0),"-") -> - | K19: =IF(AND(K$1>=$H19,K$1<($H19+$G19)),ROUND($F19/$G19,0),"-") -> #VALUE! | L19: =IF(AND(L$1>=$H19,L$1<($H19+$G19)),ROUND($F19/$G19,0),"-") -> - | M19: =IF(AND(M$1>=$H19,M$1<($H19+$G19)),ROUND($F19/$G19,0),"-") -> - | N19: =IF(AND(N$1>=$H19,N$1<($H19+$G19)),ROUND($F19/$G19,0),"-") -> - | O19: =IF(AND(O$1>=$H19,O$1<($H19+$G19)),ROUND($F19/$G19,0),"-") -> - | P19: =IF(AND(P$1>=$H19,P$1<($H19+$G19)),ROUND($F19/$G19,0),"-") -> - | ... CP19: =IF(AND(CP$1>=$H19,CP$1<($H19+$G19)),ROUND($F19/$G19,0),"-") -> -
E20: Termination | F20: =SUM('BESS 12'!S30,'BESS 12'!S33:S34,'BESS 12'!S38:S39) -> #VALUE! | G20: =MAX('BESS 12'!O30,'BESS 12'!O32,'BESS 12'!O33,'BESS 12'!O36:O38)-MIN('BESS 12'!O30,'BESS 12'!O32,'BESS 12'!O33,'BESS 12'!O36:O38)+1 -> 1 | H20: =MIN('BESS 12'!O30,'BESS 12'!O33:O34,'BESS 12'!O38:O39) -> 0 | I20: =IF(AND(I$1>=$H20,I$1<($H20+$G20)),ROUND($F20/$G20,0),"-") -> - | J20: =IF(AND(J$1>=$H20,J$1<($H20+$G20)),ROUND($F20/$G20,0),"-") -> - | K20: =IF(AND(K$1>=$H20,K$1<($H20+$G20)),ROUND($F20/$G20,0),"-") -> #VALUE! | L20: =IF(AND(L$1>=$H20,L$1<($H20+$G20)),ROUND($F20/$G20,0),"-") -> - | M20: =IF(AND(M$1>=$H20,M$1<($H20+$G20)),ROUND($F20/$G20,0),"-") -> - | N20: =IF(AND(N$1>=$H20,N$1<($H20+$G20)),ROUND($F20/$G20,0),"-") -> - | O20: =IF(AND(O$1>=$H20,O$1<($H20+$G20)),ROUND($F20/$G20,0),"-") -> - | P20: =IF(AND(P$1>=$H20,P$1<($H20+$G20)),ROUND($F20/$G20,0),"-") -> - | ... CP20: =IF(AND(CP$1>=$H20,CP$1<($H20+$G20)),ROUND($F20/$G20,0),"-") -> -
E21: Testing | F21: =SUM('BESS 12'!S43:S50) -> #VALUE! | G21: =MAX('BESS 12'!O43:O50)-MIN('BESS 12'!O43:O50)+1 -> 1 | H21: =MIN('BESS 12'!O43:O50) -> 0 | I21: =IF(AND(I$1>=$H21,I$1<($H21+$G21)),ROUND($F21/$G21,0),"-") -> - | J21: =IF(AND(J$1>=$H21,J$1<($H21+$G21)),ROUND($F21/$G21,0),"-") -> - | K21: =IF(AND(K$1>=$H21,K$1<($H21+$G21)),ROUND($F21/$G21,0),"-") -> #VALUE! | L21: =IF(AND(L$1>=$H21,L$1<($H21+$G21)),ROUND($F21/$G21,0),"-") -> - | M21: =IF(AND(M$1>=$H21,M$1<($H21+$G21)),ROUND($F21/$G21,0),"-") -> - | N21: =IF(AND(N$1>=$H21,N$1<($H21+$G21)),ROUND($F21/$G21,0),"-") -> - | O21: =IF(AND(O$1>=$H21,O$1<($H21+$G21)),ROUND($F21/$G21,0),"-") -> - | P21: =IF(AND(P$1>=$H21,P$1<($H21+$G21)),ROUND($F21/$G21,0),"-") -> - | ... CP21: =IF(AND(CP$1>=$H21,CP$1<($H21+$G21)),ROUND($F21/$G21,0),"-") -> -
E22: CFT | F22: 250 | G22: 30 | H22: =B17-3 -> #VALUE! | Y22: 5 | Z22: 5 | AA22: 5 | AB22: 5 | AC22: 5 | AD22: 5 | AE22: 5 | AF22: 5 | AG22: 5 | AH22: 5 | AI22: 5 | AJ22: 5 | AK22: 5 | AL22: 5 | AM22: 5 | AN22: 5 | AO22: 5 | AP22: 5 | AQ22: 5 | AR22: 5 | AS22: 5 | AT22: 5 | AU22: 5 | AV22: 5 | AW22: 30 | AX22: 30 | AY22: 30 | AZ22: 30 | BA22: 5 | BB22: 5
H23: Total | I23: =SUM(I18:I22) -> 0 | J23: =SUM(J18:J22) -> 0 | K23: =SUM(K18:K22) -> #VALUE! | L23: =SUM(L18:L22) -> 0 | M23: =SUM(M18:M22) -> 0 | N23: =SUM(N18:N22) -> 0 | O23: =SUM(O18:O22) -> 0 | P23: =SUM(P18:P22) -> 0 | ... BO23: =SUM(BO18:BO22) -> 0 | CQ23: =AVERAGE(I23:BD23) -> #VALUE! | CR23: =MAX(I23:BD23) -> #VALUE!
A25: Block 3 | B25: ='BESS 12'!F141 -> 46240 | C25: ='BESS 12'!G141 -> 46245 | E25: Activity | F25: Mandays | G25: Days | H25: Min. Date | I25: 46195 | J25: 46196 | K25: 46197 | L25: =K25+1 -> 46198 | M25: =L25+1 -> 46199 | N25: =M25+1 -> 46200 | O25: =N25+1 -> 46201 | P25: =O25+1 -> 46202 | Q25: =P25+1 -> 46203 | R25: =Q25+1 -> 46204 | S25: =R25+1 -> 46205 | ... CP25: =CO25+1 -> 46280
D26: ='BESS 12'!H141 -> 46248 | E26: Erection | F26: =SUM('BESS 12'!S154:S161,'BESS 12'!S163) -> #VALUE! | G26: =MAX('BESS 11'!O155:O162,'BESS 11'!O164)-MIN('BESS 11'!O155:O162,'BESS 11'!O164)+1 -> 10 | H26: =MIN('BESS 12'!O154:O161,'BESS 12'!O163) -> 46229 | I26: =IF(AND(I$1>=$H26,I$1<($H26+$G26)),ROUND($F26/$G26,0),"-") -> - | J26: =IF(AND(J$1>=$H26,J$1<($H26+$G26)),ROUND($F26/$G26,0),"-") -> - | K26: =IF(AND(K$1>=$H26,K$1<($H26+$G26)),ROUND($F26/$G26,0),"-") -> - | L26: =IF(AND(L$1>=$H26,L$1<($H26+$G26)),ROUND($F26/$G26,0),"-") -> - | M26: =IF(AND(M$1>=$H26,M$1<($H26+$G26)),ROUND($F26/$G26,0),"-") -> - | N26: =IF(AND(N$1>=$H26,N$1<($H26+$G26)),ROUND($F26/$G26,0),"-") -> - | O26: =IF(AND(O$1>=$H26,O$1<($H26+$G26)),ROUND($F26/$G26,0),"-") -> - | P26: =IF(AND(P$1>=$H26,P$1<($H26+$G26)),ROUND($F26/$G26,0),"-") -> - | ... CP26: =IF(AND(CP$1>=$H26,CP$1<($H26+$G26)),ROUND($F26/$G26,0),"-") -> -
E27: Cable Laying | F27: =SUM('BESS 12'!S164,'BESS 12'!S166:S167,'BESS 12'!S170:S172) -> #VALUE! | G27: =MAX('BESS 11'!O165,'BESS 11'!O167:O168,'BESS 11'!O171:O173)-MIN('BESS 11'!O165,'BESS 11'!O167:O168,'BESS 11'!O171:O173)+1 -> 1 | H27: =MIN('BESS 12'!O164,'BESS 12'!O166:O167,'BESS 12'!O170:O172) -> 46232 | I27: =IF(AND(I$1>=$H27,I$1<($H27+$G27)),ROUND($F27/$G27,0),"-") -> - | J27: =IF(AND(J$1>=$H27,J$1<($H27+$G27)),ROUND($F27/$G27,0),"-") -> - | K27: =IF(AND(K$1>=$H27,K$1<($H27+$G27)),ROUND($F27/$G27,0),"-") -> - | L27: =IF(AND(L$1>=$H27,L$1<($H27+$G27)),ROUND($F27/$G27,0),"-") -> - | M27: =IF(AND(M$1>=$H27,M$1<($H27+$G27)),ROUND($F27/$G27,0),"-") -> - | N27: =IF(AND(N$1>=$H27,N$1<($H27+$G27)),ROUND($F27/$G27,0),"-") -> - | O27: =IF(AND(O$1>=$H27,O$1<($H27+$G27)),ROUND($F27/$G27,0),"-") -> - | P27: =IF(AND(P$1>=$H27,P$1<($H27+$G27)),ROUND($F27/$G27,0),"-") -> - | ... CP27: =IF(AND(CP$1>=$H27,CP$1<($H27+$G27)),ROUND($F27/$G27,0),"-") -> -
E28: Termination | F28: =SUM('BESS 12'!S165,'BESS 12'!S168:S169,'BESS 12'!S173:S174) -> #VALUE! | G28: =MAX('BESS 11'!O166,'BESS 11'!O169:O170,'BESS 11'!O174:O175)-MIN('BESS 11'!O166,'BESS 11'!O169:O170,'BESS 11'!O174:O175)+1 -> 1 | H28: =MIN('BESS 12'!O165,'BESS 12'!O168:O169,'BESS 12'!O173:O174) -> 46232 | I28: =IF(AND(I$1>=$H28,I$1<($H28+$G28)),ROUND($F28/$G28,0),"-") -> - | J28: =IF(AND(J$1>=$H28,J$1<($H28+$G28)),ROUND($F28/$G28,0),"-") -> - | K28: =IF(AND(K$1>=$H28,K$1<($H28+$G28)),ROUND($F28/$G28,0),"-") -> - | L28: =IF(AND(L$1>=$H28,L$1<($H28+$G28)),ROUND($F28/$G28,0),"-") -> - | M28: =IF(AND(M$1>=$H28,M$1<($H28+$G28)),ROUND($F28/$G28,0),"-") -> - | N28: =IF(AND(N$1>=$H28,N$1<($H28+$G28)),ROUND($F28/$G28,0),"-") -> - | O28: =IF(AND(O$1>=$H28,O$1<($H28+$G28)),ROUND($F28/$G28,0),"-") -> - | P28: =IF(AND(P$1>=$H28,P$1<($H28+$G28)),ROUND($F28/$G28,0),"-") -> - | ... CP28: =IF(AND(CP$1>=$H28,CP$1<($H28+$G28)),ROUND($F28/$G28,0),"-") -> -
E29: Testing | F29: =SUM('BESS 12'!S176:S185) -> #VALUE! | G29: =MAX('BESS 11'!O178:O186)-MIN('BESS 11'!O178:O186)+1 -> 11 | H29: =MIN('BESS 12'!O176:O185) -> 46230 | I29: =IF(AND(I$1>=$H29,I$1<($H29+$G29)),ROUND($F29/$G29,0),"-") -> - | J29: =IF(AND(J$1>=$H29,J$1<($H29+$G29)),ROUND($F29/$G29,0),"-") -> - | K29: =IF(AND(K$1>=$H29,K$1<($H29+$G29)),ROUND($F29/$G29,0),"-") -> - | L29: =IF(AND(L$1>=$H29,L$1<($H29+$G29)),ROUND($F29/$G29,0),"-") -> - | M29: =IF(AND(M$1>=$H29,M$1<($H29+$G29)),ROUND($F29/$G29,0),"-") -> - | N29: =IF(AND(N$1>=$H29,N$1<($H29+$G29)),ROUND($F29/$G29,0),"-") -> - | O29: =IF(AND(O$1>=$H29,O$1<($H29+$G29)),ROUND($F29/$G29,0),"-") -> - | P29: =IF(AND(P$1>=$H29,P$1<($H29+$G29)),ROUND($F29/$G29,0),"-") -> - | ... CP29: =IF(AND(CP$1>=$H29,CP$1<($H29+$G29)),ROUND($F29/$G29,0),"-") -> -
E30: CFT | F30: 250 | G30: 30 | H30: =B25-3 -> 46237 | AJ30: 5 | AK30: 5 | AL30: 5 | AM30: 5 | AN30: 5 | AO30: 5 | AP30: 5 | AQ30: 5 | AR30: 5 | AS30: 5 | AT30: 5 | AU30: 5 | AV30: 5 | AW30: 5 | AX30: 5 | AY30: 5 | AZ30: 5 | BA30: 5 | BB30: 5 | BC30: 5 | BD30: 5 | BE30: 5 | BF30: 5 | BG30: 5 | BH30: 30 | BI30: 30 | BJ30: 30 | BK30: 30 | BL30: 5 | BM30: 5
H31: Total | I31: =SUM(I26:I30) -> 0 | J31: =SUM(J26:J30) -> 0 | K31: =SUM(K26:K30) -> 0 | L31: =SUM(L26:L30) -> 0 | M31: =SUM(M26:M30) -> 0 | N31: =SUM(N26:N30) -> 0 | O31: =SUM(O26:O30) -> 0 | P31: =SUM(P26:P30) -> 0 | ... BQ31: =SUM(BQ26:BQ30) -> 0 | CQ31: =AVERAGE(P31:BQ31) -> 4.6296296 | CR31: =MAX(I31:BD31) -> 5
A33: Block 5 | B33: ='BESS 12'!F186 -> 46241 | C33: ='BESS 12'!G186 -> 46246 | E33: Activity | F33: Mandays | G33: Days | H33: Min. Date | I33: 46195 | J33: 46196 | K33: 46197 | L33: =K33+1 -> 46198 | M33: =L33+1 -> 46199 | N33: =M33+1 -> 46200 | O33: =N33+1 -> 46201 | P33: =O33+1 -> 46202 | Q33: =P33+1 -> 46203 | R33: =Q33+1 -> 46204 | S33: =R33+1 -> 46205 | ... CP33: =CO33+1 -> 46280 | CS33: =CR33+1 -> 1 | CT33: =CS33+1 -> 2 | CU33: =CT33+1 -> 3 | CV33: =CU33+1 -> 4 | CW33: =CV33+1 -> 5 | CX33: =CW33+1 -> 6 | CY33: =CX33+1 -> 7 | CZ33: =CY33+1 -> 8 | ... DO33: =DN33+1 -> 23
D34: ='BESS 12'!H186 -> 46249 | E34: Erection | F34: =SUM('BESS 12'!S199:S206,'BESS 12'!S208) -> #VALUE! | G34: =MAX('BESS 12'!O199:O206,'BESS 12'!O208)-MIN('BESS 12'!O199:O206,'BESS 12'!O208)+1 -> 6 | H34: =MIN('BESS 12'!O199:O206,'BESS 12'!O208) -> 46228 | I34: =IF(AND(I$1>=$H34,I$1<($H34+$G34)),ROUND($F34/$G34,0),"-") -> - | J34: =IF(AND(J$1>=$H34,J$1<($H34+$G34)),ROUND($F34/$G34,0),"-") -> - | K34: =IF(AND(K$1>=$H34,K$1<($H34+$G34)),ROUND($F34/$G34,0),"-") -> - | L34: =IF(AND(L$1>=$H34,L$1<($H34+$G34)),ROUND($F34/$G34,0),"-") -> - | M34: =IF(AND(M$1>=$H34,M$1<($H34+$G34)),ROUND($F34/$G34,0),"-") -> - | N34: =IF(AND(N$1>=$H34,N$1<($H34+$G34)),ROUND($F34/$G34,0),"-") -> - | O34: =IF(AND(O$1>=$H34,O$1<($H34+$G34)),ROUND($F34/$G34,0),"-") -> - | P34: =IF(AND(P$1>=$H34,P$1<($H34+$G34)),ROUND($F34/$G34,0),"-") -> - | ... CP34: =IF(AND(CP$1>=$H34,CP$1<($H34+$G34)),ROUND($F34/$G34,0),"-") -> - | CS34: =IF(AND(CS$1>=$H34,CS$1<($H34+$G34)),ROUND($F34/$G34,0),"-") -> #VALUE! | CT34: =IF(AND(CT$1>=$H34,CT$1<($H34+$G34)),ROUND($F34/$G34,0),"-") -> - | CU34: =IF(AND(CU$1>=$H34,CU$1<($H34+$G34)),ROUND($F34/$G34,0),"-") -> - | CV34: =IF(AND(CV$1>=$H34,CV$1<($H34+$G34)),ROUND($F34/$G34,0),"-") -> - | CW34: =IF(AND(CW$1>=$H34,CW$1<($H34+$G34)),ROUND($F34/$G34,0),"-") -> - | CX34: =IF(AND(CX$1>=$H34,CX$1<($H34+$G34)),ROUND($F34/$G34,0),"-") -> - | CY34: =IF(AND(CY$1>=$H34,CY$1<($H34+$G34)),ROUND($F34/$G34,0),"-") -> - | CZ34: =IF(AND(CZ$1>=$H34,CZ$1<($H34+$G34)),ROUND($F34/$G34,0),"-") -> - | ... DO34: =IF(AND(DO$1>=$H34,DO$1<($H34+$G34)),ROUND($F34/$G34,0),"-") -> -
E35: Cable Laying | F35: =SUM('BESS 12'!S209,'BESS 12'!S211:S212,'BESS 12'!S215:S217) -> #VALUE! | G35: =MAX('BESS 12'!O209,'BESS 12'!O211:O212,'BESS 12'!O215:O217)-MIN('BESS 12'!O209,'BESS 12'!O211:O212,'BESS 12'!O215:O217)+1 -> 1 | H35: =MIN('BESS 12'!O209,'BESS 12'!O211:O212,'BESS 12'!O215:O217) -> 46233 | I35: =IF(AND(I$1>=$H35,I$1<($H35+$G35)),ROUND($F35/$G35,0),"-") -> - | J35: =IF(AND(J$1>=$H35,J$1<($H35+$G35)),ROUND($F35/$G35,0),"-") -> - | K35: =IF(AND(K$1>=$H35,K$1<($H35+$G35)),ROUND($F35/$G35,0),"-") -> - | L35: =IF(AND(L$1>=$H35,L$1<($H35+$G35)),ROUND($F35/$G35,0),"-") -> - | M35: =IF(AND(M$1>=$H35,M$1<($H35+$G35)),ROUND($F35/$G35,0),"-") -> - | N35: =IF(AND(N$1>=$H35,N$1<($H35+$G35)),ROUND($F35/$G35,0),"-") -> - | O35: =IF(AND(O$1>=$H35,O$1<($H35+$G35)),ROUND($F35/$G35,0),"-") -> - | P35: =IF(AND(P$1>=$H35,P$1<($H35+$G35)),ROUND($F35/$G35,0),"-") -> - | ... CP35: =IF(AND(CP$1>=$H35,CP$1<($H35+$G35)),ROUND($F35/$G35,0),"-") -> - | CS35: =IF(AND(CS$1>=$H35,CS$1<($H35+$G35)),ROUND($F35/$G35,0),"-") -> #VALUE! | CT35: =IF(AND(CT$1>=$H35,CT$1<($H35+$G35)),ROUND($F35/$G35,0),"-") -> - | CU35: =IF(AND(CU$1>=$H35,CU$1<($H35+$G35)),ROUND($F35/$G35,0),"-") -> - | CV35: =IF(AND(CV$1>=$H35,CV$1<($H35+$G35)),ROUND($F35/$G35,0),"-") -> - | CW35: =IF(AND(CW$1>=$H35,CW$1<($H35+$G35)),ROUND($F35/$G35,0),"-") -> - | CX35: =IF(AND(CX$1>=$H35,CX$1<($H35+$G35)),ROUND($F35/$G35,0),"-") -> - | CY35: =IF(AND(CY$1>=$H35,CY$1<($H35+$G35)),ROUND($F35/$G35,0),"-") -> - | CZ35: =IF(AND(CZ$1>=$H35,CZ$1<($H35+$G35)),ROUND($F35/$G35,0),"-") -> - | ... DO35: =IF(AND(DO$1>=$H35,DO$1<($H35+$G35)),ROUND($F35/$G35,0),"-") -> -
E36: Termination | F36: =SUM('BESS 12'!S210,'BESS 12'!S213:S214,'BESS 12'!S218:S219) -> #VALUE! | G36: =MAX('BESS 12'!O210,'BESS 12'!O213:O214,'BESS 12'!O218:O219)-MIN('BESS 12'!O210,'BESS 12'!O213:O214,'BESS 12'!O218:O219)+1 -> 4 | H36: =MIN('BESS 12'!O210,'BESS 12'!O213:O214,'BESS 12'!O218:O219) -> 46233 | I36: =IF(AND(I$1>=$H36,I$1<($H36+$G36)),ROUND($F36/$G36,0),"-") -> - | J36: =IF(AND(J$1>=$H36,J$1<($H36+$G36)),ROUND($F36/$G36,0),"-") -> - | K36: =IF(AND(K$1>=$H36,K$1<($H36+$G36)),ROUND($F36/$G36,0),"-") -> - | L36: =IF(AND(L$1>=$H36,L$1<($H36+$G36)),ROUND($F36/$G36,0),"-") -> - | M36: =IF(AND(M$1>=$H36,M$1<($H36+$G36)),ROUND($F36/$G36,0),"-") -> - | N36: =IF(AND(N$1>=$H36,N$1<($H36+$G36)),ROUND($F36/$G36,0),"-") -> - | O36: =IF(AND(O$1>=$H36,O$1<($H36+$G36)),ROUND($F36/$G36,0),"-") -> - | P36: =IF(AND(P$1>=$H36,P$1<($H36+$G36)),ROUND($F36/$G36,0),"-") -> - | ... CP36: =IF(AND(CP$1>=$H36,CP$1<($H36+$G36)),ROUND($F36/$G36,0),"-") -> - | CS36: =IF(AND(CS$1>=$H36,CS$1<($H36+$G36)),ROUND($F36/$G36,0),"-") -> #VALUE! | CT36: =IF(AND(CT$1>=$H36,CT$1<($H36+$G36)),ROUND($F36/$G36,0),"-") -> - | CU36: =IF(AND(CU$1>=$H36,CU$1<($H36+$G36)),ROUND($F36/$G36,0),"-") -> - | CV36: =IF(AND(CV$1>=$H36,CV$1<($H36+$G36)),ROUND($F36/$G36,0),"-") -> - | CW36: =IF(AND(CW$1>=$H36,CW$1<($H36+$G36)),ROUND($F36/$G36,0),"-") -> - | CX36: =IF(AND(CX$1>=$H36,CX$1<($H36+$G36)),ROUND($F36/$G36,0),"-") -> - | CY36: =IF(AND(CY$1>=$H36,CY$1<($H36+$G36)),ROUND($F36/$G36,0),"-") -> - | CZ36: =IF(AND(CZ$1>=$H36,CZ$1<($H36+$G36)),ROUND($F36/$G36,0),"-") -> - | ... DO36: =IF(AND(DO$1>=$H36,DO$1<($H36+$G36)),ROUND($F36/$G36,0),"-") -> -
E37: Testing | F37: =SUM('BESS 12'!S221:S230) -> #VALUE! | G37: =MAX('BESS 12'!O221:O230)-MIN('BESS 12'!O221:O230)+1 -> 8 | H37: =MIN('BESS 12'!O221:O230) -> 46231 | I37: =IF(AND(I$1>=$H37,I$1<($H37+$G37)),ROUND($F37/$G37,0),"-") -> - | J37: =IF(AND(J$1>=$H37,J$1<($H37+$G37)),ROUND($F37/$G37,0),"-") -> - | K37: =IF(AND(K$1>=$H37,K$1<($H37+$G37)),ROUND($F37/$G37,0),"-") -> - | L37: =IF(AND(L$1>=$H37,L$1<($H37+$G37)),ROUND($F37/$G37,0),"-") -> - | M37: =IF(AND(M$1>=$H37,M$1<($H37+$G37)),ROUND($F37/$G37,0),"-") -> - | N37: =IF(AND(N$1>=$H37,N$1<($H37+$G37)),ROUND($F37/$G37,0),"-") -> - | O37: =IF(AND(O$1>=$H37,O$1<($H37+$G37)),ROUND($F37/$G37,0),"-") -> - | P37: =IF(AND(P$1>=$H37,P$1<($H37+$G37)),ROUND($F37/$G37,0),"-") -> - | ... CP37: =IF(AND(CP$1>=$H37,CP$1<($H37+$G37)),ROUND($F37/$G37,0),"-") -> - | CS37: =IF(AND(CS$1>=$H37,CS$1<($H37+$G37)),ROUND($F37/$G37,0),"-") -> #VALUE! | CT37: =IF(AND(CT$1>=$H37,CT$1<($H37+$G37)),ROUND($F37/$G37,0),"-") -> - | CU37: =IF(AND(CU$1>=$H37,CU$1<($H37+$G37)),ROUND($F37/$G37,0),"-") -> - | CV37: =IF(AND(CV$1>=$H37,CV$1<($H37+$G37)),ROUND($F37/$G37,0),"-") -> - | CW37: =IF(AND(CW$1>=$H37,CW$1<($H37+$G37)),ROUND($F37/$G37,0),"-") -> - | CX37: =IF(AND(CX$1>=$H37,CX$1<($H37+$G37)),ROUND($F37/$G37,0),"-") -> - | CY37: =IF(AND(CY$1>=$H37,CY$1<($H37+$G37)),ROUND($F37/$G37,0),"-") -> - | CZ37: =IF(AND(CZ$1>=$H37,CZ$1<($H37+$G37)),ROUND($F37/$G37,0),"-") -> - | ... DO37: =IF(AND(DO$1>=$H37,DO$1<($H37+$G37)),ROUND($F37/$G37,0),"-") -> -
E38: CFT | F38: 250 | G38: 30 | H38: =B33-3 -> 46238 | AM38: 5 | AN38: 5 | AO38: 5 | AP38: 5 | AQ38: 5 | AR38: 5 | AS38: 5 | AT38: 5 | AU38: 5 | AV38: 5 | AW38: 5 | AX38: 5 | AY38: 5 | AZ38: 5 | BA38: 5 | BB38: 5 | BC38: 5 | BD38: 5 | BE38: 5 | BF38: 5 | BG38: 5 | BH38: 5 | BI38: 5 | BJ38: 5 | BK38: 30 | BL38: 30 | BM38: 30 | BN38: 30 | BO38: 5 | BP38: 5
H39: Total | I39: =SUM(I34:I38) -> 0 | J39: =SUM(J34:J38) -> 0 | K39: =SUM(K34:K38) -> 0 | L39: =SUM(L34:L38) -> 0 | M39: =SUM(M34:M38) -> 0 | N39: =SUM(N34:N38) -> 0 | O39: =SUM(O34:O38) -> 0 | P39: =SUM(P34:P38) -> 0 | ... CP39: =SUM(CP34:CP38) -> 0 | CS39: =SUM(CS34:CS38) -> #VALUE! | CT39: =SUM(CT34:CT38) -> 0 | CU39: =SUM(CU34:CU38) -> 0 | CV39: =SUM(CV34:CV38) -> 0 | CW39: =SUM(CW34:CW38) -> 0 | CX39: =SUM(CX34:CX38) -> 0 | CY39: =SUM(CY34:CY38) -> 0 | CZ39: =SUM(CZ34:CZ38) -> 0 | ... DO39: =SUM(DO34:DO38) -> 0
A41: Block 6 | B41: ='BESS 12'!F231 -> 46258 | C41: ='BESS 12'!G231 -> 46262 | E41: Activity | F41: Mandays | G41: Days | H41: Min. Date | I41: 46195 | J41: 46196 | K41: 46197 | L41: =K41+1 -> 46198 | M41: =L41+1 -> 46199 | N41: =M41+1 -> 46200 | O41: =N41+1 -> 46201 | P41: =O41+1 -> 46202 | Q41: =P41+1 -> 46203 | R41: =Q41+1 -> 46204 | S41: =R41+1 -> 46205 | ... CP41: =CO41+1 -> 46280 | CS41: =CR41+1 -> 1 | CT41: =CS41+1 -> 2 | CU41: =CT41+1 -> 3 | CV41: =CU41+1 -> 4 | CW41: =CV41+1 -> 5 | CX41: =CW41+1 -> 6 | CY41: =CX41+1 -> 7 | CZ41: =CY41+1 -> 8 | ... DO41: =DN41+1 -> 23
D42: ='BESS 12'!H231 -> 46265 | E42: Erection | F42: =SUM('BESS 12'!S244:S251,'BESS 12'!S253) -> #VALUE! | G42: =MAX('BESS 12'!O244:O251,'BESS 12'!O253)-MIN('BESS 12'!O244:O251,'BESS 12'!O253)+1 -> 7 | H42: =MIN('BESS 12'!O244:O251,'BESS 12'!O253) -> 46236 | I42: =IF(AND(I$1>=$H42,I$1<($H42+$G42)),ROUND($F42/$G42,0),"-") -> - | J42: =IF(AND(J$1>=$H42,J$1<($H42+$G42)),ROUND($F42/$G42,0),"-") -> - | K42: =IF(AND(K$1>=$H42,K$1<($H42+$G42)),ROUND($F42/$G42,0),"-") -> - | L42: =IF(AND(L$1>=$H42,L$1<($H42+$G42)),ROUND($F42/$G42,0),"-") -> - | M42: =IF(AND(M$1>=$H42,M$1<($H42+$G42)),ROUND($F42/$G42,0),"-") -> - | N42: =IF(AND(N$1>=$H42,N$1<($H42+$G42)),ROUND($F42/$G42,0),"-") -> - | O42: =IF(AND(O$1>=$H42,O$1<($H42+$G42)),ROUND($F42/$G42,0),"-") -> - | P42: =IF(AND(P$1>=$H42,P$1<($H42+$G42)),ROUND($F42/$G42,0),"-") -> - | ... CP42: =IF(AND(CP$1>=$H42,CP$1<($H42+$G42)),ROUND($F42/$G42,0),"-") -> - | CS42: =IF(AND(CS$1>=$H42,CS$1<($H42+$G42)),ROUND($F42/$G42,0),"-") -> #VALUE! | CT42: =IF(AND(CT$1>=$H42,CT$1<($H42+$G42)),ROUND($F42/$G42,0),"-") -> - | CU42: =IF(AND(CU$1>=$H42,CU$1<($H42+$G42)),ROUND($F42/$G42,0),"-") -> - | CV42: =IF(AND(CV$1>=$H42,CV$1<($H42+$G42)),ROUND($F42/$G42,0),"-") -> - | CW42: =IF(AND(CW$1>=$H42,CW$1<($H42+$G42)),ROUND($F42/$G42,0),"-") -> - | CX42: =IF(AND(CX$1>=$H42,CX$1<($H42+$G42)),ROUND($F42/$G42,0),"-") -> - | CY42: =IF(AND(CY$1>=$H42,CY$1<($H42+$G42)),ROUND($F42/$G42,0),"-") -> - | CZ42: =IF(AND(CZ$1>=$H42,CZ$1<($H42+$G42)),ROUND($F42/$G42,0),"-") -> - | ... DO42: =IF(AND(DO$1>=$H42,DO$1<($H42+$G42)),ROUND($F42/$G42,0),"-") -> -
E43: Cable Laying | F43: =SUM('BESS 12'!S254,'BESS 12'!S256:S257,'BESS 12'!S260:S262) -> #VALUE! | G43: =MAX('BESS 12'!O254,'BESS 12'!O256:O257,'BESS 12'!O260:O262)-MIN('BESS 12'!O254,'BESS 12'!O256:O257,'BESS 12'!O260:O262)+1 -> 4 | H43: =MIN('BESS 12'!O254,'BESS 12'!O256:O257,'BESS 12'!O260:O262) -> 46243 | I43: =IF(AND(I$1>=$H43,I$1<($H43+$G43)),ROUND($F43/$G43,0),"-") -> - | J43: =IF(AND(J$1>=$H43,J$1<($H43+$G43)),ROUND($F43/$G43,0),"-") -> - | K43: =IF(AND(K$1>=$H43,K$1<($H43+$G43)),ROUND($F43/$G43,0),"-") -> - | L43: =IF(AND(L$1>=$H43,L$1<($H43+$G43)),ROUND($F43/$G43,0),"-") -> - | M43: =IF(AND(M$1>=$H43,M$1<($H43+$G43)),ROUND($F43/$G43,0),"-") -> - | N43: =IF(AND(N$1>=$H43,N$1<($H43+$G43)),ROUND($F43/$G43,0),"-") -> - | O43: =IF(AND(O$1>=$H43,O$1<($H43+$G43)),ROUND($F43/$G43,0),"-") -> - | P43: =IF(AND(P$1>=$H43,P$1<($H43+$G43)),ROUND($F43/$G43,0),"-") -> - | ... CP43: =IF(AND(CP$1>=$H43,CP$1<($H43+$G43)),ROUND($F43/$G43,0),"-") -> - | CS43: =IF(AND(CS$1>=$H43,CS$1<($H43+$G43)),ROUND($F43/$G43,0),"-") -> #VALUE! | CT43: =IF(AND(CT$1>=$H43,CT$1<($H43+$G43)),ROUND($F43/$G43,0),"-") -> - | CU43: =IF(AND(CU$1>=$H43,CU$1<($H43+$G43)),ROUND($F43/$G43,0),"-") -> - | CV43: =IF(AND(CV$1>=$H43,CV$1<($H43+$G43)),ROUND($F43/$G43,0),"-") -> - | CW43: =IF(AND(CW$1>=$H43,CW$1<($H43+$G43)),ROUND($F43/$G43,0),"-") -> - | CX43: =IF(AND(CX$1>=$H43,CX$1<($H43+$G43)),ROUND($F43/$G43,0),"-") -> - | CY43: =IF(AND(CY$1>=$H43,CY$1<($H43+$G43)),ROUND($F43/$G43,0),"-") -> - | CZ43: =IF(AND(CZ$1>=$H43,CZ$1<($H43+$G43)),ROUND($F43/$G43,0),"-") -> - | ... DO43: =IF(AND(DO$1>=$H43,DO$1<($H43+$G43)),ROUND($F43/$G43,0),"-") -> -
E44: Termination | F44: =SUM('BESS 12'!S255,'BESS 12'!S258:S259,'BESS 12'!S263:S264) -> #VALUE! | G44: =MAX('BESS 12'!O255,'BESS 12'!O258:O259,'BESS 12'!O263:O264)-MIN('BESS 12'!O255,'BESS 12'!O258:O259,'BESS 12'!O263:O264)+1 -> 5 | H44: =MIN('BESS 12'!O255,'BESS 12'!O258:O259,'BESS 12'!O263:O264) -> 46246 | I44: =IF(AND(I$1>=$H44,I$1<($H44+$G44)),ROUND($F44/$G44,0),"-") -> - | J44: =IF(AND(J$1>=$H44,J$1<($H44+$G44)),ROUND($F44/$G44,0),"-") -> - | K44: =IF(AND(K$1>=$H44,K$1<($H44+$G44)),ROUND($F44/$G44,0),"-") -> - | L44: =IF(AND(L$1>=$H44,L$1<($H44+$G44)),ROUND($F44/$G44,0),"-") -> - | M44: =IF(AND(M$1>=$H44,M$1<($H44+$G44)),ROUND($F44/$G44,0),"-") -> - | N44: =IF(AND(N$1>=$H44,N$1<($H44+$G44)),ROUND($F44/$G44,0),"-") -> - | O44: =IF(AND(O$1>=$H44,O$1<($H44+$G44)),ROUND($F44/$G44,0),"-") -> - | P44: =IF(AND(P$1>=$H44,P$1<($H44+$G44)),ROUND($F44/$G44,0),"-") -> - | ... CP44: =IF(AND(CP$1>=$H44,CP$1<($H44+$G44)),ROUND($F44/$G44,0),"-") -> - | CS44: =IF(AND(CS$1>=$H44,CS$1<($H44+$G44)),ROUND($F44/$G44,0),"-") -> #VALUE! | CT44: =IF(AND(CT$1>=$H44,CT$1<($H44+$G44)),ROUND($F44/$G44,0),"-") -> - | CU44: =IF(AND(CU$1>=$H44,CU$1<($H44+$G44)),ROUND($F44/$G44,0),"-") -> - | CV44: =IF(AND(CV$1>=$H44,CV$1<($H44+$G44)),ROUND($F44/$G44,0),"-") -> - | CW44: =IF(AND(CW$1>=$H44,CW$1<($H44+$G44)),ROUND($F44/$G44,0),"-") -> - | CX44: =IF(AND(CX$1>=$H44,CX$1<($H44+$G44)),ROUND($F44/$G44,0),"-") -> - | CY44: =IF(AND(CY$1>=$H44,CY$1<($H44+$G44)),ROUND($F44/$G44,0),"-") -> - | CZ44: =IF(AND(CZ$1>=$H44,CZ$1<($H44+$G44)),ROUND($F44/$G44,0),"-") -> - | ... DO44: =IF(AND(DO$1>=$H44,DO$1<($H44+$G44)),ROUND($F44/$G44,0),"-") -> -
E45: Testing | F45: =SUM('BESS 12'!S266:S275) -> #VALUE! | G45: =MAX('BESS 12'!O266:O275)-MIN('BESS 12'!O266:O275)+1 -> 17 | H45: =MIN('BESS 12'!O266:O275) -> 46244 | I45: =IF(AND(I$1>=$H45,I$1<($H45+$G45)),ROUND($F45/$G45,0),"-") -> - | J45: =IF(AND(J$1>=$H45,J$1<($H45+$G45)),ROUND($F45/$G45,0),"-") -> - | K45: =IF(AND(K$1>=$H45,K$1<($H45+$G45)),ROUND($F45/$G45,0),"-") -> - | L45: =IF(AND(L$1>=$H45,L$1<($H45+$G45)),ROUND($F45/$G45,0),"-") -> - | M45: =IF(AND(M$1>=$H45,M$1<($H45+$G45)),ROUND($F45/$G45,0),"-") -> - | N45: =IF(AND(N$1>=$H45,N$1<($H45+$G45)),ROUND($F45/$G45,0),"-") -> - | O45: =IF(AND(O$1>=$H45,O$1<($H45+$G45)),ROUND($F45/$G45,0),"-") -> - | P45: =IF(AND(P$1>=$H45,P$1<($H45+$G45)),ROUND($F45/$G45,0),"-") -> - | ... CP45: =IF(AND(CP$1>=$H45,CP$1<($H45+$G45)),ROUND($F45/$G45,0),"-") -> - | CS45: =IF(AND(CS$1>=$H45,CS$1<($H45+$G45)),ROUND($F45/$G45,0),"-") -> #VALUE! | CT45: =IF(AND(CT$1>=$H45,CT$1<($H45+$G45)),ROUND($F45/$G45,0),"-") -> - | CU45: =IF(AND(CU$1>=$H45,CU$1<($H45+$G45)),ROUND($F45/$G45,0),"-") -> - | CV45: =IF(AND(CV$1>=$H45,CV$1<($H45+$G45)),ROUND($F45/$G45,0),"-") -> - | CW45: =IF(AND(CW$1>=$H45,CW$1<($H45+$G45)),ROUND($F45/$G45,0),"-") -> - | CX45: =IF(AND(CX$1>=$H45,CX$1<($H45+$G45)),ROUND($F45/$G45,0),"-") -> - | CY45: =IF(AND(CY$1>=$H45,CY$1<($H45+$G45)),ROUND($F45/$G45,0),"-") -> - | CZ45: =IF(AND(CZ$1>=$H45,CZ$1<($H45+$G45)),ROUND($F45/$G45,0),"-") -> - | ... DO45: =IF(AND(DO$1>=$H45,DO$1<($H45+$G45)),ROUND($F45/$G45,0),"-") -> -
E46: CFT | F46: 250 | G46: 30 | H46: =B41-3 -> 46255 | AZ46: 5 | BA46: 5 | BB46: 5 | BC46: 5 | BD46: 5 | BE46: 5 | BF46: 5 | BG46: 5 | BH46: 5 | BI46: 5 | BJ46: 5 | BK46: 5 | BL46: 5 | BM46: 5 | BN46: 5 | BO46: 5 | BP46: 5 | BQ46: 5 | BR46: 5 | BS46: 5 | BT46: 5 | BU46: 5 | BV46: 5 | BW46: 5 | BX46: 30 | BY46: 30 | BZ46: 30 | CA46: 30 | CB46: 5 | CC46: 5
H47: Total | I47: =SUM(I42:I46) -> 0 | J47: =SUM(J42:J46) -> 0 | K47: =SUM(K42:K46) -> 0 | L47: =SUM(L42:L46) -> 0 | M47: =SUM(M42:M46) -> 0 | N47: =SUM(N42:N46) -> 0 | O47: =SUM(O42:O46) -> 0 | P47: =SUM(P42:P46) -> 0 | ... CP47: =SUM(CP42:CP46) -> 0 | CS47: =SUM(CS42:CS46) -> #VALUE! | CT47: =SUM(CT42:CT46) -> 0 | CU47: =SUM(CU42:CU46) -> 0 | CV47: =SUM(CV42:CV46) -> 0 | CW47: =SUM(CW42:CW46) -> 0 | CX47: =SUM(CX42:CX46) -> 0 | CY47: =SUM(CY42:CY46) -> 0 | CZ47: =SUM(CZ42:CZ46) -> 0 | ... DO47: =SUM(DO42:DO46) -> 0
A49: Block 7 | B49: ='BESS 12'!F276 -> 31 Aug 17 Sep | C49: ='BESS 12'!G276 -> 05 Sep 22 Sep | E49: Activity | F49: Mandays | G49: Days | H49: Min. Date | I49: 46195 | J49: 46196 | K49: 46197 | L49: =K49+1 -> 46198 | M49: =L49+1 -> 46199 | N49: =M49+1 -> 46200 | O49: =N49+1 -> 46201 | P49: =O49+1 -> 46202 | Q49: =P49+1 -> 46203 | R49: =Q49+1 -> 46204 | S49: =R49+1 -> 46205 | ... CP49: =CO49+1 -> 46280 | CS49: =CR49+1 -> 1 | CT49: =CS49+1 -> 2 | CU49: =CT49+1 -> 3 | CV49: =CU49+1 -> 4 | CW49: =CV49+1 -> 5 | CX49: =CW49+1 -> 6 | CY49: =CX49+1 -> 7 | CZ49: =CY49+1 -> 8 | ... DR49: =DQ49+1 -> 26
D50: ='BESS 12'!H276 -> 08 Sep 25 Sep | E50: Erection | F50: =SUM('BESS 12'!S289:S296,'BESS 12'!S298) -> #VALUE! | G50: =MAX('BESS 12'!O289:O296,'BESS 12'!O298)-MIN('BESS 12'!O289:O296,'BESS 12'!O298)+1 -> 29 | H50: =MIN('BESS 12'!O289:O296,'BESS 12'!O298) -> 46237 | I50: =IF(AND(I$1>=$H50,I$1<($H50+$G50)),ROUND($F50/$G50,0),"-") -> - | J50: =IF(AND(J$1>=$H50,J$1<($H50+$G50)),ROUND($F50/$G50,0),"-") -> - | K50: =IF(AND(K$1>=$H50,K$1<($H50+$G50)),ROUND($F50/$G50,0),"-") -> - | L50: =IF(AND(L$1>=$H50,L$1<($H50+$G50)),ROUND($F50/$G50,0),"-") -> - | M50: =IF(AND(M$1>=$H50,M$1<($H50+$G50)),ROUND($F50/$G50,0),"-") -> - | N50: =IF(AND(N$1>=$H50,N$1<($H50+$G50)),ROUND($F50/$G50,0),"-") -> - | O50: =IF(AND(O$1>=$H50,O$1<($H50+$G50)),ROUND($F50/$G50,0),"-") -> - | P50: =IF(AND(P$1>=$H50,P$1<($H50+$G50)),ROUND($F50/$G50,0),"-") -> - | ... CP50: =IF(AND(CP$1>=$H50,CP$1<($H50+$G50)),ROUND($F50/$G50,0),"-") -> - | CS50: =IF(AND(CS$1>=$H50,CS$1<($H50+$G50)),ROUND($F50/$G50,0),"-") -> #VALUE! | CT50: =IF(AND(CT$1>=$H50,CT$1<($H50+$G50)),ROUND($F50/$G50,0),"-") -> - | CU50: =IF(AND(CU$1>=$H50,CU$1<($H50+$G50)),ROUND($F50/$G50,0),"-") -> - | CV50: =IF(AND(CV$1>=$H50,CV$1<($H50+$G50)),ROUND($F50/$G50,0),"-") -> - | CW50: =IF(AND(CW$1>=$H50,CW$1<($H50+$G50)),ROUND($F50/$G50,0),"-") -> - | CX50: =IF(AND(CX$1>=$H50,CX$1<($H50+$G50)),ROUND($F50/$G50,0),"-") -> - | CY50: =IF(AND(CY$1>=$H50,CY$1<($H50+$G50)),ROUND($F50/$G50,0),"-") -> - | CZ50: =IF(AND(CZ$1>=$H50,CZ$1<($H50+$G50)),ROUND($F50/$G50,0),"-") -> - | ... DR50: =IF(AND(DR$1>=$H50,DR$1<($H50+$G50)),ROUND($F50/$G50,0),"-") -> -
E51: Cable Laying | F51: =SUM('BESS 12'!S299,'BESS 12'!S301:S302,'BESS 12'!S305:S307) -> #VALUE! | G51: =MAX('BESS 12'!O299,'BESS 12'!O301:O302,'BESS 12'!O305:O307)-MIN('BESS 12'!O299,'BESS 12'!O301:O302,'BESS 12'!O305:O307)+1 -> 6 | H51: =MIN('BESS 12'!O299,'BESS 12'!O301:O302,'BESS 12'!O305:O307) -> 46238 | I51: =IF(AND(I$1>=$H51,I$1<($H51+$G51)),ROUND($F51/$G51,0),"-") -> - | J51: =IF(AND(J$1>=$H51,J$1<($H51+$G51)),ROUND($F51/$G51,0),"-") -> - | K51: =IF(AND(K$1>=$H51,K$1<($H51+$G51)),ROUND($F51/$G51,0),"-") -> - | L51: =IF(AND(L$1>=$H51,L$1<($H51+$G51)),ROUND($F51/$G51,0),"-") -> - | M51: =IF(AND(M$1>=$H51,M$1<($H51+$G51)),ROUND($F51/$G51,0),"-") -> - | N51: =IF(AND(N$1>=$H51,N$1<($H51+$G51)),ROUND($F51/$G51,0),"-") -> - | O51: =IF(AND(O$1>=$H51,O$1<($H51+$G51)),ROUND($F51/$G51,0),"-") -> - | P51: =IF(AND(P$1>=$H51,P$1<($H51+$G51)),ROUND($F51/$G51,0),"-") -> - | ... CP51: =IF(AND(CP$1>=$H51,CP$1<($H51+$G51)),ROUND($F51/$G51,0),"-") -> - | CS51: =IF(AND(CS$1>=$H51,CS$1<($H51+$G51)),ROUND($F51/$G51,0),"-") -> #VALUE! | CT51: =IF(AND(CT$1>=$H51,CT$1<($H51+$G51)),ROUND($F51/$G51,0),"-") -> - | CU51: =IF(AND(CU$1>=$H51,CU$1<($H51+$G51)),ROUND($F51/$G51,0),"-") -> - | CV51: =IF(AND(CV$1>=$H51,CV$1<($H51+$G51)),ROUND($F51/$G51,0),"-") -> - | CW51: =IF(AND(CW$1>=$H51,CW$1<($H51+$G51)),ROUND($F51/$G51,0),"-") -> - | CX51: =IF(AND(CX$1>=$H51,CX$1<($H51+$G51)),ROUND($F51/$G51,0),"-") -> - | CY51: =IF(AND(CY$1>=$H51,CY$1<($H51+$G51)),ROUND($F51/$G51,0),"-") -> - | CZ51: =IF(AND(CZ$1>=$H51,CZ$1<($H51+$G51)),ROUND($F51/$G51,0),"-") -> - | ... DR51: =IF(AND(DR$1>=$H51,DR$1<($H51+$G51)),ROUND($F51/$G51,0),"-") -> -
E52: Termination | F52: =SUM('BESS 12'!S300,'BESS 12'!S303:S304,'BESS 12'!S308:S309) -> #VALUE! | G52: =MAX('BESS 12'!O300,'BESS 12'!O303:O304,'BESS 12'!O308:O309)-MIN('BESS 12'!O300,'BESS 12'!O303:O304,'BESS 12'!O308:O309)+1 -> 27 | H52: =MIN('BESS 12'!O300,'BESS 12'!O303:O304,'BESS 12'!O308:O309) -> 46248 | I52: =IF(AND(I$1>=$H52,I$1<($H52+$G52)),ROUND($F52/$G52,0),"-") -> - | J52: =IF(AND(J$1>=$H52,J$1<($H52+$G52)),ROUND($F52/$G52,0),"-") -> - | K52: =IF(AND(K$1>=$H52,K$1<($H52+$G52)),ROUND($F52/$G52,0),"-") -> - | L52: =IF(AND(L$1>=$H52,L$1<($H52+$G52)),ROUND($F52/$G52,0),"-") -> - | M52: =IF(AND(M$1>=$H52,M$1<($H52+$G52)),ROUND($F52/$G52,0),"-") -> - | N52: =IF(AND(N$1>=$H52,N$1<($H52+$G52)),ROUND($F52/$G52,0),"-") -> - | O52: =IF(AND(O$1>=$H52,O$1<($H52+$G52)),ROUND($F52/$G52,0),"-") -> - | P52: =IF(AND(P$1>=$H52,P$1<($H52+$G52)),ROUND($F52/$G52,0),"-") -> - | ... CP52: =IF(AND(CP$1>=$H52,CP$1<($H52+$G52)),ROUND($F52/$G52,0),"-") -> - | CS52: =IF(AND(CS$1>=$H52,CS$1<($H52+$G52)),ROUND($F52/$G52,0),"-") -> #VALUE! | CT52: =IF(AND(CT$1>=$H52,CT$1<($H52+$G52)),ROUND($F52/$G52,0),"-") -> - | CU52: =IF(AND(CU$1>=$H52,CU$1<($H52+$G52)),ROUND($F52/$G52,0),"-") -> - | CV52: =IF(AND(CV$1>=$H52,CV$1<($H52+$G52)),ROUND($F52/$G52,0),"-") -> - | CW52: =IF(AND(CW$1>=$H52,CW$1<($H52+$G52)),ROUND($F52/$G52,0),"-") -> - | CX52: =IF(AND(CX$1>=$H52,CX$1<($H52+$G52)),ROUND($F52/$G52,0),"-") -> - | CY52: =IF(AND(CY$1>=$H52,CY$1<($H52+$G52)),ROUND($F52/$G52,0),"-") -> - | CZ52: =IF(AND(CZ$1>=$H52,CZ$1<($H52+$G52)),ROUND($F52/$G52,0),"-") -> - | ... DR52: =IF(AND(DR$1>=$H52,DR$1<($H52+$G52)),ROUND($F52/$G52,0),"-") -> -
E53: Testing | F53: =SUM('BESS 12'!S311:S320) -> #VALUE! | G53: =MAX('BESS 12'!O311:O320)-MIN('BESS 12'!O311:O320)+1 -> 35 | H53: =MIN('BESS 12'!O311:O320) -> 46245 | I53: =IF(AND(I$1>=$H53,I$1<($H53+$G53)),ROUND($F53/$G53,0),"-") -> - | J53: =IF(AND(J$1>=$H53,J$1<($H53+$G53)),ROUND($F53/$G53,0),"-") -> - | K53: =IF(AND(K$1>=$H53,K$1<($H53+$G53)),ROUND($F53/$G53,0),"-") -> - | L53: =IF(AND(L$1>=$H53,L$1<($H53+$G53)),ROUND($F53/$G53,0),"-") -> - | M53: =IF(AND(M$1>=$H53,M$1<($H53+$G53)),ROUND($F53/$G53,0),"-") -> - | N53: =IF(AND(N$1>=$H53,N$1<($H53+$G53)),ROUND($F53/$G53,0),"-") -> - | O53: =IF(AND(O$1>=$H53,O$1<($H53+$G53)),ROUND($F53/$G53,0),"-") -> - | P53: =IF(AND(P$1>=$H53,P$1<($H53+$G53)),ROUND($F53/$G53,0),"-") -> - | ... CP53: =IF(AND(CP$1>=$H53,CP$1<($H53+$G53)),ROUND($F53/$G53,0),"-") -> - | CS53: =IF(AND(CS$1>=$H53,CS$1<($H53+$G53)),ROUND($F53/$G53,0),"-") -> #VALUE! | CT53: =IF(AND(CT$1>=$H53,CT$1<($H53+$G53)),ROUND($F53/$G53,0),"-") -> - | CU53: =IF(AND(CU$1>=$H53,CU$1<($H53+$G53)),ROUND($F53/$G53,0),"-") -> - | CV53: =IF(AND(CV$1>=$H53,CV$1<($H53+$G53)),ROUND($F53/$G53,0),"-") -> - | CW53: =IF(AND(CW$1>=$H53,CW$1<($H53+$G53)),ROUND($F53/$G53,0),"-") -> - | CX53: =IF(AND(CX$1>=$H53,CX$1<($H53+$G53)),ROUND($F53/$G53,0),"-") -> - | CY53: =IF(AND(CY$1>=$H53,CY$1<($H53+$G53)),ROUND($F53/$G53,0),"-") -> - | CZ53: =IF(AND(CZ$1>=$H53,CZ$1<($H53+$G53)),ROUND($F53/$G53,0),"-") -> - | ... DR53: =IF(AND(DR$1>=$H53,DR$1<($H53+$G53)),ROUND($F53/$G53,0),"-") -> -
E54: CFT | F54: 250 | G54: 30 | H54: =B49-3 -> #VALUE! | BC54: 5 | BD54: 5 | BE54: 5 | BF54: 5 | BG54: 5 | BH54: 5 | BI54: 5 | BJ54: 5 | BK54: 5 | BL54: 5 | BM54: 5 | BN54: 5 | BO54: 5 | BP54: 5 | BQ54: 5 | BR54: 5 | BS54: 5 | BT54: 5 | BU54: 5 | BV54: 5 | BW54: 5 | BX54: 5 | BY54: 5 | BZ54: 5 | CA54: 30 | CB54: 30 | CC54: 30 | CD54: 30 | CE54: 5 | CF54: 5
H55: Total | I55: =SUM(I50:I54) -> 0 | J55: =SUM(J50:J54) -> 0 | K55: =SUM(K50:K54) -> 0 | L55: =SUM(L50:L54) -> 0 | M55: =SUM(M50:M54) -> 0 | N55: =SUM(N50:N54) -> 0 | O55: =SUM(O50:O54) -> 0 | P55: =SUM(P50:P54) -> 0 | ... CP55: =SUM(CP50:CP54) -> 0 | CS55: =SUM(CS50:CS54) -> #VALUE! | CT55: =SUM(CT50:CT54) -> 0 | CU55: =SUM(CU50:CU54) -> 0 | CV55: =SUM(CV50:CV54) -> 0 | CW55: =SUM(CW50:CW54) -> 0 | CX55: =SUM(CX50:CX54) -> 0 | CY55: =SUM(CY50:CY54) -> 0 | CZ55: =SUM(CZ50:CZ54) -> 0 | ... DR55: =SUM(DR50:DR54) -> 0
A57: Block 8 | B57: ='BESS 12'!F321 -> 11 Sep 17 Sep | C57: ='BESS 12'!G321 -> 16 Sep 22 Sep | E57: Activity | F57: Mandays | G57: Days | H57: Min. Date | I57: 46195 | J57: 46196 | K57: 46197 | L57: =K57+1 -> 46198 | M57: =L57+1 -> 46199 | N57: =M57+1 -> 46200 | O57: =N57+1 -> 46201 | P57: =O57+1 -> 46202 | Q57: =P57+1 -> 46203 | R57: =Q57+1 -> 46204 | S57: =R57+1 -> 46205 | ... CP57: =CO57+1 -> 46280 | CS57: =CR57+1 -> 1 | CT57: =CS57+1 -> 2 | CU57: =CT57+1 -> 3 | CV57: =CU57+1 -> 4 | CW57: =CV57+1 -> 5 | CX57: =CW57+1 -> 6 | CY57: =CX57+1 -> 7 | CZ57: =CY57+1 -> 8 | ... DT57: =DS57+1 -> 28
D58: ='BESS 12'!H321 -> 19 Sep 25 Sep | E58: Erection | F58: =SUM('BESS 12'!S334:S341,'BESS 12'!S343) -> #VALUE! | G58: =MAX('BESS 11'!O335:O342,'BESS 11'!O344)-MIN('BESS 11'!O335:O342,'BESS 11'!O344)+1 -> 37 | H58: =MIN('BESS 11'!O335:O342,'BESS 11'!O344) -> 46239 | I58: =IF(AND(I$1>=$H58,I$1<($H58+$G58)),ROUND($F58/$G58,0),"-") -> - | J58: =IF(AND(J$1>=$H58,J$1<($H58+$G58)),ROUND($F58/$G58,0),"-") -> - | K58: =IF(AND(K$1>=$H58,K$1<($H58+$G58)),ROUND($F58/$G58,0),"-") -> - | L58: =IF(AND(L$1>=$H58,L$1<($H58+$G58)),ROUND($F58/$G58,0),"-") -> - | M58: =IF(AND(M$1>=$H58,M$1<($H58+$G58)),ROUND($F58/$G58,0),"-") -> - | N58: =IF(AND(N$1>=$H58,N$1<($H58+$G58)),ROUND($F58/$G58,0),"-") -> - | O58: =IF(AND(O$1>=$H58,O$1<($H58+$G58)),ROUND($F58/$G58,0),"-") -> - | P58: =IF(AND(P$1>=$H58,P$1<($H58+$G58)),ROUND($F58/$G58,0),"-") -> - | ... CP58: =IF(AND(CP$1>=$H58,CP$1<($H58+$G58)),ROUND($F58/$G58,0),"-") -> - | CS58: =IF(AND(CS$1>=$H58,CS$1<($H58+$G58)),ROUND($F58/$G58,0),"-") -> #VALUE! | CT58: =IF(AND(CT$1>=$H58,CT$1<($H58+$G58)),ROUND($F58/$G58,0),"-") -> - | CU58: =IF(AND(CU$1>=$H58,CU$1<($H58+$G58)),ROUND($F58/$G58,0),"-") -> - | CV58: =IF(AND(CV$1>=$H58,CV$1<($H58+$G58)),ROUND($F58/$G58,0),"-") -> - | CW58: =IF(AND(CW$1>=$H58,CW$1<($H58+$G58)),ROUND($F58/$G58,0),"-") -> - | CX58: =IF(AND(CX$1>=$H58,CX$1<($H58+$G58)),ROUND($F58/$G58,0),"-") -> - | CY58: =IF(AND(CY$1>=$H58,CY$1<($H58+$G58)),ROUND($F58/$G58,0),"-") -> - | CZ58: =IF(AND(CZ$1>=$H58,CZ$1<($H58+$G58)),ROUND($F58/$G58,0),"-") -> - | ... DT58: =IF(AND(DT$1>=$H58,DT$1<($H58+$G58)),ROUND($F58/$G58,0),"-") -> -
E59: Cable Laying | F59: =SUM('BESS 12'!S344,'BESS 12'!S346:S347,'BESS 12'!S350:S352) -> #VALUE! | G59: =MAX('BESS 11'!O345,'BESS 11'!O347:O348,'BESS 11'!O351:O353)-MIN('BESS 11'!O345,'BESS 11'!O347:O348,'BESS 11'!O351:O353)+1 -> 11 | H59: =MIN('BESS 11'!O345,'BESS 11'!O347:O348,'BESS 11'!O351:O353) -> 46246 | I59: =IF(AND(I$1>=$H59,I$1<($H59+$G59)),ROUND($F59/$G59,0),"-") -> - | J59: =IF(AND(J$1>=$H59,J$1<($H59+$G59)),ROUND($F59/$G59,0),"-") -> - | K59: =IF(AND(K$1>=$H59,K$1<($H59+$G59)),ROUND($F59/$G59,0),"-") -> - | L59: =IF(AND(L$1>=$H59,L$1<($H59+$G59)),ROUND($F59/$G59,0),"-") -> - | M59: =IF(AND(M$1>=$H59,M$1<($H59+$G59)),ROUND($F59/$G59,0),"-") -> - | N59: =IF(AND(N$1>=$H59,N$1<($H59+$G59)),ROUND($F59/$G59,0),"-") -> - | O59: =IF(AND(O$1>=$H59,O$1<($H59+$G59)),ROUND($F59/$G59,0),"-") -> - | P59: =IF(AND(P$1>=$H59,P$1<($H59+$G59)),ROUND($F59/$G59,0),"-") -> - | ... CP59: =IF(AND(CP$1>=$H59,CP$1<($H59+$G59)),ROUND($F59/$G59,0),"-") -> - | CS59: =IF(AND(CS$1>=$H59,CS$1<($H59+$G59)),ROUND($F59/$G59,0),"-") -> #VALUE! | CT59: =IF(AND(CT$1>=$H59,CT$1<($H59+$G59)),ROUND($F59/$G59,0),"-") -> - | CU59: =IF(AND(CU$1>=$H59,CU$1<($H59+$G59)),ROUND($F59/$G59,0),"-") -> - | CV59: =IF(AND(CV$1>=$H59,CV$1<($H59+$G59)),ROUND($F59/$G59,0),"-") -> - | CW59: =IF(AND(CW$1>=$H59,CW$1<($H59+$G59)),ROUND($F59/$G59,0),"-") -> - | CX59: =IF(AND(CX$1>=$H59,CX$1<($H59+$G59)),ROUND($F59/$G59,0),"-") -> - | CY59: =IF(AND(CY$1>=$H59,CY$1<($H59+$G59)),ROUND($F59/$G59,0),"-") -> - | CZ59: =IF(AND(CZ$1>=$H59,CZ$1<($H59+$G59)),ROUND($F59/$G59,0),"-") -> - | ... DT59: =IF(AND(DT$1>=$H59,DT$1<($H59+$G59)),ROUND($F59/$G59,0),"-") -> -
E60: Termination | F60: =SUM('BESS 12'!S345,'BESS 12'!S348:S349,'BESS 12'!S353:S354) -> #VALUE! | G60: =MAX('BESS 11'!O346,'BESS 11'!O349:O350,'BESS 11'!O354:O355)-MIN('BESS 11'!O346,'BESS 11'!O349:O350,'BESS 11'!O354:O355)+1 -> 18 | H60: =MIN('BESS 11'!O346,'BESS 11'!O349:O350,'BESS 11'!O354:O355) -> 46262 | I60: =IF(AND(I$1>=$H60,I$1<($H60+$G60)),ROUND($F60/$G60,0),"-") -> - | J60: =IF(AND(J$1>=$H60,J$1<($H60+$G60)),ROUND($F60/$G60,0),"-") -> - | K60: =IF(AND(K$1>=$H60,K$1<($H60+$G60)),ROUND($F60/$G60,0),"-") -> - | L60: =IF(AND(L$1>=$H60,L$1<($H60+$G60)),ROUND($F60/$G60,0),"-") -> - | M60: =IF(AND(M$1>=$H60,M$1<($H60+$G60)),ROUND($F60/$G60,0),"-") -> - | N60: =IF(AND(N$1>=$H60,N$1<($H60+$G60)),ROUND($F60/$G60,0),"-") -> - | O60: =IF(AND(O$1>=$H60,O$1<($H60+$G60)),ROUND($F60/$G60,0),"-") -> - | P60: =IF(AND(P$1>=$H60,P$1<($H60+$G60)),ROUND($F60/$G60,0),"-") -> - | ... CP60: =IF(AND(CP$1>=$H60,CP$1<($H60+$G60)),ROUND($F60/$G60,0),"-") -> - | CS60: =IF(AND(CS$1>=$H60,CS$1<($H60+$G60)),ROUND($F60/$G60,0),"-") -> #VALUE! | CT60: =IF(AND(CT$1>=$H60,CT$1<($H60+$G60)),ROUND($F60/$G60,0),"-") -> - | CU60: =IF(AND(CU$1>=$H60,CU$1<($H60+$G60)),ROUND($F60/$G60,0),"-") -> - | CV60: =IF(AND(CV$1>=$H60,CV$1<($H60+$G60)),ROUND($F60/$G60,0),"-") -> - | CW60: =IF(AND(CW$1>=$H60,CW$1<($H60+$G60)),ROUND($F60/$G60,0),"-") -> - | CX60: =IF(AND(CX$1>=$H60,CX$1<($H60+$G60)),ROUND($F60/$G60,0),"-") -> - | CY60: =IF(AND(CY$1>=$H60,CY$1<($H60+$G60)),ROUND($F60/$G60,0),"-") -> - | CZ60: =IF(AND(CZ$1>=$H60,CZ$1<($H60+$G60)),ROUND($F60/$G60,0),"-") -> - | ... DT60: =IF(AND(DT$1>=$H60,DT$1<($H60+$G60)),ROUND($F60/$G60,0),"-") -> -
E61: Testing | F61: =SUM('BESS 12'!S356:S365) -> #VALUE! | G61: =MAX('BESS 12'!O356:O365)-MIN('BESS 12'!O356:O365)+1 -> 32 | H61: =MIN('BESS 12'!O356:O365) -> 46248 | I61: =IF(AND(I$1>=$H61,I$1<($H61+$G61)),ROUND($F61/$G61,0),"-") -> - | J61: =IF(AND(J$1>=$H61,J$1<($H61+$G61)),ROUND($F61/$G61,0),"-") -> - | K61: =IF(AND(K$1>=$H61,K$1<($H61+$G61)),ROUND($F61/$G61,0),"-") -> - | L61: =IF(AND(L$1>=$H61,L$1<($H61+$G61)),ROUND($F61/$G61,0),"-") -> - | M61: =IF(AND(M$1>=$H61,M$1<($H61+$G61)),ROUND($F61/$G61,0),"-") -> - | N61: =IF(AND(N$1>=$H61,N$1<($H61+$G61)),ROUND($F61/$G61,0),"-") -> - | O61: =IF(AND(O$1>=$H61,O$1<($H61+$G61)),ROUND($F61/$G61,0),"-") -> - | P61: =IF(AND(P$1>=$H61,P$1<($H61+$G61)),ROUND($F61/$G61,0),"-") -> - | ... CP61: =IF(AND(CP$1>=$H61,CP$1<($H61+$G61)),ROUND($F61/$G61,0),"-") -> - | CS61: =IF(AND(CS$1>=$H61,CS$1<($H61+$G61)),ROUND($F61/$G61,0),"-") -> #VALUE! | CT61: =IF(AND(CT$1>=$H61,CT$1<($H61+$G61)),ROUND($F61/$G61,0),"-") -> - | CU61: =IF(AND(CU$1>=$H61,CU$1<($H61+$G61)),ROUND($F61/$G61,0),"-") -> - | CV61: =IF(AND(CV$1>=$H61,CV$1<($H61+$G61)),ROUND($F61/$G61,0),"-") -> - | CW61: =IF(AND(CW$1>=$H61,CW$1<($H61+$G61)),ROUND($F61/$G61,0),"-") -> - | CX61: =IF(AND(CX$1>=$H61,CX$1<($H61+$G61)),ROUND($F61/$G61,0),"-") -> - | CY61: =IF(AND(CY$1>=$H61,CY$1<($H61+$G61)),ROUND($F61/$G61,0),"-") -> - | CZ61: =IF(AND(CZ$1>=$H61,CZ$1<($H61+$G61)),ROUND($F61/$G61,0),"-") -> - | ... DT61: =IF(AND(DT$1>=$H61,DT$1<($H61+$G61)),ROUND($F61/$G61,0),"-") -> -
E62: CFT | F62: 250 | G62: 30 | H62: =B57-3 -> #VALUE! | BF62: 5 | BG62: 5 | BH62: 5 | BI62: 5 | BJ62: 5 | BK62: 5 | BL62: 5 | BM62: 5 | BN62: 5 | BO62: 5 | BP62: 5 | BQ62: 5 | BR62: 5 | BS62: 5 | BT62: 5 | BU62: 5 | BV62: 5 | BW62: 5 | BX62: 5 | BY62: 5 | BZ62: 5 | CA62: 5 | CB62: 5 | CC62: 5 | CD62: 30 | CE62: 30 | CF62: 30 | CG62: 30 | CH62: 5 | CI62: 5
H63: Total | I63: =SUM(I58:I62) -> 0 | J63: =SUM(J58:J62) -> 0 | K63: =SUM(K58:K62) -> 0 | L63: =SUM(L58:L62) -> 0 | M63: =SUM(M58:M62) -> 0 | N63: =SUM(N58:N62) -> 0 | O63: =SUM(O58:O62) -> 0 | P63: =SUM(P58:P62) -> 0 | ... CP63: =SUM(CP58:CP62) -> 0 | CS63: =SUM(CS58:CS62) -> #VALUE! | CT63: =SUM(CT58:CT62) -> 0 | CU63: =SUM(CU58:CU62) -> 0 | CV63: =SUM(CV58:CV62) -> 0 | CW63: =SUM(CW58:CW62) -> 0 | CX63: =SUM(CX58:CX62) -> 0 | CY63: =SUM(CY58:CY62) -> 0 | CZ63: =SUM(CZ58:CZ62) -> 0 | ... DT63: =SUM(DT58:DT62) -> 0

Sheet 10B - Daily requirement (2)
B1: IDT Charging / Commissioning Start | C1: ='BESS 11'!$G$2 -> Trial-Run End Date | D1: ='BESS 11'!$H$2 -> COD | E1: Activity | F1: Mandays | G1: Days | H1: Min. Date | I1: 46195 | J1: 46196 | K1: 46197 | L1: 46198 | M1: 46199 | N1: 46200 | O1: 46201 | P1: 46202 | Q1: 46203 | R1: 46204 | S1: 46205 | T1: 46206 | U1: 46207 | V1: 46208 | W1: 46209 | X1: 46210 | Y1: 46211 | Z1: 46212 | AA1: 46213 | AB1: 46214 | AC1: 46215 | AD1: 46216 | AE1: 46217 | AF1: 46218 | AG1: 46219 | AH1: 46220 | AI1: 46221 | AJ1: 46222 | AK1: 46223 | AL1: 46224 | AM1: 46225 | AN1: 46226 | AO1: 46227 | AP1: 46228 | AQ1: 46229 | AR1: 46230 | AS1: 46231 | AT1: 46232 | AU1: 46233 | AV1: 46234 | AW1: 46235 | AX1: 46236 | AY1: 46237 | AZ1: 46238 | BA1: 46239 | BB1: 46240 | BC1: 46241 | BD1: 46242 | BE1: 46243 | BF1: 46244 | BG1: 46245 | BH1: 46246 | BI1: 46247 | BJ1: 46248 | BK1: 46249 | BL1: 46250 | BM1: 46251 | BN1: 46252 | BO1: 46253 | BP1: 46254 | BQ1: 46255 | BR1: 46256 | BS1: 46257 | BT1: 46258 | BU1: 46259 | BV1: 46260 | BW1: 46261 | BX1: 46262 | BY1: 46263 | BZ1: 46264 | CA1: 46265 | CB1: 46266 | CC1: 46267 | CD1: 46268 | CE1: 46269 | CF1: 46270 | CG1: 46271 | CH1: 46272 | CI1: 46273 | CJ1: 46274 | CK1: 46275 | CL1: 46276 | CM1: 46277 | CN1: 46278 | CO1: 46279 | CP1: 46280 | CQ1: 46281 | CR1: 46282 | CS1: 46283 | CT1: 46284 | CU1: 46312 | CV1: 46313 | CW1: 46314 | CX1: 46315 | CY1: 46316 | CZ1: 46317 | DA1: 46318 | DB1: 46319 | DC1: 46320 | DD1: 46321 | DE1: 46322 | DF1: 46323 | DG1: 46324 | DH1: 46325 | DI1: 46326 | DJ1: 46327 | DK1: 46328 | DL1: 46329 | DM1: 46330 | DN1: 46331 | DO1: 46332 | DP1: 46333 | DQ1: 46334 | DR1: 46335 | DS1: 46336 | DT1: 46337 | DU1: 46338 | DV1: 46339 | DW1: 46340 | DX1: 46341 | DY1: 46342 | DZ1: 46343 | EA1: 46344 | EB1: 46345 | EC1: 46346 | ED1: 46347 | EE1: 46348 | EF1: 46349 | EG1: 46350 | EH1: 46351 | EI1: 46352 | EJ1: 46353 | EK1: 46354 | EL1: 46355 | EM1: 46356 | EN1: 46357 | EO1: 46358 | EP1: 46359 | EQ1: 46360 | ER1: 46361 | ES1: 46362 | ET1: 46363 | EU1: 46364 | EV1: 46365 | EW1: 46366 | EX1: 46367 | EY1: 46368 | EZ1: 46369 | FA1: 46370 | FB1: 46371 | FC1: 46372 | FD1: 46373 | FE1: 46374 | FF1: 46375 | FG1: 46376 | FH1: 46377 | FI1: 46378 | FJ1: 46379 | FK1: 46380 | FL1: 46381 | FM1: 46382 | FN1: 46383 | FO1: 46384 | FP1: 46385 | FQ1: 46386 | FR1: 46387
A2: Block 1 | B2: ='BESS 10B'!F5 -> 46239 | C2: ='BESS 10B'!G5 -> 46244 | D2: ='BESS 10B'!H5 -> 46247 | E2: Erection | F2: =SUM('BESS 10B'!S18:S25,'BESS 10B'!S27) -> #VALUE! | G2: =MAX('BESS 10B'!O18:O25,'BESS 10B'!O27)-MIN('BESS 10B'!O18:O25,'BESS 10B'!O27)+1 -> 1 | H2: =MIN('BESS 10B'!O18:O25,'BESS 10B'!O27) -> 46234 | I2: =IF(AND(I$1>=$H2,I$1<($H2+$G2)),ROUND($F2/$G2,0),"-") -> - | J2: =IF(AND(J$1>=$H2,J$1<($H2+$G2)),ROUND($F2/$G2,0),"-") -> - | K2: =IF(AND(K$1>=$H2,K$1<($H2+$G2)),ROUND($F2/$G2,0),"-") -> - | L2: =IF(AND(L$1>=$H2,L$1<($H2+$G2)),ROUND($F2/$G2,0),"-") -> - | M2: =IF(AND(M$1>=$H2,M$1<($H2+$G2)),ROUND($F2/$G2,0),"-") -> - | N2: =IF(AND(N$1>=$H2,N$1<($H2+$G2)),ROUND($F2/$G2,0),"-") -> - | O2: =IF(AND(O$1>=$H2,O$1<($H2+$G2)),ROUND($F2/$G2,0),"-") -> - | P2: =IF(AND(P$1>=$H2,P$1<($H2+$G2)),ROUND($F2/$G2,0),"-") -> - | ... CT2: =IF(AND(CT$1>=$H2,CT$1<($H2+$G2)),ROUND($F2/$G2,0),"-") -> -
E3: Cable Laying | F3: =SUM('BESS 10B'!S28,'BESS 10B'!S30:S31,'BESS 10B'!S34:S36) -> #VALUE! | G3: =MAX('BESS 10B'!O28,'BESS 10B'!O30:O31,'BESS 10B'!O34:O36)-MIN('BESS 10B'!O28,'BESS 10B'!O30:O31,'BESS 10B'!O34:O36)+1 -> 1 | H3: =MIN('BESS 10B'!O28,'BESS 10B'!O30:O31,'BESS 10B'!O34:O36) -> 46233 | I3: =IF(AND(I$1>=$H3,I$1<($H3+$G3)),ROUND($F3/$G3,0),"-") -> - | J3: =IF(AND(J$1>=$H3,J$1<($H3+$G3)),ROUND($F3/$G3,0),"-") -> - | K3: =IF(AND(K$1>=$H3,K$1<($H3+$G3)),ROUND($F3/$G3,0),"-") -> - | L3: =IF(AND(L$1>=$H3,L$1<($H3+$G3)),ROUND($F3/$G3,0),"-") -> - | M3: =IF(AND(M$1>=$H3,M$1<($H3+$G3)),ROUND($F3/$G3,0),"-") -> - | N3: =IF(AND(N$1>=$H3,N$1<($H3+$G3)),ROUND($F3/$G3,0),"-") -> - | O3: =IF(AND(O$1>=$H3,O$1<($H3+$G3)),ROUND($F3/$G3,0),"-") -> - | P3: =IF(AND(P$1>=$H3,P$1<($H3+$G3)),ROUND($F3/$G3,0),"-") -> - | ... CT3: =IF(AND(CT$1>=$H3,CT$1<($H3+$G3)),ROUND($F3/$G3,0),"-") -> -
E4: Termination | F4: =SUM('BESS 10B'!S29,'BESS 10B'!S32:S33,'BESS 10B'!S37:S38) -> #VALUE! | G4: =MAX('BESS 10B'!O29,'BESS 10B'!O32:O33,'BESS 10B'!O37:O38)-MIN('BESS 10B'!O29,'BESS 10B'!O32:O33,'BESS 10B'!O37:O38)+1 -> 1 | H4: =MIN('BESS 10B'!O29,'BESS 10B'!O32:O33,'BESS 10B'!O37:O38) -> 46235 | I4: =IF(AND(I$1>=$H4,I$1<($H4+$G4)),ROUND($F4/$G4,0),"-") -> - | J4: =IF(AND(J$1>=$H4,J$1<($H4+$G4)),ROUND($F4/$G4,0),"-") -> - | K4: =IF(AND(K$1>=$H4,K$1<($H4+$G4)),ROUND($F4/$G4,0),"-") -> - | L4: =IF(AND(L$1>=$H4,L$1<($H4+$G4)),ROUND($F4/$G4,0),"-") -> - | M4: =IF(AND(M$1>=$H4,M$1<($H4+$G4)),ROUND($F4/$G4,0),"-") -> - | N4: =IF(AND(N$1>=$H4,N$1<($H4+$G4)),ROUND($F4/$G4,0),"-") -> - | O4: =IF(AND(O$1>=$H4,O$1<($H4+$G4)),ROUND($F4/$G4,0),"-") -> - | P4: =IF(AND(P$1>=$H4,P$1<($H4+$G4)),ROUND($F4/$G4,0),"-") -> - | ... CT4: =IF(AND(CT$1>=$H4,CT$1<($H4+$G4)),ROUND($F4/$G4,0),"-") -> -
E5: Testing | F5: =SUM('BESS 10B'!S40:S49) -> #VALUE! | G5: =MAX('BESS 10B'!O40:O49)-MIN('BESS 10B'!O40:O49)+1 -> 6 | H5: =MIN('BESS 10B'!O40:O49) -> 46233 | I5: =IF(AND(I$1>=$H5,I$1<($H5+$G5)),ROUND($F5/$G5,0),"-") -> - | J5: =IF(AND(J$1>=$H5,J$1<($H5+$G5)),ROUND($F5/$G5,0),"-") -> - | K5: =IF(AND(K$1>=$H5,K$1<($H5+$G5)),ROUND($F5/$G5,0),"-") -> - | L5: =IF(AND(L$1>=$H5,L$1<($H5+$G5)),ROUND($F5/$G5,0),"-") -> - | M5: =IF(AND(M$1>=$H5,M$1<($H5+$G5)),ROUND($F5/$G5,0),"-") -> - | N5: =IF(AND(N$1>=$H5,N$1<($H5+$G5)),ROUND($F5/$G5,0),"-") -> - | O5: =IF(AND(O$1>=$H5,O$1<($H5+$G5)),ROUND($F5/$G5,0),"-") -> - | P5: =IF(AND(P$1>=$H5,P$1<($H5+$G5)),ROUND($F5/$G5,0),"-") -> - | ... CT5: =IF(AND(CT$1>=$H5,CT$1<($H5+$G5)),ROUND($F5/$G5,0),"-") -> -
E6: CFT | F6: =SUM(Z6:BC6) -> 250 | G6: 30 | H6: =B2-3 -> 46236 | Z6: 5 | AA6: 5 | AB6: 5 | AC6: 5 | AD6: 5 | AE6: 5 | AF6: 5 | AG6: 5 | AH6: 5 | AI6: 5 | AJ6: 5 | AK6: 5 | AL6: 5 | AM6: 5 | AN6: 5 | AO6: 5 | AP6: 5 | AQ6: 5 | AR6: 5 | AS6: 5 | AT6: 5 | AU6: 5 | AV6: 5 | AW6: 5 | AX6: 30 | AY6: 30 | AZ6: 30 | BA6: 30 | BB6: 5 | BC6: 5
H7: Total | K7: =SUM(K2:K6) -> 0 | L7: =SUM(L2:L6) -> 0 | M7: =SUM(M2:M6) -> 0 | N7: =SUM(N2:N6) -> 0 | O7: =SUM(O2:O6) -> 0 | P7: =SUM(P2:P6) -> 0 | Q7: =SUM(Q2:Q6) -> 0 | R7: =SUM(R2:R6) -> 0 | ... CT7: =SUM(CT2:CT6) -> 0
A9: Block 2 | B9: ='BESS 10B'!F50 -> 46245 | C9: ='BESS 10B'!G50 -> 46250 | E9: Activity | F9: Mandays | G9: Days | H9: Min. Date | I9: 46195 | J9: 46196 | K9: =MIN('BESS 11'!O26:O33,'BESS 11'!O35) -> 0 | L9: =K9+1 -> 1 | M9: =L9+1 -> 2 | N9: =M9+1 -> 3 | O9: =N9+1 -> 4 | P9: =O9+1 -> 5 | Q9: =P9+1 -> 6 | R9: =Q9+1 -> 7 | S9: =R9+1 -> 8 | ... CT9: =CS9+1 -> 87
D10: ='BESS 10B'!H50 -> 46253 | E10: Erection | F10: =SUM('BESS 10B'!S63:S70,'BESS 10B'!S72) -> #VALUE! | G10: =MAX('BESS 10B'!O63:O70,'BESS 10B'!O72)-MIN('BESS 10B'!O63:O70,'BESS 10B'!O72)+1 -> 9 | H10: =MIN('BESS 10B'!O63:O70,'BESS 10B'!SN72) -> 46228 | I10: =IF(AND(I$1>=$H10,I$1<($H10+$G10)),ROUND($F10/$G10,0),"-") -> - | J10: =IF(AND(J$1>=$H10,J$1<($H10+$G10)),ROUND($F10/$G10,0),"-") -> - | K10: =IF(AND(K$1>=$H10,K$1<($H10+$G10)),ROUND($F10/$G10,0),"-") -> - | L10: =IF(AND(L$1>=$H10,L$1<($H10+$G10)),ROUND($F10/$G10,0),"-") -> - | M10: =IF(AND(M$1>=$H10,M$1<($H10+$G10)),ROUND($F10/$G10,0),"-") -> - | N10: =IF(AND(N$1>=$H10,N$1<($H10+$G10)),ROUND($F10/$G10,0),"-") -> - | O10: =IF(AND(O$1>=$H10,O$1<($H10+$G10)),ROUND($F10/$G10,0),"-") -> - | P10: =IF(AND(P$1>=$H10,P$1<($H10+$G10)),ROUND($F10/$G10,0),"-") -> - | ... CT10: =IF(AND(CT$1>=$H10,CT$1<($H10+$G10)),ROUND($F10/$G10,0),"-") -> -
E11: Cable Laying | F11: =SUM('BESS 10B'!S73,'BESS 10B'!S75:S76,'BESS 10B'!S79:S81) -> #VALUE! | G11: =MAX('BESS 10B'!O73,'BESS 10B'!O75:O76,'BESS 10B'!O79:O81)-MIN('BESS 10B'!O73,'BESS 10B'!O75:O76,'BESS 10B'!O79:O81)+1 -> 3 | H11: =MIN('BESS 10B'!O73,'BESS 10B'!O75:O76,'BESS 10B'!O79:O81) -> 46232 | I11: =IF(AND(I$1>=$H11,I$1<($H11+$G11)),ROUND($F11/$G11,0),"-") -> - | J11: =IF(AND(J$1>=$H11,J$1<($H11+$G11)),ROUND($F11/$G11,0),"-") -> - | K11: =IF(AND(K$1>=$H11,K$1<($H11+$G11)),ROUND($F11/$G11,0),"-") -> - | L11: =IF(AND(L$1>=$H11,L$1<($H11+$G11)),ROUND($F11/$G11,0),"-") -> - | M11: =IF(AND(M$1>=$H11,M$1<($H11+$G11)),ROUND($F11/$G11,0),"-") -> - | N11: =IF(AND(N$1>=$H11,N$1<($H11+$G11)),ROUND($F11/$G11,0),"-") -> - | O11: =IF(AND(O$1>=$H11,O$1<($H11+$G11)),ROUND($F11/$G11,0),"-") -> - | P11: =IF(AND(P$1>=$H11,P$1<($H11+$G11)),ROUND($F11/$G11,0),"-") -> - | ... CT11: =IF(AND(CT$1>=$H11,CT$1<($H11+$G11)),ROUND($F11/$G11,0),"-") -> -
E12: Termination | F12: =SUM('BESS 10B'!S74,'BESS 10B'!S77:S78,'BESS 10B'!S82:S83) -> #VALUE! | G12: =MAX('BESS 10B'!O74,'BESS 10B'!O77:O78,'BESS 10B'!O82:O83)-MIN('BESS 10B'!O74,'BESS 10B'!O77:O78,'BESS 10B'!O82:O83)+1 -> 6 | H12: =MIN('BESS 10B'!O74,'BESS 10B'!O77:O78,'BESS 10B'!O82:O83) -> 46234 | I12: =IF(AND(I$1>=$H12,I$1<($H12+$G12)),ROUND($F12/$G12,0),"-") -> - | J12: =IF(AND(J$1>=$H12,J$1<($H12+$G12)),ROUND($F12/$G12,0),"-") -> - | K12: =IF(AND(K$1>=$H12,K$1<($H12+$G12)),ROUND($F12/$G12,0),"-") -> - | L12: =IF(AND(L$1>=$H12,L$1<($H12+$G12)),ROUND($F12/$G12,0),"-") -> - | M12: =IF(AND(M$1>=$H12,M$1<($H12+$G12)),ROUND($F12/$G12,0),"-") -> - | N12: =IF(AND(N$1>=$H12,N$1<($H12+$G12)),ROUND($F12/$G12,0),"-") -> - | O12: =IF(AND(O$1>=$H12,O$1<($H12+$G12)),ROUND($F12/$G12,0),"-") -> - | P12: =IF(AND(P$1>=$H12,P$1<($H12+$G12)),ROUND($F12/$G12,0),"-") -> - | ... CT12: =IF(AND(CT$1>=$H12,CT$1<($H12+$G12)),ROUND($F12/$G12,0),"-") -> -
E13: Testing | F13: =SUM('BESS 10B'!S85:S94) -> #VALUE! | G13: =MAX('BESS 10B'!O85:O94)-MIN('BESS 10B'!O85:O94)+1 -> 12 | H13: =MIN('BESS 10B'!O85:O94) -> 46231 | I13: =IF(AND(I$1>=$H13,I$1<($H13+$G13)),ROUND($F13/$G13,0),"-") -> - | J13: =IF(AND(J$1>=$H13,J$1<($H13+$G13)),ROUND($F13/$G13,0),"-") -> - | K13: =IF(AND(K$1>=$H13,K$1<($H13+$G13)),ROUND($F13/$G13,0),"-") -> - | L13: =IF(AND(L$1>=$H13,L$1<($H13+$G13)),ROUND($F13/$G13,0),"-") -> - | M13: =IF(AND(M$1>=$H13,M$1<($H13+$G13)),ROUND($F13/$G13,0),"-") -> - | N13: =IF(AND(N$1>=$H13,N$1<($H13+$G13)),ROUND($F13/$G13,0),"-") -> - | O13: =IF(AND(O$1>=$H13,O$1<($H13+$G13)),ROUND($F13/$G13,0),"-") -> - | P13: =IF(AND(P$1>=$H13,P$1<($H13+$G13)),ROUND($F13/$G13,0),"-") -> - | ... CT13: =IF(AND(CT$1>=$H13,CT$1<($H13+$G13)),ROUND($F13/$G13,0),"-") -> -
E14: CFT | F14: =SUM(AL14:BO14) -> 250 | G14: 30 | H14: =B9-3 -> 46242 | AL14: 5 | AM14: 5 | AN14: 5 | AO14: 5 | AP14: 5 | AQ14: 5 | AR14: 5 | AS14: 5 | AT14: 5 | AU14: 5 | AV14: 5 | AW14: 5 | AX14: 5 | AY14: 5 | AZ14: 5 | BA14: 5 | BB14: 5 | BC14: 5 | BD14: 5 | BE14: 5 | BF14: 5 | BG14: 5 | BH14: 5 | BI14: 5 | BJ14: 30 | BK14: 30 | BL14: 30 | BM14: 30 | BN14: 5 | BO14: 5
H15: Total | K15: =SUM(K10:K14) -> 0 | L15: =SUM(L10:L14) -> 0 | M15: =SUM(M10:M14) -> 0 | N15: =SUM(N10:N14) -> 0 | O15: =SUM(O10:O14) -> 0 | P15: =SUM(P10:P14) -> 0 | Q15: =SUM(Q10:Q14) -> 0 | R15: =SUM(R10:R14) -> 0 | ... CT15: =SUM(CT10:CT14) -> 0
A17: Block 3 | B17: ='BESS 10B'!F95 -> 08 Aug 23 Aug | C17: ='BESS 10B'!G95 -> 13 Aug 28 Aug | E17: Activity | F17: Mandays | G17: Days | H17: Min. Date | I17: 46195 | J17: 46196 | K17: 46197 | L17: =K17+1 -> 46198 | M17: =L17+1 -> 46199 | N17: =M17+1 -> 46200 | O17: =N17+1 -> 46201 | P17: =O17+1 -> 46202 | Q17: =P17+1 -> 46203 | R17: =Q17+1 -> 46204 | S17: =R17+1 -> 46205 | ... CT17: =CS17+1 -> 46284
D18: ='BESS 10B'!H95 -> 16 Aug 31 Aug | E18: Erection | F18: =SUM('BESS 10B'!S108:S115,'BESS 10B'!S117) -> #VALUE! | G18: =MAX('BESS 10B'!O108:O115,'BESS 10B'!O117)-MIN('BESS 10B'!O108:O115,'BESS 10B'!O117)+1 -> 5 | H18: =MIN('BESS 10B'!S108:S115,'BESS 10B'!S117) -> #VALUE! | I18: =IF(AND(I$1>=$H18,I$1<($H18+$G18)),ROUND($F18/$G18,0),"-") -> #VALUE! | J18: =IF(AND(J$1>=$H18,J$1<($H18+$G18)),ROUND($F18/$G18,0),"-") -> #VALUE! | K18: =IF(AND(K$1>=$H18,K$1<($H18+$G18)),ROUND($F18/$G18,0),"-") -> #VALUE! | L18: =IF(AND(L$1>=$H18,L$1<($H18+$G18)),ROUND($F18/$G18,0),"-") -> #VALUE! | M18: =IF(AND(M$1>=$H18,M$1<($H18+$G18)),ROUND($F18/$G18,0),"-") -> #VALUE! | N18: =IF(AND(N$1>=$H18,N$1<($H18+$G18)),ROUND($F18/$G18,0),"-") -> #VALUE! | O18: =IF(AND(O$1>=$H18,O$1<($H18+$G18)),ROUND($F18/$G18,0),"-") -> #VALUE! | P18: =IF(AND(P$1>=$H18,P$1<($H18+$G18)),ROUND($F18/$G18,0),"-") -> #VALUE! | ... CT18: =IF(AND(CT$1>=$H18,CT$1<($H18+$G18)),ROUND($F18/$G18,0),"-") -> #VALUE!
E19: Cable Laying | F19: =SUM('BESS 10B'!S118,'BESS 10B'!S120:S121,'BESS 10B'!S124:S126) -> #VALUE! | G19: =MAX('BESS 10B'!O118,'BESS 10B'!O120:O121,'BESS 10B'!O124:O126)-MIN('BESS 10B'!O118,'BESS 10B'!O120:O121,'BESS 10B'!O124:O126)+1 -> 5 | H19: =MIN('BESS 10B'!O118,'BESS 10B'!O120:O121,'BESS 10B'!O124:O126) -> 46242 | I19: =IF(AND(I$1>=$H19,I$1<($H19+$G19)),ROUND($F19/$G19,0),"-") -> - | J19: =IF(AND(J$1>=$H19,J$1<($H19+$G19)),ROUND($F19/$G19,0),"-") -> - | K19: =IF(AND(K$1>=$H19,K$1<($H19+$G19)),ROUND($F19/$G19,0),"-") -> - | L19: =IF(AND(L$1>=$H19,L$1<($H19+$G19)),ROUND($F19/$G19,0),"-") -> - | M19: =IF(AND(M$1>=$H19,M$1<($H19+$G19)),ROUND($F19/$G19,0),"-") -> - | N19: =IF(AND(N$1>=$H19,N$1<($H19+$G19)),ROUND($F19/$G19,0),"-") -> - | O19: =IF(AND(O$1>=$H19,O$1<($H19+$G19)),ROUND($F19/$G19,0),"-") -> - | P19: =IF(AND(P$1>=$H19,P$1<($H19+$G19)),ROUND($F19/$G19,0),"-") -> - | ... CT19: =IF(AND(CT$1>=$H19,CT$1<($H19+$G19)),ROUND($F19/$G19,0),"-") -> -
E20: Termination | F20: =SUM('BESS 10B'!S119,'BESS 10B'!S122:S123,'BESS 10B'!S127:S128) -> #VALUE! | G20: =MAX('BESS 10B'!O119,'BESS 10B'!O121:O122,'BESS 10B'!O125:O127)-MIN('BESS 10B'!O119,'BESS 10B'!O121:O122,'BESS 10B'!O125:O127)+1 -> 8 | H20: =MIN('BESS 10B'!O119,'BESS 10B'!O121:O122,'BESS 10B'!O125:O127) -> 46244 | I20: =IF(AND(I$1>=$H20,I$1<($H20+$G20)),ROUND($F20/$G20,0),"-") -> - | J20: =IF(AND(J$1>=$H20,J$1<($H20+$G20)),ROUND($F20/$G20,0),"-") -> - | K20: =IF(AND(K$1>=$H20,K$1<($H20+$G20)),ROUND($F20/$G20,0),"-") -> - | L20: =IF(AND(L$1>=$H20,L$1<($H20+$G20)),ROUND($F20/$G20,0),"-") -> - | M20: =IF(AND(M$1>=$H20,M$1<($H20+$G20)),ROUND($F20/$G20,0),"-") -> - | N20: =IF(AND(N$1>=$H20,N$1<($H20+$G20)),ROUND($F20/$G20,0),"-") -> - | O20: =IF(AND(O$1>=$H20,O$1<($H20+$G20)),ROUND($F20/$G20,0),"-") -> - | P20: =IF(AND(P$1>=$H20,P$1<($H20+$G20)),ROUND($F20/$G20,0),"-") -> - | ... CT20: =IF(AND(CT$1>=$H20,CT$1<($H20+$G20)),ROUND($F20/$G20,0),"-") -> -
E21: Testing | F21: =SUM('BESS 10B'!S130:S139) -> #VALUE! | G21: =MAX('BESS 10B'!O130:O139)-MIN('BESS 10B'!O130:O139)+1 -> 10 | H21: =MIN('BESS 10B'!O130:O139) -> 46246 | I21: =IF(AND(I$1>=$H21,I$1<($H21+$G21)),ROUND($F21/$G21,0),"-") -> - | J21: =IF(AND(J$1>=$H21,J$1<($H21+$G21)),ROUND($F21/$G21,0),"-") -> - | K21: =IF(AND(K$1>=$H21,K$1<($H21+$G21)),ROUND($F21/$G21,0),"-") -> - | L21: =IF(AND(L$1>=$H21,L$1<($H21+$G21)),ROUND($F21/$G21,0),"-") -> - | M21: =IF(AND(M$1>=$H21,M$1<($H21+$G21)),ROUND($F21/$G21,0),"-") -> - | N21: =IF(AND(N$1>=$H21,N$1<($H21+$G21)),ROUND($F21/$G21,0),"-") -> - | O21: =IF(AND(O$1>=$H21,O$1<($H21+$G21)),ROUND($F21/$G21,0),"-") -> - | P21: =IF(AND(P$1>=$H21,P$1<($H21+$G21)),ROUND($F21/$G21,0),"-") -> - | ... CT21: =IF(AND(CT$1>=$H21,CT$1<($H21+$G21)),ROUND($F21/$G21,0),"-") -> -
E22: CFT | F22: =SUM(AN22:BQ22) -> 250 | G22: 30 | H22: =B17-3 -> #VALUE! | AN22: 5 | AO22: 5 | AP22: 5 | AQ22: 5 | AR22: 5 | AS22: 5 | AT22: 5 | AU22: 5 | AV22: 5 | AW22: 5 | AX22: 5 | AY22: 5 | AZ22: 5 | BA22: 5 | BB22: 5 | BC22: 5 | BD22: 5 | BE22: 5 | BF22: 5 | BG22: 5 | BH22: 5 | BI22: 5 | BJ22: 5 | BK22: 5 | BL22: 30 | BM22: 30 | BN22: 30 | BO22: 30 | BP22: 5 | BQ22: 5
H23: Total | K23: =SUM(K18:K22) -> #VALUE! | L23: =SUM(L18:L22) -> #VALUE! | M23: =SUM(M18:M22) -> #VALUE! | N23: =SUM(N18:N22) -> #VALUE! | O23: =SUM(O18:O22) -> #VALUE! | P23: =SUM(P18:P22) -> #VALUE! | Q23: =SUM(Q18:Q22) -> #VALUE! | R23: =SUM(R18:R22) -> #VALUE! | ... CT23: =SUM(CT18:CT22) -> #VALUE!
A25: Block 4 | B25: ='BESS 10B'!F140 -> 30 Aug 21 Sep | C25: ='BESS 10B'!G140 -> 04 Sep 26 Sep | E25: Activity | F25: Mandays | G25: Days | H25: Min. Date | I25: 46195 | J25: 46196 | K25: 46197 | L25: =K25+1 -> 46198 | M25: =L25+1 -> 46199 | N25: =M25+1 -> 46200 | O25: =N25+1 -> 46201 | P25: =O25+1 -> 46202 | Q25: =P25+1 -> 46203 | R25: =Q25+1 -> 46204 | S25: =R25+1 -> 46205 | ... CT25: =CS25+1 -> 46284
D26: ='BESS 10B'!H140 -> 07 Sep 29 Sep | E26: Erection | F26: =SUM('BESS 10B'!S153:S160,'BESS 10B'!S162) -> #VALUE! | G26: =MAX('BESS 10B'!S153:S160,'BESS 10B'!S162)-MIN('BESS 10B'!S153:S160,'BESS 10B'!S162)+1 -> #VALUE! | H26: =MIN('BESS 10B'!O153:O160,'BESS 10B'!O162) -> 46244 | I26: =IF(AND(I$1>=$H26,I$1<($H26+$G26)),ROUND($F26/$G26,0),"-") -> #VALUE! | J26: =IF(AND(J$1>=$H26,J$1<($H26+$G26)),ROUND($F26/$G26,0),"-") -> #VALUE! | K26: =IF(AND(K$1>=$H26,K$1<($H26+$G26)),ROUND($F26/$G26,0),"-") -> #VALUE! | L26: =IF(AND(L$1>=$H26,L$1<($H26+$G26)),ROUND($F26/$G26,0),"-") -> #VALUE! | M26: =IF(AND(M$1>=$H26,M$1<($H26+$G26)),ROUND($F26/$G26,0),"-") -> #VALUE! | N26: =IF(AND(N$1>=$H26,N$1<($H26+$G26)),ROUND($F26/$G26,0),"-") -> #VALUE! | O26: =IF(AND(O$1>=$H26,O$1<($H26+$G26)),ROUND($F26/$G26,0),"-") -> #VALUE! | P26: =IF(AND(P$1>=$H26,P$1<($H26+$G26)),ROUND($F26/$G26,0),"-") -> #VALUE! | ... CT26: =IF(AND(CT$1>=$H26,CT$1<($H26+$G26)),ROUND($F26/$G26,0),"-") -> #VALUE!
E27: Cable Laying | F27: =SUM('BESS 10B'!S163,'BESS 10B'!S165:S166,'BESS 10B'!S169:S171) -> #VALUE! | G27: =MAX('BESS 10B'!O163,'BESS 10B'!O165:O166,'BESS 10B'!O169:O171)-MIN('BESS 10B'!O163,'BESS 10B'!O165:O166,'BESS 10B'!O169:O171)+1 -> 13 | H27: =MIN('BESS 10B'!O163,'BESS 10B'!O165:O166,'BESS 10B'!O169:O171) -> 46242 | I27: =IF(AND(I$1>=$H27,I$1<($H27+$G27)),ROUND($F27/$G27,0),"-") -> - | J27: =IF(AND(J$1>=$H27,J$1<($H27+$G27)),ROUND($F27/$G27,0),"-") -> - | K27: =IF(AND(K$1>=$H27,K$1<($H27+$G27)),ROUND($F27/$G27,0),"-") -> - | L27: =IF(AND(L$1>=$H27,L$1<($H27+$G27)),ROUND($F27/$G27,0),"-") -> - | M27: =IF(AND(M$1>=$H27,M$1<($H27+$G27)),ROUND($F27/$G27,0),"-") -> - | N27: =IF(AND(N$1>=$H27,N$1<($H27+$G27)),ROUND($F27/$G27,0),"-") -> - | O27: =IF(AND(O$1>=$H27,O$1<($H27+$G27)),ROUND($F27/$G27,0),"-") -> - | P27: =IF(AND(P$1>=$H27,P$1<($H27+$G27)),ROUND($F27/$G27,0),"-") -> - | ... CT27: =IF(AND(CT$1>=$H27,CT$1<($H27+$G27)),ROUND($F27/$G27,0),"-") -> -
E28: Termination | F28: =SUM('BESS 10B'!S164,'BESS 10B'!S167:S168,'BESS 10B'!S172:S173) -> #VALUE! | G28: =MAX('BESS 10B'!O164,'BESS 10B'!O167:O168,'BESS 10B'!O172:O173)-MIN('BESS 10B'!O164,'BESS 10B'!O167:O168,'BESS 10B'!O172:O173)+1 -> 21 | H28: =MIN('BESS 10B'!O164,'BESS 10B'!O167:O168,'BESS 10B'!O172:O173) -> 46257 | I28: =IF(AND(I$1>=$H28,I$1<($H28+$G28)),ROUND($F28/$G28,0),"-") -> - | J28: =IF(AND(J$1>=$H28,J$1<($H28+$G28)),ROUND($F28/$G28,0),"-") -> - | K28: =IF(AND(K$1>=$H28,K$1<($H28+$G28)),ROUND($F28/$G28,0),"-") -> - | L28: =IF(AND(L$1>=$H28,L$1<($H28+$G28)),ROUND($F28/$G28,0),"-") -> - | M28: =IF(AND(M$1>=$H28,M$1<($H28+$G28)),ROUND($F28/$G28,0),"-") -> - | N28: =IF(AND(N$1>=$H28,N$1<($H28+$G28)),ROUND($F28/$G28,0),"-") -> - | O28: =IF(AND(O$1>=$H28,O$1<($H28+$G28)),ROUND($F28/$G28,0),"-") -> - | P28: =IF(AND(P$1>=$H28,P$1<($H28+$G28)),ROUND($F28/$G28,0),"-") -> - | ... CT28: =IF(AND(CT$1>=$H28,CT$1<($H28+$G28)),ROUND($F28/$G28,0),"-") -> -
E29: Testing | F29: =SUM('BESS 10B'!S175:S184) -> #VALUE! | G29: =MAX('BESS 10B'!O175:O184)-MIN('BESS 10B'!O175:O184)+1 -> 24 | H29: =MIN('BESS 10B'!O175:O184) -> 46260 | I29: =IF(AND(I$1>=$H29,I$1<($H29+$G29)),ROUND($F29/$G29,0),"-") -> - | J29: =IF(AND(J$1>=$H29,J$1<($H29+$G29)),ROUND($F29/$G29,0),"-") -> - | K29: =IF(AND(K$1>=$H29,K$1<($H29+$G29)),ROUND($F29/$G29,0),"-") -> - | L29: =IF(AND(L$1>=$H29,L$1<($H29+$G29)),ROUND($F29/$G29,0),"-") -> - | M29: =IF(AND(M$1>=$H29,M$1<($H29+$G29)),ROUND($F29/$G29,0),"-") -> - | N29: =IF(AND(N$1>=$H29,N$1<($H29+$G29)),ROUND($F29/$G29,0),"-") -> - | O29: =IF(AND(O$1>=$H29,O$1<($H29+$G29)),ROUND($F29/$G29,0),"-") -> - | P29: =IF(AND(P$1>=$H29,P$1<($H29+$G29)),ROUND($F29/$G29,0),"-") -> - | ... CT29: =IF(AND(CT$1>=$H29,CT$1<($H29+$G29)),ROUND($F29/$G29,0),"-") -> -
E30: CFT | F30: 250 | G30: 30 | H30: =B25-3 -> #VALUE! | BJ30: 5 | BK30: 5 | BL30: 5 | BM30: 5 | BN30: 5 | BO30: 5 | BP30: 5 | BQ30: 5 | BR30: 5 | BS30: 5 | BT30: 5 | BU30: 5 | BV30: 5 | BW30: 5 | BX30: 5 | BY30: 5 | BZ30: 5 | CA30: 5 | CB30: 5 | CC30: 5 | CD30: 5 | CE30: 5 | CF30: 5 | CG30: 5 | CH30: 30 | CI30: 30 | CJ30: 30 | CK30: 30 | CL30: 5 | CM30: 5
H31: Total | K31: =SUM(K26:K30) -> #VALUE! | L31: =SUM(L26:L30) -> #VALUE! | M31: =SUM(M26:M30) -> #VALUE! | N31: =SUM(N26:N30) -> #VALUE! | O31: =SUM(O26:O30) -> #VALUE! | P31: =SUM(P26:P30) -> #VALUE! | Q31: =SUM(Q26:Q30) -> #VALUE! | R31: =SUM(R26:R30) -> #VALUE! | ... CT31: =SUM(CT26:CT30) -> #VALUE!
A33: Block 5 | B33: ='BESS 10B'!F185 -> 04 Sep 30 Sep | C33: ='BESS 10B'!G185 -> 09 Sep 05 Oct | E33: Activity | F33: Mandays | G33: Days | H33: Min. Date | I33: 46195 | J33: 46196 | K33: 46197 | L33: =K33+1 -> 46198 | M33: =L33+1 -> 46199 | N33: =M33+1 -> 46200 | O33: =N33+1 -> 46201 | P33: =O33+1 -> 46202 | Q33: =P33+1 -> 46203 | R33: =Q33+1 -> 46204 | S33: =R33+1 -> 46205 | ... CT33: =CS33+1 -> 46284
D34: ='BESS 10B'!H185 -> 12 Sep 08 Oct | E34: Erection | F34: =SUM('BESS 10B'!S198:S205,'BESS 10B'!S207) -> #VALUE! | G34: =MAX('BESS 10B'!O198:O205,'BESS 10B'!O207)-MIN('BESS 10B'!O198:O205,'BESS 10B'!O207)+1 -> 30 | H34: =MIN('BESS 10B'!O198:O205,'BESS 10B'!O207) -> 46249 | I34: =IF(AND(I$1>=$H34,I$1<($H34+$G34)),ROUND($F34/$G34,0),"-") -> - | J34: =IF(AND(J$1>=$H34,J$1<($H34+$G34)),ROUND($F34/$G34,0),"-") -> - | K34: =IF(AND(K$1>=$H34,K$1<($H34+$G34)),ROUND($F34/$G34,0),"-") -> - | L34: =IF(AND(L$1>=$H34,L$1<($H34+$G34)),ROUND($F34/$G34,0),"-") -> - | M34: =IF(AND(M$1>=$H34,M$1<($H34+$G34)),ROUND($F34/$G34,0),"-") -> - | N34: =IF(AND(N$1>=$H34,N$1<($H34+$G34)),ROUND($F34/$G34,0),"-") -> - | O34: =IF(AND(O$1>=$H34,O$1<($H34+$G34)),ROUND($F34/$G34,0),"-") -> - | P34: =IF(AND(P$1>=$H34,P$1<($H34+$G34)),ROUND($F34/$G34,0),"-") -> - | ... CT34: =IF(AND(CT$1>=$H34,CT$1<($H34+$G34)),ROUND($F34/$G34,0),"-") -> -
E35: Cable Laying | F35: =SUM('BESS 10B'!S208,'BESS 10B'!S210:S211,'BESS 10B'!S214:S216) -> #VALUE! | G35: =MAX('BESS 10B'!O208,'BESS 10B'!O210:O211,'BESS 10B'!O214:O216)-MIN('BESS 10B'!O208,'BESS 10B'!O210:O211,'BESS 10B'!O214:O216)+1 -> 9 | H35: =MIN('BESS 10B'!O208,'BESS 10B'!O210:O211,'BESS 10B'!O214:O216) -> 46249 | I35: =IF(AND(I$1>=$H35,I$1<($H35+$G35)),ROUND($F35/$G35,0),"-") -> - | J35: =IF(AND(J$1>=$H35,J$1<($H35+$G35)),ROUND($F35/$G35,0),"-") -> - | K35: =IF(AND(K$1>=$H35,K$1<($H35+$G35)),ROUND($F35/$G35,0),"-") -> - | L35: =IF(AND(L$1>=$H35,L$1<($H35+$G35)),ROUND($F35/$G35,0),"-") -> - | M35: =IF(AND(M$1>=$H35,M$1<($H35+$G35)),ROUND($F35/$G35,0),"-") -> - | N35: =IF(AND(N$1>=$H35,N$1<($H35+$G35)),ROUND($F35/$G35,0),"-") -> - | O35: =IF(AND(O$1>=$H35,O$1<($H35+$G35)),ROUND($F35/$G35,0),"-") -> - | P35: =IF(AND(P$1>=$H35,P$1<($H35+$G35)),ROUND($F35/$G35,0),"-") -> - | ... CT35: =IF(AND(CT$1>=$H35,CT$1<($H35+$G35)),ROUND($F35/$G35,0),"-") -> -
E36: Termination | F36: =SUM('BESS 10B'!S209,'BESS 10B'!S212:S213,'BESS 10B'!S217:S218) -> #VALUE! | G36: =MAX('BESS 10B'!O209,'BESS 10B'!O212:O213,'BESS 10B'!O217:O218)-MIN('BESS 10B'!O209,'BESS 10B'!O212:O213,'BESS 10B'!O217:O218)+1 -> 24 | H36: =MIN('BESS 10B'!O209,'BESS 10B'!O212:O213,'BESS 10B'!O217:O218) -> 46262 | I36: =IF(AND(I$1>=$H36,I$1<($H36+$G36)),ROUND($F36/$G36,0),"-") -> - | J36: =IF(AND(J$1>=$H36,J$1<($H36+$G36)),ROUND($F36/$G36,0),"-") -> - | K36: =IF(AND(K$1>=$H36,K$1<($H36+$G36)),ROUND($F36/$G36,0),"-") -> - | L36: =IF(AND(L$1>=$H36,L$1<($H36+$G36)),ROUND($F36/$G36,0),"-") -> - | M36: =IF(AND(M$1>=$H36,M$1<($H36+$G36)),ROUND($F36/$G36,0),"-") -> - | N36: =IF(AND(N$1>=$H36,N$1<($H36+$G36)),ROUND($F36/$G36,0),"-") -> - | O36: =IF(AND(O$1>=$H36,O$1<($H36+$G36)),ROUND($F36/$G36,0),"-") -> - | P36: =IF(AND(P$1>=$H36,P$1<($H36+$G36)),ROUND($F36/$G36,0),"-") -> - | ... CT36: =IF(AND(CT$1>=$H36,CT$1<($H36+$G36)),ROUND($F36/$G36,0),"-") -> #VALUE!
E37: Testing | F37: =SUM('BESS 10B'!S220:S229) -> #VALUE! | G37: =MAX('BESS 10B'!O220:O229)-MIN('BESS 10B'!O220:O229)+1 -> 28 | H37: =MIN('BESS 10B'!O220:O229) -> 46265 | I37: =IF(AND(I$1>=$H37,I$1<($H37+$G37)),ROUND($F37/$G37,0),"-") -> - | J37: =IF(AND(J$1>=$H37,J$1<($H37+$G37)),ROUND($F37/$G37,0),"-") -> - | K37: =IF(AND(K$1>=$H37,K$1<($H37+$G37)),ROUND($F37/$G37,0),"-") -> - | L37: =IF(AND(L$1>=$H37,L$1<($H37+$G37)),ROUND($F37/$G37,0),"-") -> - | M37: =IF(AND(M$1>=$H37,M$1<($H37+$G37)),ROUND($F37/$G37,0),"-") -> - | N37: =IF(AND(N$1>=$H37,N$1<($H37+$G37)),ROUND($F37/$G37,0),"-") -> - | O37: =IF(AND(O$1>=$H37,O$1<($H37+$G37)),ROUND($F37/$G37,0),"-") -> - | P37: =IF(AND(P$1>=$H37,P$1<($H37+$G37)),ROUND($F37/$G37,0),"-") -> - | ... CT37: =IF(AND(CT$1>=$H37,CT$1<($H37+$G37)),ROUND($F37/$G37,0),"-") -> #VALUE!
E38: CFT | F38: 250 | G38: 30 | H38: =B33-3 -> #VALUE! | BL38: 5 | BM38: 5 | BN38: 5 | BO38: 5 | BP38: 5 | BQ38: 5 | BR38: 5 | BS38: 5 | BT38: 5 | BU38: 5 | BV38: 5 | BW38: 5 | BX38: 5 | BY38: 5 | BZ38: 5 | CA38: 5 | CB38: 5 | CC38: 5 | CD38: 5 | CE38: 5 | CF38: 5 | CG38: 5 | CH38: 5 | CI38: 5 | CJ38: 30 | CK38: 30 | CL38: 30 | CM38: 30 | CN38: 5 | CO38: 5
H39: Total | K39: =SUM(K34:K38) -> 0 | L39: =SUM(L34:L38) -> 0 | M39: =SUM(M34:M38) -> 0 | N39: =SUM(N34:N38) -> 0 | O39: =SUM(O34:O38) -> 0 | P39: =SUM(P34:P38) -> 0 | Q39: =SUM(Q34:Q38) -> 0 | R39: =SUM(R34:R38) -> 0 | ... CT39: =SUM(CT34:CT38) -> #VALUE!

Sheet BC Arrival Productivity
A1: BESS 11
B2: Battery Container | C2: Scope | D2: Actual | E2: Balance | F2: Start date | G2: End Date | H2: Days | I2: Productivity | J2: Manpower | K2: Total Manpower | L2: Avg Manpower | M2: 46201 | N2: 46202 | O2: 46203 | P2: 46204 | Q2: 46205 | R2: 46206 | S2: 46207 | T2: 46208 | U2: 46209 | V2: 46210 | W2: 46211 | X2: 46212 | Y2: 46213 | Z2: 46214 | AA2: 46215 | AB2: 46216 | AC2: 46217 | AD2: 46218 | AE2: 46219 | AF2: 46220 | AG2: 46221 | AH2: 46222 | AI2: 46223 | AJ2: 46224 | AK2: 46225 | AL2: 46226 | AM2: 46227 | AN2: 46228 | AO2: 46229 | AP2: 46230 | AQ2: 46231 | AR2: 46232 | AS2: 46233 | AT2: 46234 | AU2: 46235 | AV2: 46236 | AW2: 46237 | AX2: 46238 | AY2: 46239 | AZ2: 46240 | BA2: 46241 | BB2: 46242 | BC2: 46243 | BD2: 46244 | BE2: 46245 | BF2: 46246 | BG2: 46247 | BH2: 46248 | BI2: 46249 | BJ2: 46250 | BK2: 46251 | BL2: 46252 | BM2: 46253 | BN2: 46254 | BO2: 46255 | BP2: 46256 | BQ2: 46257 | BR2: 46258 | BS2: 46259 | BT2: 46260 | BU2: 46261 | BV2: 46262 | BW2: 46263 | BX2: 46264 | BY2: 46265 | BZ2: 46266 | CA2: 46267 | CB2: 46268 | CC2: 46269 | CD2: 46270 | CE2: 46271 | CF2: 46272 | CG2: 46273 | CH2: 46274 | CI2: 46275 | CJ2: 46276 | CK2: 46277 | CL2: 46278 | CM2: 46279 | CN2: 46280 | CO2: 46281 | CP2: 46282 | CQ2: 46283 | CR2: 46284 | CS2: 46285 | CT2: 46286 | CU2: 46287 | CV2: 46288 | CW2: 46289
B3: Battery Container Erection | C3: 48 | D3: 0 | E3: =C3-D3 -> 48 | F3: ='BESS 11'!D5 -> 28 Jun, 05 Jul | G3: =F3+4 -> #VALUE! | H3: =G3-F3 -> #VALUE! | I3: 10 | J3: 1 | K3: =(E3*J3)/I3 -> 4.8 | L3: =AVERAGEIF(M3:Q5,">0") -> #DIV/0! | M3: =IF(AND(M$2>=$F3,M$2<($F3+$H3)),ROUND($K3/$H3,0),"-") -> #VALUE! | N3: =IF(AND(N$2>=$F3,N$2<($F3+$H3)),ROUND($K3/$H3,0),"-") -> #VALUE! | O3: =IF(AND(O$2>=$F3,O$2<($F3+$H3)),ROUND($K3/$H3,0),"-") -> #VALUE! | P3: =IF(AND(P$2>=$F3,P$2<($F3+$H3)),ROUND($K3/$H3,0),"-") -> #VALUE! | Q3: =IF(AND(Q$2>=$F3,Q$2<($F3+$H3)),ROUND($K3/$H3,0),"-") -> #VALUE! | R3: =IF(AND(R$2>=$F3,R$2<($F3+$H3)),ROUND($K3/$H3,0),"-") -> #VALUE! | S3: =IF(AND(S$2>=$F3,S$2<($F3+$H3)),ROUND($K3/$H3,0),"-") -> #VALUE! | T3: =IF(AND(T$2>=$F3,T$2<($F3+$H3)),ROUND($K3/$H3,0),"-") -> #VALUE! | ... BA3: =IF(AND(BA$2>=$F3,BA$2<($F3+$H3)),ROUND($K3/$H3,0),"-") -> #VALUE!
A4: B4 | B4: DC termination | C4: 768 | D4: =SUM('[1]Electrical Work'!$G$446:$G$451) -> 810 | E4: =C4-D4 -> -42 | F4: =F3 -> 28 Jun, 05 Jul | G4: =G3 -> #VALUE! | H4: =G4-F4 -> #VALUE! | I4: 40 | J4: 18 | K4: =(E4*J4)/I4 -> -18.9 | M4: =IF(AND(M$2>=$F4,M$2<($F4+$H4)),ROUND($K4/$H4,0),"-") -> #VALUE! | N4: =IF(AND(N$2>=$F4,N$2<($F4+$H4)),ROUND($K4/$H4,0),"-") -> #VALUE! | O4: =IF(AND(O$2>=$F4,O$2<($F4+$H4)),ROUND($K4/$H4,0),"-") -> #VALUE! | P4: =IF(AND(P$2>=$F4,P$2<($F4+$H4)),ROUND($K4/$H4,0),"-") -> #VALUE! | Q4: =IF(AND(Q$2>=$F4,Q$2<($F4+$H4)),ROUND($K4/$H4,0),"-") -> #VALUE! | R4: =IF(AND(R$2>=$F4,R$2<($F4+$H4)),ROUND($K4/$H4,0),"-") -> #VALUE! | S4: =IF(AND(S$2>=$F4,S$2<($F4+$H4)),ROUND($K4/$H4,0),"-") -> #VALUE! | T4: =IF(AND(T$2>=$F4,T$2<($F4+$H4)),ROUND($K4/$H4,0),"-") -> #VALUE! | ... CW4: =IF(AND(CW$2>=$F4,CW$2<($F4+$H4)),ROUND($K4/$H4,0),"-") -> #VALUE!
B5: Control & Communication termination | C5: 1344 | D5: 0 | E5: =C5-D5 -> 1344 | F5: =F4 -> 28 Jun, 05 Jul | G5: =G4 -> #VALUE! | H5: =H4 -> #VALUE! | I5: 40 | J5: 6 | K5: =(E5*J5)/I5 -> 201.6 | M5: =IF(AND(M$2>=$F5,M$2<($F5+$H5)),ROUND($K5/$H5,0),"-") -> #VALUE! | N5: =IF(AND(N$2>=$F5,N$2<($F5+$H5)),ROUND($K5/$H5,0),"-") -> #VALUE! | O5: =IF(AND(O$2>=$F5,O$2<($F5+$H5)),ROUND($K5/$H5,0),"-") -> #VALUE! | P5: =IF(AND(P$2>=$F5,P$2<($F5+$H5)),ROUND($K5/$H5,0),"-") -> #VALUE! | Q5: =IF(AND(Q$2>=$F5,Q$2<($F5+$H5)),ROUND($K5/$H5,0),"-") -> #VALUE! | R5: =IF(AND(R$2>=$F5,R$2<($F5+$H5)),ROUND($K5/$H5,0),"-") -> #VALUE! | S5: =IF(AND(S$2>=$F5,S$2<($F5+$H5)),ROUND($K5/$H5,0),"-") -> #VALUE! | T5: =IF(AND(T$2>=$F5,T$2<($F5+$H5)),ROUND($K5/$H5,0),"-") -> #VALUE! | ... AA5: =IF(AND(AA$2>=$F5,AA$2<($F5+$H5)),ROUND($K5/$H5,0),"-") -> #VALUE!
B7: Battery Container | C7: Scope | D7: Actual | E7: Balance | F7: Start date | G7: End Date | H7: Days | I7: Productivity | J7: Manpower | K7: Total Manpower | L7: Avg Manpower | M7: 46201 | N7: 46202 | O7: 46203 | P7: 46204 | Q7: 46205 | R7: 46206 | S7: 46207 | T7: 46208 | U7: 46209 | V7: 46210 | W7: 46211 | X7: 46212 | Y7: 46213 | Z7: 46214 | AA7: 46215 | AB7: 46216 | AC7: 46217 | AD7: 46218 | AE7: 46219 | AF7: 46220 | AG7: 46221 | AH7: 46222 | AI7: 46223 | AJ7: 46224 | AK7: 46225 | AL7: 46226 | AM7: 46227 | AN7: 46228 | AO7: 46229 | AP7: 46230 | AQ7: 46231 | AR7: 46232 | AS7: 46233 | AT7: 46234 | AU7: 46235 | AV7: 46236 | AW7: 46237 | AX7: 46238 | AY7: 46239 | AZ7: 46240 | BA7: 46241 | BB7: 46242 | BC7: 46243 | BD7: 46244 | BE7: 46245 | BF7: 46246 | BG7: 46247 | BH7: 46248 | BI7: 46249 | BJ7: 46250 | BK7: 46251 | BL7: 46252 | BM7: 46253 | BN7: 46254 | BO7: 46255 | BP7: 46256 | BQ7: 46257 | BR7: 46258 | BS7: 46259 | BT7: 46260 | BU7: 46261 | BV7: 46262 | BW7: 46263 | BX7: 46264 | BY7: 46265 | BZ7: 46266 | CA7: 46267 | CB7: 46268 | CC7: 46269 | CD7: 46270 | CE7: 46271 | CF7: 46272 | CG7: 46273 | CH7: 46274 | CI7: 46275 | CJ7: 46276 | CK7: 46277 | CL7: 46278 | CM7: 46279 | CN7: 46280 | CO7: 46281 | CP7: 46282 | CQ7: 46283 | CR7: 46284 | CS7: 46285 | CT7: 46286 | CU7: 46287 | CV7: 46288 | CW7: 46289
A8: B3 | B8: Battery Container Erection | C8: 48 | D8: 0 | E8: =C8-D8 -> 48 | F8: ='BESS 11'!D50 -> 04 Jul, 08 Jul, 13 Jul | G8: =F8+4 -> #VALUE! | H8: =G8-F8 -> #VALUE! | I8: 10 | J8: 1 | K8: =(E8*J8)/I8 -> 4.8 | L8: =AVERAGEIF(M8:CW10,">0") -> #DIV/0! | M8: =IF(AND(M$2>=$F8,M$2<($F8+$H8)),ROUND($K8/$H8,0),"-") -> #VALUE! | N8: =IF(AND(N$2>=$F8,N$2<($F8+$H8)),ROUND($K8/$H8,0),"-") -> #VALUE! | O8: =IF(AND(O$2>=$F8,O$2<($F8+$H8)),ROUND($K8/$H8,0),"-") -> #VALUE! | P8: =IF(AND(P$2>=$F8,P$2<($F8+$H8)),ROUND($K8/$H8,0),"-") -> #VALUE! | Q8: =IF(AND(Q$2>=$F8,Q$2<($F8+$H8)),ROUND($K8/$H8,0),"-") -> #VALUE! | R8: =IF(AND(R$2>=$F8,R$2<($F8+$H8)),ROUND($K8/$H8,0),"-") -> #VALUE! | S8: =IF(AND(S$2>=$F8,S$2<($F8+$H8)),ROUND($K8/$H8,0),"-") -> #VALUE! | T8: =IF(AND(T$2>=$F8,T$2<($F8+$H8)),ROUND($K8/$H8,0),"-") -> #VALUE! | ... BA8: =IF(AND(BA$2>=$F8,BA$2<($F8+$H8)),ROUND($K8/$H8,0),"-") -> #VALUE!
B9: DC termination | C9: 768 | D9: =SUM('[1]Electrical Work'!$G$446:$G$451) -> 810 | E9: =C9-D9 -> -42 | F9: =F8 -> 04 Jul, 08 Jul, 13 Jul | G9: =G8 -> #VALUE! | H9: =G9-F9 -> #VALUE! | I9: 30 | J9: 18 | K9: =(E9*J9)/I9 -> -25.2 | M9: =IF(AND(M$2>=$F9,M$2<($F9+$H9)),ROUND($K9/$H9,0),"-") -> #VALUE! | N9: =IF(AND(N$2>=$F9,N$2<($F9+$H9)),ROUND($K9/$H9,0),"-") -> #VALUE! | O9: =IF(AND(O$2>=$F9,O$2<($F9+$H9)),ROUND($K9/$H9,0),"-") -> #VALUE! | P9: =IF(AND(P$2>=$F9,P$2<($F9+$H9)),ROUND($K9/$H9,0),"-") -> #VALUE! | Q9: =IF(AND(Q$2>=$F9,Q$2<($F9+$H9)),ROUND($K9/$H9,0),"-") -> #VALUE! | R9: =IF(AND(R$2>=$F9,R$2<($F9+$H9)),ROUND($K9/$H9,0),"-") -> #VALUE! | S9: =IF(AND(S$2>=$F9,S$2<($F9+$H9)),ROUND($K9/$H9,0),"-") -> #VALUE! | T9: =IF(AND(T$2>=$F9,T$2<($F9+$H9)),ROUND($K9/$H9,0),"-") -> #VALUE! | ... CW9: =IF(AND(CW$2>=$F9,CW$2<($F9+$H9)),ROUND($K9/$H9,0),"-") -> #VALUE!
B10: Control & Communication termination | C10: 1344 | D10: 0 | E10: =C10-D10 -> 1344 | F10: =F9 -> 04 Jul, 08 Jul, 13 Jul | G10: =G9 -> #VALUE! | H10: =H9 -> #VALUE! | I10: 30 | J10: 6 | K10: =(E10*J10)/I10 -> 268.8 | M10: =IF(AND(M$2>=$F10,M$2<($F10+$H10)),ROUND($K10/$H10,0),"-") -> #VALUE! | N10: =IF(AND(N$2>=$F10,N$2<($F10+$H10)),ROUND($K10/$H10,0),"-") -> #VALUE! | O10: =IF(AND(O$2>=$F10,O$2<($F10+$H10)),ROUND($K10/$H10,0),"-") -> #VALUE! | P10: =IF(AND(P$2>=$F10,P$2<($F10+$H10)),ROUND($K10/$H10,0),"-") -> #VALUE! | Q10: =IF(AND(Q$2>=$F10,Q$2<($F10+$H10)),ROUND($K10/$H10,0),"-") -> #VALUE! | R10: =IF(AND(R$2>=$F10,R$2<($F10+$H10)),ROUND($K10/$H10,0),"-") -> #VALUE! | S10: =IF(AND(S$2>=$F10,S$2<($F10+$H10)),ROUND($K10/$H10,0),"-") -> #VALUE! | T10: =IF(AND(T$2>=$F10,T$2<($F10+$H10)),ROUND($K10/$H10,0),"-") -> #VALUE! | ... AA10: =IF(AND(AA$2>=$F10,AA$2<($F10+$H10)),ROUND($K10/$H10,0),"-") -> #VALUE!
B12: Battery Container | C12: Scope | D12: Actual | E12: Balance | F12: Start date | G12: End Date | H12: Days | I12: Productivity | J12: Manpower | K12: Total Manpower | L12: Avg Manpower | M12: 46201 | N12: 46202 | O12: 46203 | P12: 46204 | Q12: 46205 | R12: 46206 | S12: 46207 | T12: 46208 | U12: 46209 | V12: 46210 | W12: 46211 | X12: 46212 | Y12: 46213 | Z12: 46214 | AA12: 46215 | AB12: 46216 | AC12: 46217 | AD12: 46218 | AE12: 46219 | AF12: 46220 | AG12: 46221 | AH12: 46222 | AI12: 46223 | AJ12: 46224 | AK12: 46225 | AL12: 46226 | AM12: 46227 | AN12: 46228 | AO12: 46229 | AP12: 46230 | AQ12: 46231 | AR12: 46232 | AS12: 46233 | AT12: 46234 | AU12: 46235 | AV12: 46236 | AW12: 46237 | AX12: 46238 | AY12: 46239 | AZ12: 46240 | BA12: 46241 | BB12: 46242 | BC12: 46243 | BD12: 46244 | BE12: 46245 | BF12: 46246 | BG12: 46247 | BH12: 46248 | BI12: 46249 | BJ12: 46250 | BK12: 46251 | BL12: 46252 | BM12: 46253 | BN12: 46254 | BO12: 46255 | BP12: 46256 | BQ12: 46257 | BR12: 46258 | BS12: 46259 | BT12: 46260 | BU12: 46261 | BV12: 46262 | BW12: 46263 | BX12: 46264 | BY12: 46265 | BZ12: 46266 | CA12: 46267 | CB12: 46268 | CC12: 46269 | CD12: 46270 | CE12: 46271 | CF12: 46272 | CG12: 46273 | CH12: 46274 | CI12: 46275 | CJ12: 46276 | CK12: 46277 | CL12: 46278 | CM12: 46279 | CN12: 46280 | CO12: 46281 | CP12: 46282 | CQ12: 46283 | CR12: 46284 | CS12: 46285 | CT12: 46286 | CU12: 46287 | CV12: 46288 | CW12: 46289
A13: B2 | B13: Battery Container Erection | C13: 48 | D13: 0 | E13: =C13-D13 -> 48 | F13: ='BESS 11'!D96 -> 13 Jul, 20 Jul 21 Jul | G13: =F13+4 -> #VALUE! | H13: =G13-F13 -> #VALUE! | I13: 10 | J13: 1 | K13: =(E13*J13)/I13 -> 4.8 | L13: =AVERAGEIF(M13:CW15,">0") -> #DIV/0! | M13: =IF(AND(M$2>=$F13,M$2<($F13+$H13)),ROUND($K13/$H13,0),"-") -> #VALUE! | N13: =IF(AND(N$2>=$F13,N$2<($F13+$H13)),ROUND($K13/$H13,0),"-") -> #VALUE! | O13: =IF(AND(O$2>=$F13,O$2<($F13+$H13)),ROUND($K13/$H13,0),"-") -> #VALUE! | P13: =IF(AND(P$2>=$F13,P$2<($F13+$H13)),ROUND($K13/$H13,0),"-") -> #VALUE! | Q13: =IF(AND(Q$2>=$F13,Q$2<($F13+$H13)),ROUND($K13/$H13,0),"-") -> #VALUE! | R13: =IF(AND(R$2>=$F13,R$2<($F13+$H13)),ROUND($K13/$H13,0),"-") -> #VALUE! | S13: =IF(AND(S$2>=$F13,S$2<($F13+$H13)),ROUND($K13/$H13,0),"-") -> #VALUE! | T13: =IF(AND(T$2>=$F13,T$2<($F13+$H13)),ROUND($K13/$H13,0),"-") -> #VALUE! | ... BA13: =IF(AND(BA$2>=$F13,BA$2<($F13+$H13)),ROUND($K13/$H13,0),"-") -> #VALUE!
B14: DC termination | C14: 768 | D14: =SUM('[1]Electrical Work'!$G$446:$G$451) -> 810 | E14: =C14-D14 -> -42 | F14: =F13 -> 13 Jul, 20 Jul 21 Jul | G14: =G13 -> #VALUE! | H14: =G14-F14 -> #VALUE! | I14: 30 | J14: 18 | K14: =(E14*J14)/I14 -> -25.2 | M14: =IF(AND(M$2>=$F14,M$2<($F14+$H14)),ROUND($K14/$H14,0),"-") -> #VALUE! | N14: =IF(AND(N$2>=$F14,N$2<($F14+$H14)),ROUND($K14/$H14,0),"-") -> #VALUE! | O14: =IF(AND(O$2>=$F14,O$2<($F14+$H14)),ROUND($K14/$H14,0),"-") -> #VALUE! | P14: =IF(AND(P$2>=$F14,P$2<($F14+$H14)),ROUND($K14/$H14,0),"-") -> #VALUE! | Q14: =IF(AND(Q$2>=$F14,Q$2<($F14+$H14)),ROUND($K14/$H14,0),"-") -> #VALUE! | R14: =IF(AND(R$2>=$F14,R$2<($F14+$H14)),ROUND($K14/$H14,0),"-") -> #VALUE! | S14: =IF(AND(S$2>=$F14,S$2<($F14+$H14)),ROUND($K14/$H14,0),"-") -> #VALUE! | T14: =IF(AND(T$2>=$F14,T$2<($F14+$H14)),ROUND($K14/$H14,0),"-") -> #VALUE! | ... CW14: =IF(AND(CW$2>=$F14,CW$2<($F14+$H14)),ROUND($K14/$H14,0),"-") -> #VALUE!
B15: Control & Communication termination | C15: 1344 | D15: 0 | E15: =C15-D15 -> 1344 | F15: =F14 -> 13 Jul, 20 Jul 21 Jul | G15: =G14 -> #VALUE! | H15: =H14 -> #VALUE! | I15: 30 | J15: 6 | K15: =(E15*J15)/I15 -> 268.8 | M15: =IF(AND(M$2>=$F15,M$2<($F15+$H15)),ROUND($K15/$H15,0),"-") -> #VALUE! | N15: =IF(AND(N$2>=$F15,N$2<($F15+$H15)),ROUND($K15/$H15,0),"-") -> #VALUE! | O15: =IF(AND(O$2>=$F15,O$2<($F15+$H15)),ROUND($K15/$H15,0),"-") -> #VALUE! | P15: =IF(AND(P$2>=$F15,P$2<($F15+$H15)),ROUND($K15/$H15,0),"-") -> #VALUE! | Q15: =IF(AND(Q$2>=$F15,Q$2<($F15+$H15)),ROUND($K15/$H15,0),"-") -> #VALUE! | R15: =IF(AND(R$2>=$F15,R$2<($F15+$H15)),ROUND($K15/$H15,0),"-") -> #VALUE! | S15: =IF(AND(S$2>=$F15,S$2<($F15+$H15)),ROUND($K15/$H15,0),"-") -> #VALUE! | T15: =IF(AND(T$2>=$F15,T$2<($F15+$H15)),ROUND($K15/$H15,0),"-") -> #VALUE! | ... CW15: =IF(AND(CW$2>=$F15,CW$2<($F15+$H15)),ROUND($K15/$H15,0),"-") -> #VALUE!
B17: Battery Container | C17: Scope | D17: Actual | E17: Balance | F17: Start date | G17: End Date | H17: Days | I17: Productivity | J17: Manpower | K17: Total Manpower | L17: Avg Manpower | M17: 46201 | N17: 46202 | O17: 46203 | P17: 46204 | Q17: 46205 | R17: 46206 | S17: 46207 | T17: 46208 | U17: 46209 | V17: 46210 | W17: 46211 | X17: 46212 | Y17: 46213 | Z17: 46214 | AA17: 46215 | AB17: 46216 | AC17: 46217 | AD17: 46218 | AE17: 46219 | AF17: 46220 | AG17: 46221 | AH17: 46222 | AI17: 46223 | AJ17: 46224 | AK17: 46225 | AL17: 46226 | AM17: 46227 | AN17: 46228 | AO17: 46229 | AP17: 46230 | AQ17: 46231 | AR17: 46232 | AS17: 46233 | AT17: 46234 | AU17: 46235 | AV17: 46236 | AW17: 46237 | AX17: 46238 | AY17: 46239 | AZ17: 46240 | BA17: 46241 | BB17: 46242 | BC17: 46243 | BD17: 46244 | BE17: 46245 | BF17: 46246 | BG17: 46247 | BH17: 46248 | BI17: 46249 | BJ17: 46250 | BK17: 46251 | BL17: 46252 | BM17: 46253 | BN17: 46254 | BO17: 46255 | BP17: 46256 | BQ17: 46257 | BR17: 46258 | BS17: 46259 | BT17: 46260 | BU17: 46261 | BV17: 46262 | BW17: 46263 | BX17: 46264 | BY17: 46265 | BZ17: 46266 | CA17: 46267 | CB17: 46268 | CC17: 46269 | CD17: 46270 | CE17: 46271 | CF17: 46272 | CG17: 46273 | CH17: 46274 | CI17: 46275 | CJ17: 46276 | CK17: 46277 | CL17: 46278 | CM17: 46279 | CN17: 46280 | CO17: 46281 | CP17: 46282 | CQ17: 46283 | CR17: 46284 | CS17: 46285 | CT17: 46286 | CU17: 46287 | CV17: 46288 | CW17: 46289
A18: B1 | B18: Battery Container Erection | C18: 48 | D18: 0 | E18: =C18-D18 -> 48 | F18: ='BESS 11'!D142 -> 16 Jul, 23 Jul 24 Jul | G18: =F18+4 -> #VALUE! | H18: =G18-F18 -> #VALUE! | I18: 10 | J18: 1 | K18: =(E18*J18)/I18 -> 4.8 | L18: =AVERAGEIF(M18:CW20,">0") -> #DIV/0! | M18: =IF(AND(M$2>=$F18,M$2<($F18+$H18)),ROUND($K18/$H18,0),"-") -> #VALUE! | N18: =IF(AND(N$2>=$F18,N$2<($F18+$H18)),ROUND($K18/$H18,0),"-") -> #VALUE! | O18: =IF(AND(O$2>=$F18,O$2<($F18+$H18)),ROUND($K18/$H18,0),"-") -> #VALUE! | P18: =IF(AND(P$2>=$F18,P$2<($F18+$H18)),ROUND($K18/$H18,0),"-") -> #VALUE! | Q18: =IF(AND(Q$2>=$F18,Q$2<($F18+$H18)),ROUND($K18/$H18,0),"-") -> #VALUE! | R18: =IF(AND(R$2>=$F18,R$2<($F18+$H18)),ROUND($K18/$H18,0),"-") -> #VALUE! | S18: =IF(AND(S$2>=$F18,S$2<($F18+$H18)),ROUND($K18/$H18,0),"-") -> #VALUE! | T18: =IF(AND(T$2>=$F18,T$2<($F18+$H18)),ROUND($K18/$H18,0),"-") -> #VALUE! | ... BA18: =IF(AND(BA$2>=$F18,BA$2<($F18+$H18)),ROUND($K18/$H18,0),"-") -> #VALUE!
B19: DC termination | C19: 768 | D19: =SUM('[1]Electrical Work'!$G$446:$G$451) -> 810 | E19: =C19-D19 -> -42 | F19: =F18 -> 16 Jul, 23 Jul 24 Jul | G19: =G18 -> #VALUE! | H19: =G19-F19 -> #VALUE! | I19: 30 | J19: 18 | K19: =(E19*J19)/I19 -> -25.2 | M19: =IF(AND(M$2>=$F19,M$2<($F19+$H19)),ROUND($K19/$H19,0),"-") -> #VALUE! | N19: =IF(AND(N$2>=$F19,N$2<($F19+$H19)),ROUND($K19/$H19,0),"-") -> #VALUE! | O19: =IF(AND(O$2>=$F19,O$2<($F19+$H19)),ROUND($K19/$H19,0),"-") -> #VALUE! | P19: =IF(AND(P$2>=$F19,P$2<($F19+$H19)),ROUND($K19/$H19,0),"-") -> #VALUE! | Q19: =IF(AND(Q$2>=$F19,Q$2<($F19+$H19)),ROUND($K19/$H19,0),"-") -> #VALUE! | R19: =IF(AND(R$2>=$F19,R$2<($F19+$H19)),ROUND($K19/$H19,0),"-") -> #VALUE! | S19: =IF(AND(S$2>=$F19,S$2<($F19+$H19)),ROUND($K19/$H19,0),"-") -> #VALUE! | T19: =IF(AND(T$2>=$F19,T$2<($F19+$H19)),ROUND($K19/$H19,0),"-") -> #VALUE! | ... CW19: =IF(AND(CW$2>=$F19,CW$2<($F19+$H19)),ROUND($K19/$H19,0),"-") -> #VALUE!
B20: Control & Communication termination | C20: 1344 | D20: 0 | E20: =C20-D20 -> 1344 | F20: =F19 -> 16 Jul, 23 Jul 24 Jul | G20: =G19 -> #VALUE! | H20: =H19 -> #VALUE! | I20: 30 | J20: 6 | K20: =(E20*J20)/I20 -> 268.8 | M20: =IF(AND(M$2>=$F20,M$2<($F20+$H20)),ROUND($K20/$H20,0),"-") -> #VALUE! | N20: =IF(AND(N$2>=$F20,N$2<($F20+$H20)),ROUND($K20/$H20,0),"-") -> #VALUE! | O20: =IF(AND(O$2>=$F20,O$2<($F20+$H20)),ROUND($K20/$H20,0),"-") -> #VALUE! | P20: =IF(AND(P$2>=$F20,P$2<($F20+$H20)),ROUND($K20/$H20,0),"-") -> #VALUE! | Q20: =IF(AND(Q$2>=$F20,Q$2<($F20+$H20)),ROUND($K20/$H20,0),"-") -> #VALUE! | R20: =IF(AND(R$2>=$F20,R$2<($F20+$H20)),ROUND($K20/$H20,0),"-") -> #VALUE! | S20: =IF(AND(S$2>=$F20,S$2<($F20+$H20)),ROUND($K20/$H20,0),"-") -> #VALUE! | T20: =IF(AND(T$2>=$F20,T$2<($F20+$H20)),ROUND($K20/$H20,0),"-") -> #VALUE! | ... CW20: =IF(AND(CW$2>=$F20,CW$2<($F20+$H20)),ROUND($K20/$H20,0),"-") -> #VALUE!
B22: Battery Container | C22: Scope | D22: Actual | E22: Balance | F22: Start date | G22: End Date | H22: Days | I22: Productivity | J22: Manpower | K22: Total Manpower | L22: Avg Manpower | M22: 46201 | N22: 46202 | O22: 46203 | P22: 46204 | Q22: 46205 | R22: 46206 | S22: 46207 | T22: 46208 | U22: 46209 | V22: 46210 | W22: 46211 | X22: 46212 | Y22: 46213 | Z22: 46214 | AA22: 46215 | AB22: 46216 | AC22: 46217 | AD22: 46218 | AE22: 46219 | AF22: 46220 | AG22: 46221 | AH22: 46222 | AI22: 46223 | AJ22: 46224 | AK22: 46225 | AL22: 46226 | AM22: 46227 | AN22: 46228 | AO22: 46229 | AP22: 46230 | AQ22: 46231 | AR22: 46232 | AS22: 46233 | AT22: 46234 | AU22: 46235 | AV22: 46236 | AW22: 46237 | AX22: 46238 | AY22: 46239 | AZ22: 46240 | BA22: 46241 | BB22: 46242 | BC22: 46243 | BD22: 46244 | BE22: 46245 | BF22: 46246 | BG22: 46247 | BH22: 46248 | BI22: 46249 | BJ22: 46250 | BK22: 46251 | BL22: 46252 | BM22: 46253 | BN22: 46254 | BO22: 46255 | BP22: 46256 | BQ22: 46257 | BR22: 46258 | BS22: 46259 | BT22: 46260 | BU22: 46261 | BV22: 46262 | BW22: 46263 | BX22: 46264 | BY22: 46265 | BZ22: 46266 | CA22: 46267 | CB22: 46268 | CC22: 46269 | CD22: 46270 | CE22: 46271 | CF22: 46272 | CG22: 46273 | CH22: 46274 | CI22: 46275 | CJ22: 46276 | CK22: 46277 | CL22: 46278 | CM22: 46279 | CN22: 46280 | CO22: 46281 | CP22: 46282 | CQ22: 46283 | CR22: 46284 | CS22: 46285 | CT22: 46286 | CU22: 46287 | CV22: 46288 | CW22: 46289
A23: B5 | B23: Battery Container Erection | C23: 48 | D23: 0 | E23: =C23-D23 -> 48 | F23: ='BESS 11'!D187 -> 04 Aug, 15 Aug 24 Aug 31 Aug | G23: =F23+4 -> #VALUE! | H23: =G23-F23 -> #VALUE! | I23: 10 | J23: 1 | K23: =(E23*J23)/I23 -> 4.8 | L23: =AVERAGEIF(M23:CW25,">0") -> #DIV/0! | M23: =IF(AND(M$2>=$F23,M$2<($F23+$H23)),ROUND($K23/$H23,0),"-") -> #VALUE! | N23: =IF(AND(N$2>=$F23,N$2<($F23+$H23)),ROUND($K23/$H23,0),"-") -> #VALUE! | O23: =IF(AND(O$2>=$F23,O$2<($F23+$H23)),ROUND($K23/$H23,0),"-") -> #VALUE! | P23: =IF(AND(P$2>=$F23,P$2<($F23+$H23)),ROUND($K23/$H23,0),"-") -> #VALUE! | Q23: =IF(AND(Q$2>=$F23,Q$2<($F23+$H23)),ROUND($K23/$H23,0),"-") -> #VALUE! | R23: =IF(AND(R$2>=$F23,R$2<($F23+$H23)),ROUND($K23/$H23,0),"-") -> #VALUE! | S23: =IF(AND(S$2>=$F23,S$2<($F23+$H23)),ROUND($K23/$H23,0),"-") -> #VALUE! | T23: =IF(AND(T$2>=$F23,T$2<($F23+$H23)),ROUND($K23/$H23,0),"-") -> #VALUE! | ... BA23: =IF(AND(BA$2>=$F23,BA$2<($F23+$H23)),ROUND($K23/$H23,0),"-") -> #VALUE!
B24: DC termination | C24: 768 | D24: =SUM('[1]Electrical Work'!$G$446:$G$451) -> 810 | E24: =C24-D24 -> -42 | F24: =F23 -> 04 Aug, 15 Aug 24 Aug 31 Aug | G24: =G23 -> #VALUE! | H24: =G24-F24 -> #VALUE! | I24: 30 | J24: 18 | K24: =(E24*J24)/I24 -> -25.2 | M24: =IF(AND(M$2>=$F24,M$2<($F24+$H24)),ROUND($K24/$H24,0),"-") -> #VALUE! | N24: =IF(AND(N$2>=$F24,N$2<($F24+$H24)),ROUND($K24/$H24,0),"-") -> #VALUE! | O24: =IF(AND(O$2>=$F24,O$2<($F24+$H24)),ROUND($K24/$H24,0),"-") -> #VALUE! | P24: =IF(AND(P$2>=$F24,P$2<($F24+$H24)),ROUND($K24/$H24,0),"-") -> #VALUE! | Q24: =IF(AND(Q$2>=$F24,Q$2<($F24+$H24)),ROUND($K24/$H24,0),"-") -> #VALUE! | R24: =IF(AND(R$2>=$F24,R$2<($F24+$H24)),ROUND($K24/$H24,0),"-") -> #VALUE! | S24: =IF(AND(S$2>=$F24,S$2<($F24+$H24)),ROUND($K24/$H24,0),"-") -> #VALUE! | T24: =IF(AND(T$2>=$F24,T$2<($F24+$H24)),ROUND($K24/$H24,0),"-") -> #VALUE! | ... CW24: =IF(AND(CW$2>=$F24,CW$2<($F24+$H24)),ROUND($K24/$H24,0),"-") -> #VALUE!
B25: Control & Communication termination | C25: 1344 | D25: 0 | E25: =C25-D25 -> 1344 | F25: =F24 -> 04 Aug, 15 Aug 24 Aug 31 Aug | G25: =G24 -> #VALUE! | H25: =H24 -> #VALUE! | I25: 30 | J25: 6 | K25: =(E25*J25)/I25 -> 268.8 | M25: =IF(AND(M$2>=$F25,M$2<($F25+$H25)),ROUND($K25/$H25,0),"-") -> #VALUE! | N25: =IF(AND(N$2>=$F25,N$2<($F25+$H25)),ROUND($K25/$H25,0),"-") -> #VALUE! | O25: =IF(AND(O$2>=$F25,O$2<($F25+$H25)),ROUND($K25/$H25,0),"-") -> #VALUE! | P25: =IF(AND(P$2>=$F25,P$2<($F25+$H25)),ROUND($K25/$H25,0),"-") -> #VALUE! | Q25: =IF(AND(Q$2>=$F25,Q$2<($F25+$H25)),ROUND($K25/$H25,0),"-") -> #VALUE! | R25: =IF(AND(R$2>=$F25,R$2<($F25+$H25)),ROUND($K25/$H25,0),"-") -> #VALUE! | S25: =IF(AND(S$2>=$F25,S$2<($F25+$H25)),ROUND($K25/$H25,0),"-") -> #VALUE! | T25: =IF(AND(T$2>=$F25,T$2<($F25+$H25)),ROUND($K25/$H25,0),"-") -> #VALUE! | ... CW25: =IF(AND(CW$2>=$F25,CW$2<($F25+$H25)),ROUND($K25/$H25,0),"-") -> #VALUE!
B27: Battery Container | C27: Scope | D27: Actual | E27: Balance | F27: Start date | G27: End Date | H27: Days | I27: Productivity | J27: Manpower | K27: Total Manpower | L27: Avg Manpower | M27: 46201 | N27: 46202 | O27: 46203 | P27: 46204 | Q27: 46205 | R27: 46206 | S27: 46207 | T27: 46208 | U27: 46209 | V27: 46210 | W27: 46211 | X27: 46212 | Y27: 46213 | Z27: 46214 | AA27: 46215 | AB27: 46216 | AC27: 46217 | AD27: 46218 | AE27: 46219 | AF27: 46220 | AG27: 46221 | AH27: 46222 | AI27: 46223 | AJ27: 46224 | AK27: 46225 | AL27: 46226 | AM27: 46227 | AN27: 46228 | AO27: 46229 | AP27: 46230 | AQ27: 46231 | AR27: 46232 | AS27: 46233 | AT27: 46234 | AU27: 46235 | AV27: 46236 | AW27: 46237 | AX27: 46238 | AY27: 46239 | AZ27: 46240 | BA27: 46241 | BB27: 46242 | BC27: 46243 | BD27: 46244 | BE27: 46245 | BF27: 46246 | BG27: 46247 | BH27: 46248 | BI27: 46249 | BJ27: 46250 | BK27: 46251 | BL27: 46252 | BM27: 46253 | BN27: 46254 | BO27: 46255 | BP27: 46256 | BQ27: 46257 | BR27: 46258 | BS27: 46259 | BT27: 46260 | BU27: 46261 | BV27: 46262 | BW27: 46263 | BX27: 46264 | BY27: 46265 | BZ27: 46266 | CA27: 46267 | CB27: 46268 | CC27: 46269 | CD27: 46270 | CE27: 46271 | CF27: 46272 | CG27: 46273 | CH27: 46274 | CI27: 46275 | CJ27: 46276 | CK27: 46277 | CL27: 46278 | CM27: 46279 | CN27: 46280 | CO27: 46281 | CP27: 46282 | CQ27: 46283 | CR27: 46284 | CS27: 46285 | CT27: 46286 | CU27: 46287 | CV27: 46288 | CW27: 46289
A28: B6 | B28: Battery Container Erection | C28: 48 | D28: 0 | E28: =C28-D28 -> 48 | F28: ='BESS 11'!D232 -> 09 Aug, 16 Aug 05 Sep 31 Aug | G28: =F28+4 -> #VALUE! | H28: =G28-F28 -> #VALUE! | I28: 10 | J28: 1 | K28: =(E28*J28)/I28 -> 4.8 | L28: =AVERAGEIF(M28:CW30,">0") -> #DIV/0! | M28: =IF(AND(M$2>=$F28,M$2<($F28+$H28)),ROUND($K28/$H28,0),"-") -> #VALUE! | N28: =IF(AND(N$2>=$F28,N$2<($F28+$H28)),ROUND($K28/$H28,0),"-") -> #VALUE! | O28: =IF(AND(O$2>=$F28,O$2<($F28+$H28)),ROUND($K28/$H28,0),"-") -> #VALUE! | P28: =IF(AND(P$2>=$F28,P$2<($F28+$H28)),ROUND($K28/$H28,0),"-") -> #VALUE! | Q28: =IF(AND(Q$2>=$F28,Q$2<($F28+$H28)),ROUND($K28/$H28,0),"-") -> #VALUE! | R28: =IF(AND(R$2>=$F28,R$2<($F28+$H28)),ROUND($K28/$H28,0),"-") -> #VALUE! | S28: =IF(AND(S$2>=$F28,S$2<($F28+$H28)),ROUND($K28/$H28,0),"-") -> #VALUE! | T28: =IF(AND(T$2>=$F28,T$2<($F28+$H28)),ROUND($K28/$H28,0),"-") -> #VALUE! | ... CW28: =IF(AND(CW$2>=$F28,CW$2<($F28+$H28)),ROUND($K28/$H28,0),"-") -> #VALUE!
B29: DC termination | C29: 768 | D29: =SUM('[1]Electrical Work'!$G$446:$G$451) -> 810 | E29: =C29-D29 -> -42 | F29: =F28 -> 09 Aug, 16 Aug 05 Sep 31 Aug | G29: =G28 -> #VALUE! | H29: =G29-F29 -> #VALUE! | I29: 30 | J29: 18 | K29: =(E29*J29)/I29 -> -25.2 | M29: =IF(AND(M$2>=$F29,M$2<($F29+$H29)),ROUND($K29/$H29,0),"-") -> #VALUE! | N29: =IF(AND(N$2>=$F29,N$2<($F29+$H29)),ROUND($K29/$H29,0),"-") -> #VALUE! | O29: =IF(AND(O$2>=$F29,O$2<($F29+$H29)),ROUND($K29/$H29,0),"-") -> #VALUE! | P29: =IF(AND(P$2>=$F29,P$2<($F29+$H29)),ROUND($K29/$H29,0),"-") -> #VALUE! | Q29: =IF(AND(Q$2>=$F29,Q$2<($F29+$H29)),ROUND($K29/$H29,0),"-") -> #VALUE! | R29: =IF(AND(R$2>=$F29,R$2<($F29+$H29)),ROUND($K29/$H29,0),"-") -> #VALUE! | S29: =IF(AND(S$2>=$F29,S$2<($F29+$H29)),ROUND($K29/$H29,0),"-") -> #VALUE! | T29: =IF(AND(T$2>=$F29,T$2<($F29+$H29)),ROUND($K29/$H29,0),"-") -> #VALUE! | ... CW29: =IF(AND(CW$2>=$F29,CW$2<($F29+$H29)),ROUND($K29/$H29,0),"-") -> #VALUE!
B30: Control & Communication termination | C30: 1344 | D30: 0 | E30: =C30-D30 -> 1344 | F30: =F29 -> 09 Aug, 16 Aug 05 Sep 31 Aug | G30: =G29 -> #VALUE! | H30: =H29 -> #VALUE! | I30: 30 | J30: 6 | K30: =(E30*J30)/I30 -> 268.8 | M30: =IF(AND(M$2>=$F30,M$2<($F30+$H30)),ROUND($K30/$H30,0),"-") -> #VALUE! | N30: =IF(AND(N$2>=$F30,N$2<($F30+$H30)),ROUND($K30/$H30,0),"-") -> #VALUE! | O30: =IF(AND(O$2>=$F30,O$2<($F30+$H30)),ROUND($K30/$H30,0),"-") -> #VALUE! | P30: =IF(AND(P$2>=$F30,P$2<($F30+$H30)),ROUND($K30/$H30,0),"-") -> #VALUE! | Q30: =IF(AND(Q$2>=$F30,Q$2<($F30+$H30)),ROUND($K30/$H30,0),"-") -> #VALUE! | R30: =IF(AND(R$2>=$F30,R$2<($F30+$H30)),ROUND($K30/$H30,0),"-") -> #VALUE! | S30: =IF(AND(S$2>=$F30,S$2<($F30+$H30)),ROUND($K30/$H30,0),"-") -> #VALUE! | T30: =IF(AND(T$2>=$F30,T$2<($F30+$H30)),ROUND($K30/$H30,0),"-") -> #VALUE! | ... CW30: =IF(AND(CW$2>=$F30,CW$2<($F30+$H30)),ROUND($K30/$H30,0),"-") -> #VALUE!
B32: Battery Container | C32: Scope | D32: Actual | E32: Balance | F32: Start date | G32: End Date | H32: Days | I32: Productivity | J32: Manpower | K32: Total Manpower | L32: Avg Manpower | M32: 46201 | N32: 46202 | O32: 46203 | P32: 46204 | Q32: 46205 | R32: 46206 | S32: 46207 | T32: 46208 | U32: 46209 | V32: 46210 | W32: 46211 | X32: 46212 | Y32: 46213 | Z32: 46214 | AA32: 46215 | AB32: 46216 | AC32: 46217 | AD32: 46218 | AE32: 46219 | AF32: 46220 | AG32: 46221 | AH32: 46222 | AI32: 46223 | AJ32: 46224 | AK32: 46225 | AL32: 46226 | AM32: 46227 | AN32: 46228 | AO32: 46229 | AP32: 46230 | AQ32: 46231 | AR32: 46232 | AS32: 46233 | AT32: 46234 | AU32: 46235 | AV32: 46236 | AW32: 46237 | AX32: 46238 | AY32: 46239 | AZ32: 46240 | BA32: 46241 | BB32: 46242 | BC32: 46243 | BD32: 46244 | BE32: 46245 | BF32: 46246 | BG32: 46247 | BH32: 46248 | BI32: 46249 | BJ32: 46250 | BK32: 46251 | BL32: 46252 | BM32: 46253 | BN32: 46254 | BO32: 46255 | BP32: 46256 | BQ32: 46257 | BR32: 46258 | BS32: 46259 | BT32: 46260 | BU32: 46261 | BV32: 46262 | BW32: 46263 | BX32: 46264 | BY32: 46265 | BZ32: 46266 | CA32: 46267 | CB32: 46268 | CC32: 46269 | CD32: 46270 | CE32: 46271 | CF32: 46272 | CG32: 46273 | CH32: 46274 | CI32: 46275 | CJ32: 46276 | CK32: 46277 | CL32: 46278 | CM32: 46279 | CN32: 46280 | CO32: 46281 | CP32: 46282 | CQ32: 46283 | CR32: 46284 | CS32: 46285 | CT32: 46286 | CU32: 46287 | CV32: 46288 | CW32: 46289
A33: B7 | B33: Battery Container Erection | C33: 48 | D33: 0 | E33: =C33-D33 -> 48 | F33: ='BESS 11'!D277 -> 19 Aug, 22 Aug 05 Sep 08 Sep | G33: =F33+4 -> #VALUE! | H33: =G33-F33 -> #VALUE! | I33: 10 | J33: 1 | K33: =(E33*J33)/I33 -> 4.8 | L33: =AVERAGEIF(M33:CW35,">0") -> #DIV/0! | M33: =IF(AND(M$2>=$F33,M$2<($F33+$H33)),ROUND($K33/$H33,0),"-") -> #VALUE! | N33: =IF(AND(N$2>=$F33,N$2<($F33+$H33)),ROUND($K33/$H33,0),"-") -> #VALUE! | O33: =IF(AND(O$2>=$F33,O$2<($F33+$H33)),ROUND($K33/$H33,0),"-") -> #VALUE! | P33: =IF(AND(P$2>=$F33,P$2<($F33+$H33)),ROUND($K33/$H33,0),"-") -> #VALUE! | Q33: =IF(AND(Q$2>=$F33,Q$2<($F33+$H33)),ROUND($K33/$H33,0),"-") -> #VALUE! | R33: =IF(AND(R$2>=$F33,R$2<($F33+$H33)),ROUND($K33/$H33,0),"-") -> #VALUE! | S33: =IF(AND(S$2>=$F33,S$2<($F33+$H33)),ROUND($K33/$H33,0),"-") -> #VALUE! | T33: =IF(AND(T$2>=$F33,T$2<($F33+$H33)),ROUND($K33/$H33,0),"-") -> #VALUE! | ... CW33: =IF(AND(CW$2>=$F33,CW$2<($F33+$H33)),ROUND($K33/$H33,0),"-") -> #VALUE!
B34: DC termination | C34: 768 | D34: =SUM('[1]Electrical Work'!$G$446:$G$451) -> 810 | E34: =C34-D34 -> -42 | F34: =F33 -> 19 Aug, 22 Aug 05 Sep 08 Sep | G34: =G33 -> #VALUE! | H34: =G34-F34 -> #VALUE! | I34: 30 | J34: 18 | K34: =(E34*J34)/I34 -> -25.2 | M34: =IF(AND(M$2>=$F34,M$2<($F34+$H34)),ROUND($K34/$H34,0),"-") -> #VALUE! | N34: =IF(AND(N$2>=$F34,N$2<($F34+$H34)),ROUND($K34/$H34,0),"-") -> #VALUE! | O34: =IF(AND(O$2>=$F34,O$2<($F34+$H34)),ROUND($K34/$H34,0),"-") -> #VALUE! | P34: =IF(AND(P$2>=$F34,P$2<($F34+$H34)),ROUND($K34/$H34,0),"-") -> #VALUE! | Q34: =IF(AND(Q$2>=$F34,Q$2<($F34+$H34)),ROUND($K34/$H34,0),"-") -> #VALUE! | R34: =IF(AND(R$2>=$F34,R$2<($F34+$H34)),ROUND($K34/$H34,0),"-") -> #VALUE! | S34: =IF(AND(S$2>=$F34,S$2<($F34+$H34)),ROUND($K34/$H34,0),"-") -> #VALUE! | T34: =IF(AND(T$2>=$F34,T$2<($F34+$H34)),ROUND($K34/$H34,0),"-") -> #VALUE! | ... CW34: =IF(AND(CW$2>=$F34,CW$2<($F34+$H34)),ROUND($K34/$H34,0),"-") -> #VALUE!
B35: Control & Communication termination | C35: 1344 | D35: 0 | E35: =C35-D35 -> 1344 | F35: =F34 -> 19 Aug, 22 Aug 05 Sep 08 Sep | G35: =G34 -> #VALUE! | H35: =H34 -> #VALUE! | I35: 30 | J35: 6 | K35: =(E35*J35)/I35 -> 268.8 | M35: =IF(AND(M$2>=$F35,M$2<($F35+$H35)),ROUND($K35/$H35,0),"-") -> #VALUE! | N35: =IF(AND(N$2>=$F35,N$2<($F35+$H35)),ROUND($K35/$H35,0),"-") -> #VALUE! | O35: =IF(AND(O$2>=$F35,O$2<($F35+$H35)),ROUND($K35/$H35,0),"-") -> #VALUE! | P35: =IF(AND(P$2>=$F35,P$2<($F35+$H35)),ROUND($K35/$H35,0),"-") -> #VALUE! | Q35: =IF(AND(Q$2>=$F35,Q$2<($F35+$H35)),ROUND($K35/$H35,0),"-") -> #VALUE! | R35: =IF(AND(R$2>=$F35,R$2<($F35+$H35)),ROUND($K35/$H35,0),"-") -> #VALUE! | S35: =IF(AND(S$2>=$F35,S$2<($F35+$H35)),ROUND($K35/$H35,0),"-") -> #VALUE! | T35: =IF(AND(T$2>=$F35,T$2<($F35+$H35)),ROUND($K35/$H35,0),"-") -> #VALUE! | ... CW35: =IF(AND(CW$2>=$F35,CW$2<($F35+$H35)),ROUND($K35/$H35,0),"-") -> #VALUE!
B37: Battery Container | C37: Scope | D37: Actual | E37: Balance | F37: Start date | G37: End Date | H37: Days | I37: Productivity | J37: Manpower | K37: Total Manpower | L37: Avg Manpower | M37: 46201 | N37: 46202 | O37: 46203 | P37: 46204 | Q37: 46205 | R37: 46206 | S37: 46207 | T37: 46208 | U37: 46209 | V37: 46210 | W37: 46211 | X37: 46212 | Y37: 46213 | Z37: 46214 | AA37: 46215 | AB37: 46216 | AC37: 46217 | AD37: 46218 | AE37: 46219 | AF37: 46220 | AG37: 46221 | AH37: 46222 | AI37: 46223 | AJ37: 46224 | AK37: 46225 | AL37: 46226 | AM37: 46227 | AN37: 46228 | AO37: 46229 | AP37: 46230 | AQ37: 46231 | AR37: 46232 | AS37: 46233 | AT37: 46234 | AU37: 46235 | AV37: 46236 | AW37: 46237 | AX37: 46238 | AY37: 46239 | AZ37: 46240 | BA37: 46241 | BB37: 46242 | BC37: 46243 | BD37: 46244 | BE37: 46245 | BF37: 46246 | BG37: 46247 | BH37: 46248 | BI37: 46249 | BJ37: 46250 | BK37: 46251 | BL37: 46252 | BM37: 46253 | BN37: 46254 | BO37: 46255 | BP37: 46256 | BQ37: 46257 | BR37: 46258 | BS37: 46259 | BT37: 46260 | BU37: 46261 | BV37: 46262 | BW37: 46263 | BX37: 46264 | BY37: 46265 | BZ37: 46266 | CA37: 46267 | CB37: 46268 | CC37: 46269 | CD37: 46270 | CE37: 46271 | CF37: 46272 | CG37: 46273 | CH37: 46274 | CI37: 46275 | CJ37: 46276 | CK37: 46277 | CL37: 46278 | CM37: 46279 | CN37: 46280 | CO37: 46281 | CP37: 46282 | CQ37: 46283 | CR37: 46284 | CS37: 46285 | CT37: 46286 | CU37: 46287 | CV37: 46288 | CW37: 46289
A38: B8 | B38: Battery Container Erection | C38: 48 | D38: 0 | E38: =C38-D38 -> 48 | F38: ='BESS 11'!D322 -> 21 Aug, 24 Aug 05 Sep 08 Sep | G38: =F38+4 -> #VALUE! | H38: =G38-F38 -> #VALUE! | I38: 10 | J38: 1 | K38: =(E38*J38)/I38 -> 4.8 | L38: =AVERAGEIF(M38:CW40,">0") -> #DIV/0! | M38: =IF(AND(M$2>=$F38,M$2<($F38+$H38)),ROUND($K38/$H38,0),"-") -> #VALUE! | N38: =IF(AND(N$2>=$F38,N$2<($F38+$H38)),ROUND($K38/$H38,0),"-") -> #VALUE! | O38: =IF(AND(O$2>=$F38,O$2<($F38+$H38)),ROUND($K38/$H38,0),"-") -> #VALUE! | P38: =IF(AND(P$2>=$F38,P$2<($F38+$H38)),ROUND($K38/$H38,0),"-") -> #VALUE! | Q38: =IF(AND(Q$2>=$F38,Q$2<($F38+$H38)),ROUND($K38/$H38,0),"-") -> #VALUE! | R38: =IF(AND(R$2>=$F38,R$2<($F38+$H38)),ROUND($K38/$H38,0),"-") -> #VALUE! | S38: =IF(AND(S$2>=$F38,S$2<($F38+$H38)),ROUND($K38/$H38,0),"-") -> #VALUE! | T38: =IF(AND(T$2>=$F38,T$2<($F38+$H38)),ROUND($K38/$H38,0),"-") -> #VALUE! | ... CW38: =IF(AND(CW$2>=$F38,CW$2<($F38+$H38)),ROUND($K38/$H38,0),"-") -> #VALUE!
B39: DC termination | C39: 768 | D39: =SUM('[1]Electrical Work'!$G$446:$G$451) -> 810 | E39: =C39-D39 -> -42 | F39: =F38 -> 21 Aug, 24 Aug 05 Sep 08 Sep | G39: =G38 -> #VALUE! | H39: =G39-F39 -> #VALUE! | I39: 30 | J39: 18 | K39: =(E39*J39)/I39 -> -25.2 | M39: =IF(AND(M$2>=$F39,M$2<($F39+$H39)),ROUND($K39/$H39,0),"-") -> #VALUE! | N39: =IF(AND(N$2>=$F39,N$2<($F39+$H39)),ROUND($K39/$H39,0),"-") -> #VALUE! | O39: =IF(AND(O$2>=$F39,O$2<($F39+$H39)),ROUND($K39/$H39,0),"-") -> #VALUE! | P39: =IF(AND(P$2>=$F39,P$2<($F39+$H39)),ROUND($K39/$H39,0),"-") -> #VALUE! | Q39: =IF(AND(Q$2>=$F39,Q$2<($F39+$H39)),ROUND($K39/$H39,0),"-") -> #VALUE! | R39: =IF(AND(R$2>=$F39,R$2<($F39+$H39)),ROUND($K39/$H39,0),"-") -> #VALUE! | S39: =IF(AND(S$2>=$F39,S$2<($F39+$H39)),ROUND($K39/$H39,0),"-") -> #VALUE! | T39: =IF(AND(T$2>=$F39,T$2<($F39+$H39)),ROUND($K39/$H39,0),"-") -> #VALUE! | ... CW39: =IF(AND(CW$2>=$F39,CW$2<($F39+$H39)),ROUND($K39/$H39,0),"-") -> #VALUE!
B40: Control & Communication termination | C40: 1344 | D40: 0 | E40: =C40-D40 -> 1344 | F40: =F39 -> 21 Aug, 24 Aug 05 Sep 08 Sep | G40: =G39 -> #VALUE! | H40: =H39 -> #VALUE! | I40: 30 | J40: 6 | K40: =(E40*J40)/I40 -> 268.8 | M40: =IF(AND(M$2>=$F40,M$2<($F40+$H40)),ROUND($K40/$H40,0),"-") -> #VALUE! | N40: =IF(AND(N$2>=$F40,N$2<($F40+$H40)),ROUND($K40/$H40,0),"-") -> #VALUE! | O40: =IF(AND(O$2>=$F40,O$2<($F40+$H40)),ROUND($K40/$H40,0),"-") -> #VALUE! | P40: =IF(AND(P$2>=$F40,P$2<($F40+$H40)),ROUND($K40/$H40,0),"-") -> #VALUE! | Q40: =IF(AND(Q$2>=$F40,Q$2<($F40+$H40)),ROUND($K40/$H40,0),"-") -> #VALUE! | R40: =IF(AND(R$2>=$F40,R$2<($F40+$H40)),ROUND($K40/$H40,0),"-") -> #VALUE! | S40: =IF(AND(S$2>=$F40,S$2<($F40+$H40)),ROUND($K40/$H40,0),"-") -> #VALUE! | T40: =IF(AND(T$2>=$F40,T$2<($F40+$H40)),ROUND($K40/$H40,0),"-") -> #VALUE! | ... CW40: =IF(AND(CW$2>=$F40,CW$2<($F40+$H40)),ROUND($K40/$H40,0),"-") -> #VALUE!
B42: Battery Container | C42: Scope | D42: Actual | E42: Balance | F42: Start date | G42: End Date | H42: Days | I42: Productivity | J42: Manpower | K42: Total Manpower | L42: Avg Manpower | M42: 46201 | N42: 46202 | O42: 46203 | P42: 46204 | Q42: 46205 | R42: 46206 | S42: 46207 | T42: 46208 | U42: 46209 | V42: 46210 | W42: 46211 | X42: 46212 | Y42: 46213 | Z42: 46214 | AA42: 46215 | AB42: 46216 | AC42: 46217 | AD42: 46218 | AE42: 46219 | AF42: 46220 | AG42: 46221 | AH42: 46222 | AI42: 46223 | AJ42: 46224 | AK42: 46225 | AL42: 46226 | AM42: 46227 | AN42: 46228 | AO42: 46229 | AP42: 46230 | AQ42: 46231 | AR42: 46232 | AS42: 46233 | AT42: 46234 | AU42: 46235 | AV42: 46236 | AW42: 46237 | AX42: 46238 | AY42: 46239 | AZ42: 46240 | BA42: 46241 | BB42: 46242 | BC42: 46243 | BD42: 46244 | BE42: 46245 | BF42: 46246 | BG42: 46247 | BH42: 46248 | BI42: 46249 | BJ42: 46250 | BK42: 46251 | BL42: 46252 | BM42: 46253 | BN42: 46254 | BO42: 46255 | BP42: 46256 | BQ42: 46257 | BR42: 46258 | BS42: 46259 | BT42: 46260 | BU42: 46261 | BV42: 46262 | BW42: 46263 | BX42: 46264 | BY42: 46265 | BZ42: 46266 | CA42: 46267 | CB42: 46268 | CC42: 46269 | CD42: 46270 | CE42: 46271 | CF42: 46272 | CG42: 46273 | CH42: 46274 | CI42: 46275 | CJ42: 46276 | CK42: 46277 | CL42: 46278 | CM42: 46279 | CN42: 46280 | CO42: 46281 | CP42: 46282 | CQ42: 46283 | CR42: 46284 | CS42: 46285 | CT42: 46286 | CU42: 46287 | CV42: 46288 | CW42: 46289
A43: B9 | B43: Battery Container Erection | C43: 48 | D43: 0 | E43: =C43-D43 -> 48 | F43: ='BESS 11'!D367 -> 22 Aug, 26 Aug 05 Sep 08 Sep | G43: =F43+4 -> #VALUE! | H43: =G43-F43 -> #VALUE! | I43: 10 | J43: 1 | K43: =(E43*J43)/I43 -> 4.8 | L43: =AVERAGEIF(M43:CW45,">0") -> #DIV/0! | M43: =IF(AND(M$2>=$F43,M$2<($F43+$H43)),ROUND($K43/$H43,0),"-") -> #VALUE! | N43: =IF(AND(N$2>=$F43,N$2<($F43+$H43)),ROUND($K43/$H43,0),"-") -> #VALUE! | O43: =IF(AND(O$2>=$F43,O$2<($F43+$H43)),ROUND($K43/$H43,0),"-") -> #VALUE! | P43: =IF(AND(P$2>=$F43,P$2<($F43+$H43)),ROUND($K43/$H43,0),"-") -> #VALUE! | Q43: =IF(AND(Q$2>=$F43,Q$2<($F43+$H43)),ROUND($K43/$H43,0),"-") -> #VALUE! | R43: =IF(AND(R$2>=$F43,R$2<($F43+$H43)),ROUND($K43/$H43,0),"-") -> #VALUE! | S43: =IF(AND(S$2>=$F43,S$2<($F43+$H43)),ROUND($K43/$H43,0),"-") -> #VALUE! | T43: =IF(AND(T$2>=$F43,T$2<($F43+$H43)),ROUND($K43/$H43,0),"-") -> #VALUE! | ... CW43: =IF(AND(CW$2>=$F43,CW$2<($F43+$H43)),ROUND($K43/$H43,0),"-") -> #VALUE!
B44: DC termination | C44: 768 | D44: =SUM('[1]Electrical Work'!$G$446:$G$451) -> 810 | E44: =C44-D44 -> -42 | F44: =F43 -> 22 Aug, 26 Aug 05 Sep 08 Sep | G44: =G43 -> #VALUE! | H44: =G44-F44 -> #VALUE! | I44: 30 | J44: 18 | K44: =(E44*J44)/I44 -> -25.2 | M44: =IF(AND(M$2>=$F44,M$2<($F44+$H44)),ROUND($K44/$H44,0),"-") -> #VALUE! | N44: =IF(AND(N$2>=$F44,N$2<($F44+$H44)),ROUND($K44/$H44,0),"-") -> #VALUE! | O44: =IF(AND(O$2>=$F44,O$2<($F44+$H44)),ROUND($K44/$H44,0),"-") -> #VALUE! | P44: =IF(AND(P$2>=$F44,P$2<($F44+$H44)),ROUND($K44/$H44,0),"-") -> #VALUE! | Q44: =IF(AND(Q$2>=$F44,Q$2<($F44+$H44)),ROUND($K44/$H44,0),"-") -> #VALUE! | R44: =IF(AND(R$2>=$F44,R$2<($F44+$H44)),ROUND($K44/$H44,0),"-") -> #VALUE! | S44: =IF(AND(S$2>=$F44,S$2<($F44+$H44)),ROUND($K44/$H44,0),"-") -> #VALUE! | T44: =IF(AND(T$2>=$F44,T$2<($F44+$H44)),ROUND($K44/$H44,0),"-") -> #VALUE! | ... CW44: =IF(AND(CW$2>=$F44,CW$2<($F44+$H44)),ROUND($K44/$H44,0),"-") -> #VALUE!
B45: Control & Communication termination | C45: 1344 | D45: 0 | E45: =C45-D45 -> 1344 | F45: =F44 -> 22 Aug, 26 Aug 05 Sep 08 Sep | G45: =G44 -> #VALUE! | H45: =H44 -> #VALUE! | I45: 30 | J45: 6 | K45: =(E45*J45)/I45 -> 268.8 | M45: =IF(AND(M$2>=$F45,M$2<($F45+$H45)),ROUND($K45/$H45,0),"-") -> #VALUE! | N45: =IF(AND(N$2>=$F45,N$2<($F45+$H45)),ROUND($K45/$H45,0),"-") -> #VALUE! | O45: =IF(AND(O$2>=$F45,O$2<($F45+$H45)),ROUND($K45/$H45,0),"-") -> #VALUE! | P45: =IF(AND(P$2>=$F45,P$2<($F45+$H45)),ROUND($K45/$H45,0),"-") -> #VALUE! | Q45: =IF(AND(Q$2>=$F45,Q$2<($F45+$H45)),ROUND($K45/$H45,0),"-") -> #VALUE! | R45: =IF(AND(R$2>=$F45,R$2<($F45+$H45)),ROUND($K45/$H45,0),"-") -> #VALUE! | S45: =IF(AND(S$2>=$F45,S$2<($F45+$H45)),ROUND($K45/$H45,0),"-") -> #VALUE! | T45: =IF(AND(T$2>=$F45,T$2<($F45+$H45)),ROUND($K45/$H45,0),"-") -> #VALUE! | ... CW45: =IF(AND(CW$2>=$F45,CW$2<($F45+$H45)),ROUND($K45/$H45,0),"-") -> #VALUE!
A47: BESS 12
B48: Battery Container | C48: Scope | D48: Actual | E48: Balance | F48: Start date | G48: End Date | H48: Days | I48: Productivity | J48: Manpower | K48: Total Manpower | L48: Avg Manpower | M48: 46201 | N48: 46202 | O48: 46203 | P48: 46204 | Q48: 46205 | R48: 46206 | S48: 46207 | T48: 46208 | U48: 46209 | V48: 46210 | W48: 46211 | X48: 46212 | Y48: 46213 | Z48: 46214 | AA48: 46215 | AB48: 46216 | AC48: 46217 | AD48: 46218 | AE48: 46219 | AF48: 46220 | AG48: 46221 | AH48: 46222 | AI48: 46223 | AJ48: 46224 | AK48: 46225 | AL48: 46226 | AM48: 46227 | AN48: 46228 | AO48: 46229 | AP48: 46230 | AQ48: 46231 | AR48: 46232 | AS48: 46233 | AT48: 46234 | AU48: 46235 | AV48: 46236 | AW48: 46237 | AX48: 46238 | AY48: 46239 | AZ48: 46240 | BA48: 46241 | BB48: 46242 | BC48: 46243 | BD48: 46244 | BE48: 46245 | BF48: 46246 | BG48: 46247 | BH48: 46248 | BI48: 46249 | BJ48: 46250 | BK48: 46251 | BL48: 46252 | BM48: 46253 | BN48: 46254 | BO48: 46255 | BP48: 46256 | BQ48: 46257 | BR48: 46258 | BS48: 46259 | BT48: 46260 | BU48: 46261 | BV48: 46262 | BW48: 46263 | BX48: 46264 | BY48: 46265 | BZ48: 46266 | CA48: 46267 | CB48: 46268 | CC48: 46269 | CD48: 46270 | CE48: 46271 | CF48: 46272 | CG48: 46273 | CH48: 46274 | CI48: 46275 | CJ48: 46276 | CK48: 46277 | CL48: 46278 | CM48: 46279 | CN48: 46280 | CO48: 46281 | CP48: 46282 | CQ48: 46283 | CR48: 46284 | CS48: 46285 | CT48: 46286 | CU48: 46287 | CV48: 46288 | CW48: 46289
A49: B1 | B49: Battery Container Erection | C49: 48 | D49: 0 | E49: =C49-D49 -> 48 | F49: ='BESS 12'!D51 -> 30 Jun 04 Jul 09 Jul | G49: =F49+4 -> #VALUE! | H49: =G49-F49 -> #VALUE! | I49: 10 | J49: 1 | K49: =(E49*J49)/I49 -> 4.8 | L49: =AVERAGEIF(M49:CW51,">0") -> #DIV/0! | M49: =IF(AND(M$2>=$F49,M$2<($F49+$H49)),ROUND($K49/$H49,0),"-") -> #VALUE! | N49: =IF(AND(N$2>=$F49,N$2<($F49+$H49)),ROUND($K49/$H49,0),"-") -> #VALUE! | O49: =IF(AND(O$2>=$F49,O$2<($F49+$H49)),ROUND($K49/$H49,0),"-") -> #VALUE! | P49: =IF(AND(P$2>=$F49,P$2<($F49+$H49)),ROUND($K49/$H49,0),"-") -> #VALUE! | Q49: =IF(AND(Q$2>=$F49,Q$2<($F49+$H49)),ROUND($K49/$H49,0),"-") -> #VALUE! | R49: =IF(AND(R$2>=$F49,R$2<($F49+$H49)),ROUND($K49/$H49,0),"-") -> #VALUE! | S49: =IF(AND(S$2>=$F49,S$2<($F49+$H49)),ROUND($K49/$H49,0),"-") -> #VALUE! | T49: =IF(AND(T$2>=$F49,T$2<($F49+$H49)),ROUND($K49/$H49,0),"-") -> #VALUE! | ... CW49: =IF(AND(CW$2>=$F49,CW$2<($F49+$H49)),ROUND($K49/$H49,0),"-") -> #VALUE!
B50: DC termination | C50: 768 | D50: =SUM('[1]Electrical Work'!$G$446:$G$451) -> 810 | E50: =C50-D50 -> -42 | F50: =F49 -> 30 Jun 04 Jul 09 Jul | G50: =G49 -> #VALUE! | H50: =G50-F50 -> #VALUE! | I50: 30 | J50: 18 | K50: =(E50*J50)/I50 -> -25.2 | M50: =IF(AND(M$2>=$F50,M$2<($F50+$H50)),ROUND($K50/$H50,0),"-") -> #VALUE! | N50: =IF(AND(N$2>=$F50,N$2<($F50+$H50)),ROUND($K50/$H50,0),"-") -> #VALUE! | O50: =IF(AND(O$2>=$F50,O$2<($F50+$H50)),ROUND($K50/$H50,0),"-") -> #VALUE! | P50: =IF(AND(P$2>=$F50,P$2<($F50+$H50)),ROUND($K50/$H50,0),"-") -> #VALUE! | Q50: =IF(AND(Q$2>=$F50,Q$2<($F50+$H50)),ROUND($K50/$H50,0),"-") -> #VALUE! | R50: =IF(AND(R$2>=$F50,R$2<($F50+$H50)),ROUND($K50/$H50,0),"-") -> #VALUE! | S50: =IF(AND(S$2>=$F50,S$2<($F50+$H50)),ROUND($K50/$H50,0),"-") -> #VALUE! | T50: =IF(AND(T$2>=$F50,T$2<($F50+$H50)),ROUND($K50/$H50,0),"-") -> #VALUE! | ... CW50: =IF(AND(CW$2>=$F50,CW$2<($F50+$H50)),ROUND($K50/$H50,0),"-") -> #VALUE!
B51: Control & Communication termination | C51: 1344 | D51: 0 | E51: =C51-D51 -> 1344 | F51: =F50 -> 30 Jun 04 Jul 09 Jul | G51: =G50 -> #VALUE! | H51: =H50 -> #VALUE! | I51: 30 | J51: 6 | K51: =(E51*J51)/I51 -> 268.8 | M51: =IF(AND(M$2>=$F51,M$2<($F51+$H51)),ROUND($K51/$H51,0),"-") -> #VALUE! | N51: =IF(AND(N$2>=$F51,N$2<($F51+$H51)),ROUND($K51/$H51,0),"-") -> #VALUE! | O51: =IF(AND(O$2>=$F51,O$2<($F51+$H51)),ROUND($K51/$H51,0),"-") -> #VALUE! | P51: =IF(AND(P$2>=$F51,P$2<($F51+$H51)),ROUND($K51/$H51,0),"-") -> #VALUE! | Q51: =IF(AND(Q$2>=$F51,Q$2<($F51+$H51)),ROUND($K51/$H51,0),"-") -> #VALUE! | R51: =IF(AND(R$2>=$F51,R$2<($F51+$H51)),ROUND($K51/$H51,0),"-") -> #VALUE! | S51: =IF(AND(S$2>=$F51,S$2<($F51+$H51)),ROUND($K51/$H51,0),"-") -> #VALUE! | T51: =IF(AND(T$2>=$F51,T$2<($F51+$H51)),ROUND($K51/$H51,0),"-") -> #VALUE! | ... CW51: =IF(AND(CW$2>=$F51,CW$2<($F51+$H51)),ROUND($K51/$H51,0),"-") -> #VALUE!
B53: Battery Container | C53: Scope | D53: Actual | E53: Balance | F53: Start date | G53: End Date | H53: Days | I53: Productivity | J53: Manpower | K53: Total Manpower | L53: Avg Manpower | M53: 46201 | N53: 46202 | O53: 46203 | P53: 46204 | Q53: 46205 | R53: 46206 | S53: 46207 | T53: 46208 | U53: 46209 | V53: 46210 | W53: 46211 | X53: 46212 | Y53: 46213 | Z53: 46214 | AA53: 46215 | AB53: 46216 | AC53: 46217 | AD53: 46218 | AE53: 46219 | AF53: 46220 | AG53: 46221 | AH53: 46222 | AI53: 46223 | AJ53: 46224 | AK53: 46225 | AL53: 46226 | AM53: 46227 | AN53: 46228 | AO53: 46229 | AP53: 46230 | AQ53: 46231 | AR53: 46232 | AS53: 46233 | AT53: 46234 | AU53: 46235 | AV53: 46236 | AW53: 46237 | AX53: 46238 | AY53: 46239 | AZ53: 46240 | BA53: 46241 | BB53: 46242 | BC53: 46243 | BD53: 46244 | BE53: 46245 | BF53: 46246 | BG53: 46247 | BH53: 46248 | BI53: 46249 | BJ53: 46250 | BK53: 46251 | BL53: 46252 | BM53: 46253 | BN53: 46254 | BO53: 46255 | BP53: 46256 | BQ53: 46257 | BR53: 46258 | BS53: 46259 | BT53: 46260 | BU53: 46261 | BV53: 46262 | BW53: 46263 | BX53: 46264 | BY53: 46265 | BZ53: 46266 | CA53: 46267 | CB53: 46268 | CC53: 46269 | CD53: 46270 | CE53: 46271 | CF53: 46272 | CG53: 46273 | CH53: 46274 | CI53: 46275 | CJ53: 46276 | CK53: 46277 | CL53: 46278 | CM53: 46279 | CN53: 46280 | CO53: 46281 | CP53: 46282 | CQ53: 46283 | CR53: 46284 | CS53: 46285 | CT53: 46286 | CU53: 46287 | CV53: 46288 | CW53: 46289
A54: B2 | B54: Battery Container Erection | C54: 48 | D54: 0 | E54: =C54-D54 -> 48 | F54: ='BESS 12'!D96 -> 04 Jul, 07 Jul 10 Jul 14 Jul | G54: =F54+4 -> #VALUE! | H54: =G54-F54 -> #VALUE! | I54: 10 | J54: 1 | K54: =(E54*J54)/I54 -> 4.8 | L54: =AVERAGEIF(M54:CW56,">0") -> #DIV/0! | M54: =IF(AND(M$2>=$F54,M$2<($F54+$H54)),ROUND($K54/$H54,0),"-") -> #VALUE! | N54: =IF(AND(N$2>=$F54,N$2<($F54+$H54)),ROUND($K54/$H54,0),"-") -> #VALUE! | O54: =IF(AND(O$2>=$F54,O$2<($F54+$H54)),ROUND($K54/$H54,0),"-") -> #VALUE! | P54: =IF(AND(P$2>=$F54,P$2<($F54+$H54)),ROUND($K54/$H54,0),"-") -> #VALUE! | Q54: =IF(AND(Q$2>=$F54,Q$2<($F54+$H54)),ROUND($K54/$H54,0),"-") -> #VALUE! | R54: =IF(AND(R$2>=$F54,R$2<($F54+$H54)),ROUND($K54/$H54,0),"-") -> #VALUE! | S54: =IF(AND(S$2>=$F54,S$2<($F54+$H54)),ROUND($K54/$H54,0),"-") -> #VALUE! | T54: =IF(AND(T$2>=$F54,T$2<($F54+$H54)),ROUND($K54/$H54,0),"-") -> #VALUE! | ... CW54: =IF(AND(CW$2>=$F54,CW$2<($F54+$H54)),ROUND($K54/$H54,0),"-") -> #VALUE!
B55: DC termination | C55: 768 | D55: =SUM('[1]Electrical Work'!$G$446:$G$451) -> 810 | E55: =C55-D55 -> -42 | F55: =F54 -> 04 Jul, 07 Jul 10 Jul 14 Jul | G55: =G54 -> #VALUE! | H55: =G55-F55 -> #VALUE! | I55: 30 | J55: 18 | K55: =(E55*J55)/I55 -> -25.2 | M55: =IF(AND(M$2>=$F55,M$2<($F55+$H55)),ROUND($K55/$H55,0),"-") -> #VALUE! | N55: =IF(AND(N$2>=$F55,N$2<($F55+$H55)),ROUND($K55/$H55,0),"-") -> #VALUE! | O55: =IF(AND(O$2>=$F55,O$2<($F55+$H55)),ROUND($K55/$H55,0),"-") -> #VALUE! | P55: =IF(AND(P$2>=$F55,P$2<($F55+$H55)),ROUND($K55/$H55,0),"-") -> #VALUE! | Q55: =IF(AND(Q$2>=$F55,Q$2<($F55+$H55)),ROUND($K55/$H55,0),"-") -> #VALUE! | R55: =IF(AND(R$2>=$F55,R$2<($F55+$H55)),ROUND($K55/$H55,0),"-") -> #VALUE! | S55: =IF(AND(S$2>=$F55,S$2<($F55+$H55)),ROUND($K55/$H55,0),"-") -> #VALUE! | T55: =IF(AND(T$2>=$F55,T$2<($F55+$H55)),ROUND($K55/$H55,0),"-") -> #VALUE! | ... CW55: =IF(AND(CW$2>=$F55,CW$2<($F55+$H55)),ROUND($K55/$H55,0),"-") -> #VALUE!
B56: Control & Communication termination | C56: 1344 | D56: 0 | E56: =C56-D56 -> 1344 | F56: =F55 -> 04 Jul, 07 Jul 10 Jul 14 Jul | G56: =G55 -> #VALUE! | H56: =H55 -> #VALUE! | I56: 30 | J56: 6 | K56: =(E56*J56)/I56 -> 268.8 | M56: =IF(AND(M$2>=$F56,M$2<($F56+$H56)),ROUND($K56/$H56,0),"-") -> #VALUE! | N56: =IF(AND(N$2>=$F56,N$2<($F56+$H56)),ROUND($K56/$H56,0),"-") -> #VALUE! | O56: =IF(AND(O$2>=$F56,O$2<($F56+$H56)),ROUND($K56/$H56,0),"-") -> #VALUE! | P56: =IF(AND(P$2>=$F56,P$2<($F56+$H56)),ROUND($K56/$H56,0),"-") -> #VALUE! | Q56: =IF(AND(Q$2>=$F56,Q$2<($F56+$H56)),ROUND($K56/$H56,0),"-") -> #VALUE! | R56: =IF(AND(R$2>=$F56,R$2<($F56+$H56)),ROUND($K56/$H56,0),"-") -> #VALUE! | S56: =IF(AND(S$2>=$F56,S$2<($F56+$H56)),ROUND($K56/$H56,0),"-") -> #VALUE! | T56: =IF(AND(T$2>=$F56,T$2<($F56+$H56)),ROUND($K56/$H56,0),"-") -> #VALUE! | ... CW56: =IF(AND(CW$2>=$F56,CW$2<($F56+$H56)),ROUND($K56/$H56,0),"-") -> #VALUE!
B58: Battery Container | C58: Scope | D58: Actual | E58: Balance | F58: Start date | G58: End Date | H58: Days | I58: Productivity | J58: Manpower | K58: Total Manpower | L58: Avg Manpower | M58: 46201 | N58: 46202 | O58: 46203 | P58: 46204 | Q58: 46205 | R58: 46206 | S58: 46207 | T58: 46208 | U58: 46209 | V58: 46210 | W58: 46211 | X58: 46212 | Y58: 46213 | Z58: 46214 | AA58: 46215 | AB58: 46216 | AC58: 46217 | AD58: 46218 | AE58: 46219 | AF58: 46220 | AG58: 46221 | AH58: 46222 | AI58: 46223 | AJ58: 46224 | AK58: 46225 | AL58: 46226 | AM58: 46227 | AN58: 46228 | AO58: 46229 | AP58: 46230 | AQ58: 46231 | AR58: 46232 | AS58: 46233 | AT58: 46234 | AU58: 46235 | AV58: 46236 | AW58: 46237 | AX58: 46238 | AY58: 46239 | AZ58: 46240 | BA58: 46241 | BB58: 46242 | BC58: 46243 | BD58: 46244 | BE58: 46245 | BF58: 46246 | BG58: 46247 | BH58: 46248 | BI58: 46249 | BJ58: 46250 | BK58: 46251 | BL58: 46252 | BM58: 46253 | BN58: 46254 | BO58: 46255 | BP58: 46256 | BQ58: 46257 | BR58: 46258 | BS58: 46259 | BT58: 46260 | BU58: 46261 | BV58: 46262 | BW58: 46263 | BX58: 46264 | BY58: 46265 | BZ58: 46266 | CA58: 46267 | CB58: 46268 | CC58: 46269 | CD58: 46270 | CE58: 46271 | CF58: 46272 | CG58: 46273 | CH58: 46274 | CI58: 46275 | CJ58: 46276 | CK58: 46277 | CL58: 46278 | CM58: 46279 | CN58: 46280 | CO58: 46281 | CP58: 46282 | CQ58: 46283 | CR58: 46284 | CS58: 46285 | CT58: 46286 | CU58: 46287 | CV58: 46288 | CW58: 46289
A59: B4 | B59: Battery Container Erection | C59: 48 | D59: 0 | E59: =C59-D59 -> 48 | F59: ='BESS 12'!D5 -> 07 Jul 09 Jul | G59: =F59+4 -> #VALUE! | H59: =G59-F59 -> #VALUE! | I59: 10 | J59: 1 | K59: =(E59*J59)/I59 -> 4.8 | L59: =AVERAGEIF(M59:CW61,">0") -> #DIV/0! | M59: =IF(AND(M$2>=$F59,M$2<($F59+$H59)),ROUND($K59/$H59,0),"-") -> #VALUE! | N59: =IF(AND(N$2>=$F59,N$2<($F59+$H59)),ROUND($K59/$H59,0),"-") -> #VALUE! | O59: =IF(AND(O$2>=$F59,O$2<($F59+$H59)),ROUND($K59/$H59,0),"-") -> #VALUE! | P59: =IF(AND(P$2>=$F59,P$2<($F59+$H59)),ROUND($K59/$H59,0),"-") -> #VALUE! | Q59: =IF(AND(Q$2>=$F59,Q$2<($F59+$H59)),ROUND($K59/$H59,0),"-") -> #VALUE! | R59: =IF(AND(R$2>=$F59,R$2<($F59+$H59)),ROUND($K59/$H59,0),"-") -> #VALUE! | S59: =IF(AND(S$2>=$F59,S$2<($F59+$H59)),ROUND($K59/$H59,0),"-") -> #VALUE! | T59: =IF(AND(T$2>=$F59,T$2<($F59+$H59)),ROUND($K59/$H59,0),"-") -> #VALUE! | ... CW59: =IF(AND(CW$2>=$F59,CW$2<($F59+$H59)),ROUND($K59/$H59,0),"-") -> #VALUE!
B60: DC termination | C60: 768 | D60: =SUM('[1]Electrical Work'!$G$446:$G$451) -> 810 | E60: =C60-D60 -> -42 | F60: =F59 -> 07 Jul 09 Jul | G60: =G59 -> #VALUE! | H60: =G60-F60 -> #VALUE! | I60: 30 | J60: 18 | K60: =(E60*J60)/I60 -> -25.2 | M60: =IF(AND(M$2>=$F60,M$2<($F60+$H60)),ROUND($K60/$H60,0),"-") -> #VALUE! | N60: =IF(AND(N$2>=$F60,N$2<($F60+$H60)),ROUND($K60/$H60,0),"-") -> #VALUE! | O60: =IF(AND(O$2>=$F60,O$2<($F60+$H60)),ROUND($K60/$H60,0),"-") -> #VALUE! | P60: =IF(AND(P$2>=$F60,P$2<($F60+$H60)),ROUND($K60/$H60,0),"-") -> #VALUE! | Q60: =IF(AND(Q$2>=$F60,Q$2<($F60+$H60)),ROUND($K60/$H60,0),"-") -> #VALUE! | R60: =IF(AND(R$2>=$F60,R$2<($F60+$H60)),ROUND($K60/$H60,0),"-") -> #VALUE! | S60: =IF(AND(S$2>=$F60,S$2<($F60+$H60)),ROUND($K60/$H60,0),"-") -> #VALUE! | T60: =IF(AND(T$2>=$F60,T$2<($F60+$H60)),ROUND($K60/$H60,0),"-") -> #VALUE! | ... CW60: =IF(AND(CW$2>=$F60,CW$2<($F60+$H60)),ROUND($K60/$H60,0),"-") -> #VALUE!
B61: Control & Communication termination | C61: 1344 | D61: 0 | E61: =C61-D61 -> 1344 | F61: =F60 -> 07 Jul 09 Jul | G61: =G60 -> #VALUE! | H61: =H60 -> #VALUE! | I61: 30 | J61: 6 | K61: =(E61*J61)/I61 -> 268.8 | M61: =IF(AND(M$2>=$F61,M$2<($F61+$H61)),ROUND($K61/$H61,0),"-") -> #VALUE! | N61: =IF(AND(N$2>=$F61,N$2<($F61+$H61)),ROUND($K61/$H61,0),"-") -> #VALUE! | O61: =IF(AND(O$2>=$F61,O$2<($F61+$H61)),ROUND($K61/$H61,0),"-") -> #VALUE! | P61: =IF(AND(P$2>=$F61,P$2<($F61+$H61)),ROUND($K61/$H61,0),"-") -> #VALUE! | Q61: =IF(AND(Q$2>=$F61,Q$2<($F61+$H61)),ROUND($K61/$H61,0),"-") -> #VALUE! | R61: =IF(AND(R$2>=$F61,R$2<($F61+$H61)),ROUND($K61/$H61,0),"-") -> #VALUE! | S61: =IF(AND(S$2>=$F61,S$2<($F61+$H61)),ROUND($K61/$H61,0),"-") -> #VALUE! | T61: =IF(AND(T$2>=$F61,T$2<($F61+$H61)),ROUND($K61/$H61,0),"-") -> #VALUE! | ... CW61: =IF(AND(CW$2>=$F61,CW$2<($F61+$H61)),ROUND($K61/$H61,0),"-") -> #VALUE!
B63: Battery Container | C63: Scope | D63: Actual | E63: Balance | F63: Start date | G63: End Date | H63: Days | I63: Productivity | J63: Manpower | K63: Total Manpower | L63: Avg Manpower | M63: 46201 | N63: 46202 | O63: 46203 | P63: 46204 | Q63: 46205 | R63: 46206 | S63: 46207 | T63: 46208 | U63: 46209 | V63: 46210 | W63: 46211 | X63: 46212 | Y63: 46213 | Z63: 46214 | AA63: 46215 | AB63: 46216 | AC63: 46217 | AD63: 46218 | AE63: 46219 | AF63: 46220 | AG63: 46221 | AH63: 46222 | AI63: 46223 | AJ63: 46224 | AK63: 46225 | AL63: 46226 | AM63: 46227 | AN63: 46228 | AO63: 46229 | AP63: 46230 | AQ63: 46231 | AR63: 46232 | AS63: 46233 | AT63: 46234 | AU63: 46235 | AV63: 46236 | AW63: 46237 | AX63: 46238 | AY63: 46239 | AZ63: 46240 | BA63: 46241 | BB63: 46242 | BC63: 46243 | BD63: 46244 | BE63: 46245 | BF63: 46246 | BG63: 46247 | BH63: 46248 | BI63: 46249 | BJ63: 46250 | BK63: 46251 | BL63: 46252 | BM63: 46253 | BN63: 46254 | BO63: 46255 | BP63: 46256 | BQ63: 46257 | BR63: 46258 | BS63: 46259 | BT63: 46260 | BU63: 46261 | BV63: 46262 | BW63: 46263 | BX63: 46264 | BY63: 46265 | BZ63: 46266 | CA63: 46267 | CB63: 46268 | CC63: 46269 | CD63: 46270 | CE63: 46271 | CF63: 46272 | CG63: 46273 | CH63: 46274 | CI63: 46275 | CJ63: 46276 | CK63: 46277 | CL63: 46278 | CM63: 46279 | CN63: 46280 | CO63: 46281 | CP63: 46282 | CQ63: 46283 | CR63: 46284 | CS63: 46285 | CT63: 46286 | CU63: 46287 | CV63: 46288 | CW63: 46289
A64: B3 | B64: Battery Container Erection | C64: 48 | D64: 0 | E64: =C64-D64 -> 48 | F64: ='BESS 12'!D141 -> 13 Jul 20 Jul 22 Jul | G64: =F64+4 -> #VALUE! | H64: =G64-F64 -> #VALUE! | I64: 10 | J64: 1 | K64: =(E64*J64)/I64 -> 4.8 | L64: =AVERAGEIF(M64:CW66,">0") -> #DIV/0! | M64: =IF(AND(M$2>=$F64,M$2<($F64+$H64)),ROUND($K64/$H64,0),"-") -> #VALUE! | N64: =IF(AND(N$2>=$F64,N$2<($F64+$H64)),ROUND($K64/$H64,0),"-") -> #VALUE! | O64: =IF(AND(O$2>=$F64,O$2<($F64+$H64)),ROUND($K64/$H64,0),"-") -> #VALUE! | P64: =IF(AND(P$2>=$F64,P$2<($F64+$H64)),ROUND($K64/$H64,0),"-") -> #VALUE! | Q64: =IF(AND(Q$2>=$F64,Q$2<($F64+$H64)),ROUND($K64/$H64,0),"-") -> #VALUE! | R64: =IF(AND(R$2>=$F64,R$2<($F64+$H64)),ROUND($K64/$H64,0),"-") -> #VALUE! | S64: =IF(AND(S$2>=$F64,S$2<($F64+$H64)),ROUND($K64/$H64,0),"-") -> #VALUE! | T64: =IF(AND(T$2>=$F64,T$2<($F64+$H64)),ROUND($K64/$H64,0),"-") -> #VALUE! | ... CW64: =IF(AND(CW$2>=$F64,CW$2<($F64+$H64)),ROUND($K64/$H64,0),"-") -> #VALUE!
B65: DC termination | C65: 768 | D65: =SUM('[1]Electrical Work'!$G$446:$G$451) -> 810 | E65: =C65-D65 -> -42 | F65: =F64 -> 13 Jul 20 Jul 22 Jul | G65: =G64 -> #VALUE! | H65: =G65-F65 -> #VALUE! | I65: 30 | J65: 18 | K65: =(E65*J65)/I65 -> -25.2 | M65: =IF(AND(M$2>=$F65,M$2<($F65+$H65)),ROUND($K65/$H65,0),"-") -> #VALUE! | N65: =IF(AND(N$2>=$F65,N$2<($F65+$H65)),ROUND($K65/$H65,0),"-") -> #VALUE! | O65: =IF(AND(O$2>=$F65,O$2<($F65+$H65)),ROUND($K65/$H65,0),"-") -> #VALUE! | P65: =IF(AND(P$2>=$F65,P$2<($F65+$H65)),ROUND($K65/$H65,0),"-") -> #VALUE! | Q65: =IF(AND(Q$2>=$F65,Q$2<($F65+$H65)),ROUND($K65/$H65,0),"-") -> #VALUE! | R65: =IF(AND(R$2>=$F65,R$2<($F65+$H65)),ROUND($K65/$H65,0),"-") -> #VALUE! | S65: =IF(AND(S$2>=$F65,S$2<($F65+$H65)),ROUND($K65/$H65,0),"-") -> #VALUE! | T65: =IF(AND(T$2>=$F65,T$2<($F65+$H65)),ROUND($K65/$H65,0),"-") -> #VALUE! | ... CW65: =IF(AND(CW$2>=$F65,CW$2<($F65+$H65)),ROUND($K65/$H65,0),"-") -> #VALUE!
B66: Control & Communication termination | C66: 1344 | D66: 0 | E66: =C66-D66 -> 1344 | F66: =F65 -> 13 Jul 20 Jul 22 Jul | G66: =G65 -> #VALUE! | H66: =H65 -> #VALUE! | I66: 30 | J66: 6 | K66: =(E66*J66)/I66 -> 268.8 | M66: =IF(AND(M$2>=$F66,M$2<($F66+$H66)),ROUND($K66/$H66,0),"-") -> #VALUE! | N66: =IF(AND(N$2>=$F66,N$2<($F66+$H66)),ROUND($K66/$H66,0),"-") -> #VALUE! | O66: =IF(AND(O$2>=$F66,O$2<($F66+$H66)),ROUND($K66/$H66,0),"-") -> #VALUE! | P66: =IF(AND(P$2>=$F66,P$2<($F66+$H66)),ROUND($K66/$H66,0),"-") -> #VALUE! | Q66: =IF(AND(Q$2>=$F66,Q$2<($F66+$H66)),ROUND($K66/$H66,0),"-") -> #VALUE! | R66: =IF(AND(R$2>=$F66,R$2<($F66+$H66)),ROUND($K66/$H66,0),"-") -> #VALUE! | S66: =IF(AND(S$2>=$F66,S$2<($F66+$H66)),ROUND($K66/$H66,0),"-") -> #VALUE! | T66: =IF(AND(T$2>=$F66,T$2<($F66+$H66)),ROUND($K66/$H66,0),"-") -> #VALUE! | ... CW66: =IF(AND(CW$2>=$F66,CW$2<($F66+$H66)),ROUND($K66/$H66,0),"-") -> #VALUE!
B68: Battery Container | C68: Scope | D68: Actual | E68: Balance | F68: Start date | G68: End Date | H68: Days | I68: Productivity | J68: Manpower | K68: Total Manpower | L68: Avg Manpower | M68: 46201 | N68: 46202 | O68: 46203 | P68: 46204 | Q68: 46205 | R68: 46206 | S68: 46207 | T68: 46208 | U68: 46209 | V68: 46210 | W68: 46211 | X68: 46212 | Y68: 46213 | Z68: 46214 | AA68: 46215 | AB68: 46216 | AC68: 46217 | AD68: 46218 | AE68: 46219 | AF68: 46220 | AG68: 46221 | AH68: 46222 | AI68: 46223 | AJ68: 46224 | AK68: 46225 | AL68: 46226 | AM68: 46227 | AN68: 46228 | AO68: 46229 | AP68: 46230 | AQ68: 46231 | AR68: 46232 | AS68: 46233 | AT68: 46234 | AU68: 46235 | AV68: 46236 | AW68: 46237 | AX68: 46238 | AY68: 46239 | AZ68: 46240 | BA68: 46241 | BB68: 46242 | BC68: 46243 | BD68: 46244 | BE68: 46245 | BF68: 46246 | BG68: 46247 | BH68: 46248 | BI68: 46249 | BJ68: 46250 | BK68: 46251 | BL68: 46252 | BM68: 46253 | BN68: 46254 | BO68: 46255 | BP68: 46256 | BQ68: 46257 | BR68: 46258 | BS68: 46259 | BT68: 46260 | BU68: 46261 | BV68: 46262 | BW68: 46263 | BX68: 46264 | BY68: 46265 | BZ68: 46266 | CA68: 46267 | CB68: 46268 | CC68: 46269 | CD68: 46270 | CE68: 46271 | CF68: 46272 | CG68: 46273 | CH68: 46274 | CI68: 46275 | CJ68: 46276 | CK68: 46277 | CL68: 46278 | CM68: 46279 | CN68: 46280 | CO68: 46281 | CP68: 46282 | CQ68: 46283 | CR68: 46284 | CS68: 46285 | CT68: 46286 | CU68: 46287 | CV68: 46288 | CW68: 46289
A69: B5 | B69: Battery Container Erection | C69: 48 | D69: 0 | E69: =C69-D69 -> 48 | F69: ='BESS 12'!D186 -> 14 Jul 21 Jul 24 Jul | G69: =F69+4 -> #VALUE! | H69: =G69-F69 -> #VALUE! | I69: 10 | J69: 1 | K69: =(E69*J69)/I69 -> 4.8 | L69: =AVERAGEIF(M69:CW71,">0") -> #DIV/0! | M69: =IF(AND(M$2>=$F69,M$2<($F69+$H69)),ROUND($K69/$H69,0),"-") -> #VALUE! | N69: =IF(AND(N$2>=$F69,N$2<($F69+$H69)),ROUND($K69/$H69,0),"-") -> #VALUE! | O69: =IF(AND(O$2>=$F69,O$2<($F69+$H69)),ROUND($K69/$H69,0),"-") -> #VALUE! | P69: =IF(AND(P$2>=$F69,P$2<($F69+$H69)),ROUND($K69/$H69,0),"-") -> #VALUE! | Q69: =IF(AND(Q$2>=$F69,Q$2<($F69+$H69)),ROUND($K69/$H69,0),"-") -> #VALUE! | R69: =IF(AND(R$2>=$F69,R$2<($F69+$H69)),ROUND($K69/$H69,0),"-") -> #VALUE! | S69: =IF(AND(S$2>=$F69,S$2<($F69+$H69)),ROUND($K69/$H69,0),"-") -> #VALUE! | T69: =IF(AND(T$2>=$F69,T$2<($F69+$H69)),ROUND($K69/$H69,0),"-") -> #VALUE! | ... CW69: =IF(AND(CW$2>=$F69,CW$2<($F69+$H69)),ROUND($K69/$H69,0),"-") -> #VALUE!
B70: DC termination | C70: 768 | D70: =SUM('[1]Electrical Work'!$G$446:$G$451) -> 810 | E70: =C70-D70 -> -42 | F70: =F69 -> 14 Jul 21 Jul 24 Jul | G70: =G69 -> #VALUE! | H70: =G70-F70 -> #VALUE! | I70: 30 | J70: 18 | K70: =(E70*J70)/I70 -> -25.2 | M70: =IF(AND(M$2>=$F70,M$2<($F70+$H70)),ROUND($K70/$H70,0),"-") -> #VALUE! | N70: =IF(AND(N$2>=$F70,N$2<($F70+$H70)),ROUND($K70/$H70,0),"-") -> #VALUE! | O70: =IF(AND(O$2>=$F70,O$2<($F70+$H70)),ROUND($K70/$H70,0),"-") -> #VALUE! | P70: =IF(AND(P$2>=$F70,P$2<($F70+$H70)),ROUND($K70/$H70,0),"-") -> #VALUE! | Q70: =IF(AND(Q$2>=$F70,Q$2<($F70+$H70)),ROUND($K70/$H70,0),"-") -> #VALUE! | R70: =IF(AND(R$2>=$F70,R$2<($F70+$H70)),ROUND($K70/$H70,0),"-") -> #VALUE! | S70: =IF(AND(S$2>=$F70,S$2<($F70+$H70)),ROUND($K70/$H70,0),"-") -> #VALUE! | T70: =IF(AND(T$2>=$F70,T$2<($F70+$H70)),ROUND($K70/$H70,0),"-") -> #VALUE! | ... CW70: =IF(AND(CW$2>=$F70,CW$2<($F70+$H70)),ROUND($K70/$H70,0),"-") -> #VALUE!
B71: Control & Communication termination | C71: 1344 | D71: 0 | E71: =C71-D71 -> 1344 | F71: =F70 -> 14 Jul 21 Jul 24 Jul | G71: =G70 -> #VALUE! | H71: =H70 -> #VALUE! | I71: 30 | J71: 6 | K71: =(E71*J71)/I71 -> 268.8 | M71: =IF(AND(M$2>=$F71,M$2<($F71+$H71)),ROUND($K71/$H71,0),"-") -> #VALUE! | N71: =IF(AND(N$2>=$F71,N$2<($F71+$H71)),ROUND($K71/$H71,0),"-") -> #VALUE! | O71: =IF(AND(O$2>=$F71,O$2<($F71+$H71)),ROUND($K71/$H71,0),"-") -> #VALUE! | P71: =IF(AND(P$2>=$F71,P$2<($F71+$H71)),ROUND($K71/$H71,0),"-") -> #VALUE! | Q71: =IF(AND(Q$2>=$F71,Q$2<($F71+$H71)),ROUND($K71/$H71,0),"-") -> #VALUE! | R71: =IF(AND(R$2>=$F71,R$2<($F71+$H71)),ROUND($K71/$H71,0),"-") -> #VALUE! | S71: =IF(AND(S$2>=$F71,S$2<($F71+$H71)),ROUND($K71/$H71,0),"-") -> #VALUE! | T71: =IF(AND(T$2>=$F71,T$2<($F71+$H71)),ROUND($K71/$H71,0),"-") -> #VALUE! | ... CW71: =IF(AND(CW$2>=$F71,CW$2<($F71+$H71)),ROUND($K71/$H71,0),"-") -> #VALUE!
B73: Battery Container | C73: Scope | D73: Actual | E73: Balance | F73: Start date | G73: End Date | H73: Days | I73: Productivity | J73: Manpower | K73: Total Manpower | L73: Avg Manpower | M73: 46201 | N73: 46202 | O73: 46203 | P73: 46204 | Q73: 46205 | R73: 46206 | S73: 46207 | T73: 46208 | U73: 46209 | V73: 46210 | W73: 46211 | X73: 46212 | Y73: 46213 | Z73: 46214 | AA73: 46215 | AB73: 46216 | AC73: 46217 | AD73: 46218 | AE73: 46219 | AF73: 46220 | AG73: 46221 | AH73: 46222 | AI73: 46223 | AJ73: 46224 | AK73: 46225 | AL73: 46226 | AM73: 46227 | AN73: 46228 | AO73: 46229 | AP73: 46230 | AQ73: 46231 | AR73: 46232 | AS73: 46233 | AT73: 46234 | AU73: 46235 | AV73: 46236 | AW73: 46237 | AX73: 46238 | AY73: 46239 | AZ73: 46240 | BA73: 46241 | BB73: 46242 | BC73: 46243 | BD73: 46244 | BE73: 46245 | BF73: 46246 | BG73: 46247 | BH73: 46248 | BI73: 46249 | BJ73: 46250 | BK73: 46251 | BL73: 46252 | BM73: 46253 | BN73: 46254 | BO73: 46255 | BP73: 46256 | BQ73: 46257 | BR73: 46258 | BS73: 46259 | BT73: 46260 | BU73: 46261 | BV73: 46262 | BW73: 46263 | BX73: 46264 | BY73: 46265 | BZ73: 46266 | CA73: 46267 | CB73: 46268 | CC73: 46269 | CD73: 46270 | CE73: 46271 | CF73: 46272 | CG73: 46273 | CH73: 46274 | CI73: 46275 | CJ73: 46276 | CK73: 46277 | CL73: 46278 | CM73: 46279 | CN73: 46280 | CO73: 46281 | CP73: 46282 | CQ73: 46283 | CR73: 46284 | CS73: 46285 | CT73: 46286 | CU73: 46287 | CV73: 46288 | CW73: 46289
A74: B6 | B74: Battery Container Erection | C74: 48 | D74: 0 | E74: =C74-D74 -> 48 | F74: ='BESS 12'!D231 -> 03 Aug 17 Aug 02 Aug 04 Aug | G74: =F74+4 -> #VALUE! | H74: =G74-F74 -> #VALUE! | I74: 10 | J74: 1 | K74: =(E74*J74)/I74 -> 4.8 | L74: =AVERAGEIF(M74:CW76,">0") -> #DIV/0! | M74: =IF(AND(M$2>=$F74,M$2<($F74+$H74)),ROUND($K74/$H74,0),"-") -> #VALUE! | N74: =IF(AND(N$2>=$F74,N$2<($F74+$H74)),ROUND($K74/$H74,0),"-") -> #VALUE! | O74: =IF(AND(O$2>=$F74,O$2<($F74+$H74)),ROUND($K74/$H74,0),"-") -> #VALUE! | P74: =IF(AND(P$2>=$F74,P$2<($F74+$H74)),ROUND($K74/$H74,0),"-") -> #VALUE! | Q74: =IF(AND(Q$2>=$F74,Q$2<($F74+$H74)),ROUND($K74/$H74,0),"-") -> #VALUE! | R74: =IF(AND(R$2>=$F74,R$2<($F74+$H74)),ROUND($K74/$H74,0),"-") -> #VALUE! | S74: =IF(AND(S$2>=$F74,S$2<($F74+$H74)),ROUND($K74/$H74,0),"-") -> #VALUE! | T74: =IF(AND(T$2>=$F74,T$2<($F74+$H74)),ROUND($K74/$H74,0),"-") -> #VALUE! | ... CW74: =IF(AND(CW$2>=$F74,CW$2<($F74+$H74)),ROUND($K74/$H74,0),"-") -> #VALUE!
B75: DC termination | C75: 768 | D75: =SUM('[1]Electrical Work'!$G$446:$G$451) -> 810 | E75: =C75-D75 -> -42 | F75: =F74 -> 03 Aug 17 Aug 02 Aug 04 Aug | G75: =G74 -> #VALUE! | H75: =G75-F75 -> #VALUE! | I75: 30 | J75: 18 | K75: =(E75*J75)/I75 -> -25.2 | M75: =IF(AND(M$2>=$F75,M$2<($F75+$H75)),ROUND($K75/$H75,0),"-") -> #VALUE! | N75: =IF(AND(N$2>=$F75,N$2<($F75+$H75)),ROUND($K75/$H75,0),"-") -> #VALUE! | O75: =IF(AND(O$2>=$F75,O$2<($F75+$H75)),ROUND($K75/$H75,0),"-") -> #VALUE! | P75: =IF(AND(P$2>=$F75,P$2<($F75+$H75)),ROUND($K75/$H75,0),"-") -> #VALUE! | Q75: =IF(AND(Q$2>=$F75,Q$2<($F75+$H75)),ROUND($K75/$H75,0),"-") -> #VALUE! | R75: =IF(AND(R$2>=$F75,R$2<($F75+$H75)),ROUND($K75/$H75,0),"-") -> #VALUE! | S75: =IF(AND(S$2>=$F75,S$2<($F75+$H75)),ROUND($K75/$H75,0),"-") -> #VALUE! | T75: =IF(AND(T$2>=$F75,T$2<($F75+$H75)),ROUND($K75/$H75,0),"-") -> #VALUE! | ... CW75: =IF(AND(CW$2>=$F75,CW$2<($F75+$H75)),ROUND($K75/$H75,0),"-") -> #VALUE!
B76: Control & Communication termination | C76: 1344 | D76: 0 | E76: =C76-D76 -> 1344 | F76: =F75 -> 03 Aug 17 Aug 02 Aug 04 Aug | G76: =G75 -> #VALUE! | H76: =H75 -> #VALUE! | I76: 30 | J76: 6 | K76: =(E76*J76)/I76 -> 268.8 | M76: =IF(AND(M$2>=$F76,M$2<($F76+$H76)),ROUND($K76/$H76,0),"-") -> #VALUE! | N76: =IF(AND(N$2>=$F76,N$2<($F76+$H76)),ROUND($K76/$H76,0),"-") -> #VALUE! | O76: =IF(AND(O$2>=$F76,O$2<($F76+$H76)),ROUND($K76/$H76,0),"-") -> #VALUE! | P76: =IF(AND(P$2>=$F76,P$2<($F76+$H76)),ROUND($K76/$H76,0),"-") -> #VALUE! | Q76: =IF(AND(Q$2>=$F76,Q$2<($F76+$H76)),ROUND($K76/$H76,0),"-") -> #VALUE! | R76: =IF(AND(R$2>=$F76,R$2<($F76+$H76)),ROUND($K76/$H76,0),"-") -> #VALUE! | S76: =IF(AND(S$2>=$F76,S$2<($F76+$H76)),ROUND($K76/$H76,0),"-") -> #VALUE! | T76: =IF(AND(T$2>=$F76,T$2<($F76+$H76)),ROUND($K76/$H76,0),"-") -> #VALUE! | ... CW76: =IF(AND(CW$2>=$F76,CW$2<($F76+$H76)),ROUND($K76/$H76,0),"-") -> #VALUE!
B78: Battery Container | C78: Scope | D78: Actual | E78: Balance | F78: Start date | G78: End Date | H78: Days | I78: Productivity | J78: Manpower | K78: Total Manpower | L78: Avg Manpower | M78: 46201 | N78: 46202 | O78: 46203 | P78: 46204 | Q78: 46205 | R78: 46206 | S78: 46207 | T78: 46208 | U78: 46209 | V78: 46210 | W78: 46211 | X78: 46212 | Y78: 46213 | Z78: 46214 | AA78: 46215 | AB78: 46216 | AC78: 46217 | AD78: 46218 | AE78: 46219 | AF78: 46220 | AG78: 46221 | AH78: 46222 | AI78: 46223 | AJ78: 46224 | AK78: 46225 | AL78: 46226 | AM78: 46227 | AN78: 46228 | AO78: 46229 | AP78: 46230 | AQ78: 46231 | AR78: 46232 | AS78: 46233 | AT78: 46234 | AU78: 46235 | AV78: 46236 | AW78: 46237 | AX78: 46238 | AY78: 46239 | AZ78: 46240 | BA78: 46241 | BB78: 46242 | BC78: 46243 | BD78: 46244 | BE78: 46245 | BF78: 46246 | BG78: 46247 | BH78: 46248 | BI78: 46249 | BJ78: 46250 | BK78: 46251 | BL78: 46252 | BM78: 46253 | BN78: 46254 | BO78: 46255 | BP78: 46256 | BQ78: 46257 | BR78: 46258 | BS78: 46259 | BT78: 46260 | BU78: 46261 | BV78: 46262 | BW78: 46263 | BX78: 46264 | BY78: 46265 | BZ78: 46266 | CA78: 46267 | CB78: 46268 | CC78: 46269 | CD78: 46270 | CE78: 46271 | CF78: 46272 | CG78: 46273 | CH78: 46274 | CI78: 46275 | CJ78: 46276 | CK78: 46277 | CL78: 46278 | CM78: 46279 | CN78: 46280 | CO78: 46281 | CP78: 46282 | CQ78: 46283 | CR78: 46284 | CS78: 46285 | CT78: 46286 | CU78: 46287 | CV78: 46288 | CW78: 46289
A79: B7 | B79: Battery Container Erection | C79: 48 | D79: 0 | E79: =C79-D79 -> 48 | F79: ='BESS 12'!D276 -> 07 Aug 19 Aug 27 Aug 29 Aug | G79: =F79+4 -> #VALUE! | H79: =G79-F79 -> #VALUE! | I79: 10 | J79: 1 | K79: =(E79*J79)/I79 -> 4.8 | L79: =AVERAGEIF(M79:CW81,">0") -> #DIV/0! | M79: =IF(AND(M$2>=$F79,M$2<($F79+$H79)),ROUND($K79/$H79,0),"-") -> #VALUE! | N79: =IF(AND(N$2>=$F79,N$2<($F79+$H79)),ROUND($K79/$H79,0),"-") -> #VALUE! | O79: =IF(AND(O$2>=$F79,O$2<($F79+$H79)),ROUND($K79/$H79,0),"-") -> #VALUE! | P79: =IF(AND(P$2>=$F79,P$2<($F79+$H79)),ROUND($K79/$H79,0),"-") -> #VALUE! | Q79: =IF(AND(Q$2>=$F79,Q$2<($F79+$H79)),ROUND($K79/$H79,0),"-") -> #VALUE! | R79: =IF(AND(R$2>=$F79,R$2<($F79+$H79)),ROUND($K79/$H79,0),"-") -> #VALUE! | S79: =IF(AND(S$2>=$F79,S$2<($F79+$H79)),ROUND($K79/$H79,0),"-") -> #VALUE! | T79: =IF(AND(T$2>=$F79,T$2<($F79+$H79)),ROUND($K79/$H79,0),"-") -> #VALUE! | ... CW79: =IF(AND(CW$2>=$F79,CW$2<($F79+$H79)),ROUND($K79/$H79,0),"-") -> #VALUE!
B80: DC termination | C80: 768 | D80: =SUM('[1]Electrical Work'!$G$446:$G$451) -> 810 | E80: =C80-D80 -> -42 | F80: =F79 -> 07 Aug 19 Aug 27 Aug 29 Aug | G80: =G79 -> #VALUE! | H80: =G80-F80 -> #VALUE! | I80: 30 | J80: 18 | K80: =(E80*J80)/I80 -> -25.2 | M80: =IF(AND(M$2>=$F80,M$2<($F80+$H80)),ROUND($K80/$H80,0),"-") -> #VALUE! | N80: =IF(AND(N$2>=$F80,N$2<($F80+$H80)),ROUND($K80/$H80,0),"-") -> #VALUE! | O80: =IF(AND(O$2>=$F80,O$2<($F80+$H80)),ROUND($K80/$H80,0),"-") -> #VALUE! | P80: =IF(AND(P$2>=$F80,P$2<($F80+$H80)),ROUND($K80/$H80,0),"-") -> #VALUE! | Q80: =IF(AND(Q$2>=$F80,Q$2<($F80+$H80)),ROUND($K80/$H80,0),"-") -> #VALUE! | R80: =IF(AND(R$2>=$F80,R$2<($F80+$H80)),ROUND($K80/$H80,0),"-") -> #VALUE! | S80: =IF(AND(S$2>=$F80,S$2<($F80+$H80)),ROUND($K80/$H80,0),"-") -> #VALUE! | T80: =IF(AND(T$2>=$F80,T$2<($F80+$H80)),ROUND($K80/$H80,0),"-") -> #VALUE! | ... CW80: =IF(AND(CW$2>=$F80,CW$2<($F80+$H80)),ROUND($K80/$H80,0),"-") -> #VALUE!
B81: Control & Communication termination | C81: 1344 | D81: 0 | E81: =C81-D81 -> 1344 | F81: =F80 -> 07 Aug 19 Aug 27 Aug 29 Aug | G81: =G80 -> #VALUE! | H81: =H80 -> #VALUE! | I81: 30 | J81: 6 | K81: =(E81*J81)/I81 -> 268.8 | M81: =IF(AND(M$2>=$F81,M$2<($F81+$H81)),ROUND($K81/$H81,0),"-") -> #VALUE! | N81: =IF(AND(N$2>=$F81,N$2<($F81+$H81)),ROUND($K81/$H81,0),"-") -> #VALUE! | O81: =IF(AND(O$2>=$F81,O$2<($F81+$H81)),ROUND($K81/$H81,0),"-") -> #VALUE! | P81: =IF(AND(P$2>=$F81,P$2<($F81+$H81)),ROUND($K81/$H81,0),"-") -> #VALUE! | Q81: =IF(AND(Q$2>=$F81,Q$2<($F81+$H81)),ROUND($K81/$H81,0),"-") -> #VALUE! | R81: =IF(AND(R$2>=$F81,R$2<($F81+$H81)),ROUND($K81/$H81,0),"-") -> #VALUE! | S81: =IF(AND(S$2>=$F81,S$2<($F81+$H81)),ROUND($K81/$H81,0),"-") -> #VALUE! | T81: =IF(AND(T$2>=$F81,T$2<($F81+$H81)),ROUND($K81/$H81,0),"-") -> #VALUE! | ... CW81: =IF(AND(CW$2>=$F81,CW$2<($F81+$H81)),ROUND($K81/$H81,0),"-") -> #VALUE!
B83: Battery Container | C83: Scope | D83: Actual | E83: Balance | F83: Start date | G83: End Date | H83: Days | I83: Productivity | J83: Manpower | K83: Total Manpower | L83: Avg Manpower | M83: 46201 | N83: 46202 | O83: 46203 | P83: 46204 | Q83: 46205 | R83: 46206 | S83: 46207 | T83: 46208 | U83: 46209 | V83: 46210 | W83: 46211 | X83: 46212 | Y83: 46213 | Z83: 46214 | AA83: 46215 | AB83: 46216 | AC83: 46217 | AD83: 46218 | AE83: 46219 | AF83: 46220 | AG83: 46221 | AH83: 46222 | AI83: 46223 | AJ83: 46224 | AK83: 46225 | AL83: 46226 | AM83: 46227 | AN83: 46228 | AO83: 46229 | AP83: 46230 | AQ83: 46231 | AR83: 46232 | AS83: 46233 | AT83: 46234 | AU83: 46235 | AV83: 46236 | AW83: 46237 | AX83: 46238 | AY83: 46239 | AZ83: 46240 | BA83: 46241 | BB83: 46242 | BC83: 46243 | BD83: 46244 | BE83: 46245 | BF83: 46246 | BG83: 46247 | BH83: 46248 | BI83: 46249 | BJ83: 46250 | BK83: 46251 | BL83: 46252 | BM83: 46253 | BN83: 46254 | BO83: 46255 | BP83: 46256 | BQ83: 46257 | BR83: 46258 | BS83: 46259 | BT83: 46260 | BU83: 46261 | BV83: 46262 | BW83: 46263 | BX83: 46264 | BY83: 46265 | BZ83: 46266 | CA83: 46267 | CB83: 46268 | CC83: 46269 | CD83: 46270 | CE83: 46271 | CF83: 46272 | CG83: 46273 | CH83: 46274 | CI83: 46275 | CJ83: 46276 | CK83: 46277 | CL83: 46278 | CM83: 46279 | CN83: 46280 | CO83: 46281 | CP83: 46282 | CQ83: 46283 | CR83: 46284 | CS83: 46285 | CT83: 46286 | CU83: 46287 | CV83: 46288 | CW83: 46289
A84: B8 | B84: Battery Container Erection | C84: 48 | D84: 0 | E84: =C84-D84 -> 48 | F84: ='BESS 12'!D321 -> 18 Aug 23 Aug 27 Aug 29 Aug | G84: =F84+4 -> #VALUE! | H84: =G84-F84 -> #VALUE! | I84: 10 | J84: 1 | K84: =(E84*J84)/I84 -> 4.8 | L84: =AVERAGEIF(M84:CW86,">0") -> #DIV/0! | M84: =IF(AND(M$2>=$F84,M$2<($F84+$H84)),ROUND($K84/$H84,0),"-") -> #VALUE! | N84: =IF(AND(N$2>=$F84,N$2<($F84+$H84)),ROUND($K84/$H84,0),"-") -> #VALUE! | O84: =IF(AND(O$2>=$F84,O$2<($F84+$H84)),ROUND($K84/$H84,0),"-") -> #VALUE! | P84: =IF(AND(P$2>=$F84,P$2<($F84+$H84)),ROUND($K84/$H84,0),"-") -> #VALUE! | Q84: =IF(AND(Q$2>=$F84,Q$2<($F84+$H84)),ROUND($K84/$H84,0),"-") -> #VALUE! | R84: =IF(AND(R$2>=$F84,R$2<($F84+$H84)),ROUND($K84/$H84,0),"-") -> #VALUE! | S84: =IF(AND(S$2>=$F84,S$2<($F84+$H84)),ROUND($K84/$H84,0),"-") -> #VALUE! | T84: =IF(AND(T$2>=$F84,T$2<($F84+$H84)),ROUND($K84/$H84,0),"-") -> #VALUE! | ... CW84: =IF(AND(CW$2>=$F84,CW$2<($F84+$H84)),ROUND($K84/$H84,0),"-") -> #VALUE!
B85: DC termination | C85: 768 | D85: =SUM('[1]Electrical Work'!$G$446:$G$451) -> 810 | E85: =C85-D85 -> -42 | F85: =F84 -> 18 Aug 23 Aug 27 Aug 29 Aug | G85: =G84 -> #VALUE! | H85: =G85-F85 -> #VALUE! | I85: 30 | J85: 18 | K85: =(E85*J85)/I85 -> -25.2 | M85: =IF(AND(M$2>=$F85,M$2<($F85+$H85)),ROUND($K85/$H85,0),"-") -> #VALUE! | N85: =IF(AND(N$2>=$F85,N$2<($F85+$H85)),ROUND($K85/$H85,0),"-") -> #VALUE! | O85: =IF(AND(O$2>=$F85,O$2<($F85+$H85)),ROUND($K85/$H85,0),"-") -> #VALUE! | P85: =IF(AND(P$2>=$F85,P$2<($F85+$H85)),ROUND($K85/$H85,0),"-") -> #VALUE! | Q85: =IF(AND(Q$2>=$F85,Q$2<($F85+$H85)),ROUND($K85/$H85,0),"-") -> #VALUE! | R85: =IF(AND(R$2>=$F85,R$2<($F85+$H85)),ROUND($K85/$H85,0),"-") -> #VALUE! | S85: =IF(AND(S$2>=$F85,S$2<($F85+$H85)),ROUND($K85/$H85,0),"-") -> #VALUE! | T85: =IF(AND(T$2>=$F85,T$2<($F85+$H85)),ROUND($K85/$H85,0),"-") -> #VALUE! | ... CW85: =IF(AND(CW$2>=$F85,CW$2<($F85+$H85)),ROUND($K85/$H85,0),"-") -> #VALUE!
B86: Control & Communication termination | C86: 1344 | D86: 0 | E86: =C86-D86 -> 1344 | F86: =F85 -> 18 Aug 23 Aug 27 Aug 29 Aug | G86: =G85 -> #VALUE! | H86: =H85 -> #VALUE! | I86: 30 | J86: 6 | K86: =(E86*J86)/I86 -> 268.8 | M86: =IF(AND(M$2>=$F86,M$2<($F86+$H86)),ROUND($K86/$H86,0),"-") -> #VALUE! | N86: =IF(AND(N$2>=$F86,N$2<($F86+$H86)),ROUND($K86/$H86,0),"-") -> #VALUE! | O86: =IF(AND(O$2>=$F86,O$2<($F86+$H86)),ROUND($K86/$H86,0),"-") -> #VALUE! | P86: =IF(AND(P$2>=$F86,P$2<($F86+$H86)),ROUND($K86/$H86,0),"-") -> #VALUE! | Q86: =IF(AND(Q$2>=$F86,Q$2<($F86+$H86)),ROUND($K86/$H86,0),"-") -> #VALUE! | R86: =IF(AND(R$2>=$F86,R$2<($F86+$H86)),ROUND($K86/$H86,0),"-") -> #VALUE! | S86: =IF(AND(S$2>=$F86,S$2<($F86+$H86)),ROUND($K86/$H86,0),"-") -> #VALUE! | T86: =IF(AND(T$2>=$F86,T$2<($F86+$H86)),ROUND($K86/$H86,0),"-") -> #VALUE! | ... CW86: =IF(AND(CW$2>=$F86,CW$2<($F86+$H86)),ROUND($K86/$H86,0),"-") -> #VALUE!

Sheet 11 - Daily requirement (2)
B1: IDT Charging / Commissioning Start | C1: ='BESS 11'!$G$2 -> Trial-Run End Date | D1: ='BESS 11'!$H$2 -> COD | E1: Activity | F1: Mandays | G1: Days | I1: Min. Date | J1: 46195 | K1: 46196 | L1: 46197 | M1: 46198 | N1: 46199 | O1: 46200 | P1: 46201 | Q1: 46202 | R1: 46203 | S1: 46204 | T1: 46205 | U1: 46206 | V1: 46207 | W1: =V1+1 -> 46208 | X1: =W1+1 -> 46209 | Y1: =X1+1 -> 46210 | Z1: =Y1+1 -> 46211 | AA1: =Z1+1 -> 46212 | AB1: =AA1+1 -> 46213 | AC1: =AB1+1 -> 46214 | AD1: =AC1+1 -> 46215 | ... EL1: =EK1+1 -> 46327 | EM1: Average Manpower | EN1: Peak Manpower | GQ1: 46382 | GR1: 46383 | GS1: 46384 | GT1: 46385 | GU1: 46386 | GV1: 46387
A2: Block 4 | B2: ='BESS 11'!F5 -> 22 Jul 28 Jul | C2: ='BESS 11'!G5 -> 27 Jul 02 Aug | D2: ='BESS 11'!H5 -> 30 Jul 05 Aug | E2: Erection | F2: =SUM('BESS 11'!S18:S25,'BESS 11'!S27) -> 0 | G2: =MAX('BESS 11'!O18:O25,'BESS 11'!O27)-MIN('BESS 11'!O19:O25,'BESS 11'!O27)+1 -> 1 | H2: =MAX('BESS 11'!O18:O25,'BESS 11'!O27) -> 0 | I2: =MIN('BESS 11'!O19:O25,'BESS 11'!O27) -> 0 | J2: =IF(AND(J$1>=$I2,J$1<($I2+$G2)),ROUND($F2/$G2,0),"-") -> - | K2: =IF(AND(K$1>=$I2,K$1<($I2+$G2)),ROUND($F2/$G2,0),"-") -> - | L2: =IF(AND(L$1>=$I2,L$1<($I2+$G2)),ROUND($F2/$G2,0),"-") -> - | M2: =IF(AND(M$1>=$I2,M$1<($I2+$G2)),ROUND($F2/$G2,0),"-") -> - | N2: =IF(AND(N$1>=$I2,N$1<($I2+$G2)),ROUND($F2/$G2,0),"-") -> - | O2: =IF(AND(O$1>=$I2,O$1<($I2+$G2)),ROUND($F2/$G2,0),"-") -> - | P2: =IF(AND(P$1>=$I2,P$1<($I2+$G2)),ROUND($F2/$G2,0),"-") -> - | Q2: =IF(AND(Q$1>=$I2,Q$1<($I2+$G2)),ROUND($F2/$G2,0),"-") -> - | ... EL2: =IF(AND(EL$1>=$I2,EL$1<($I2+$G2)),ROUND($F2/$G2,0),"-") -> -
E3: Cable Laying | F3: ='BESS 11'!S28+'BESS 11'!S30+'BESS 11'!S31+'BESS 11'!S34+'BESS 11'!S35+'BESS 11'!S36 -> 0 | G3: =MAX('BESS 11'!O28,'BESS 11'!O30,'BESS 11'!O31,'BESS 11'!O34,'BESS 11'!O35,'BESS 11'!O36)-MIN('BESS 11'!O28,'BESS 11'!O30,'BESS 11'!O31,'BESS 11'!O34,'BESS 11'!O35,'BESS 11'!O36)+1 -> 1 | H3: =MAX('BESS 11'!O28,'BESS 11'!O30,'BESS 11'!O31,'BESS 11'!O34,'BESS 11'!O35,'BESS 11'!O36) -> 0 | I3: =MIN('BESS 11'!O28,'BESS 11'!O30,'BESS 11'!O31,'BESS 11'!O34,'BESS 11'!O35,'BESS 11'!O36) -> 0 | J3: =IF(AND(J$1>=$I3,J$1<($I3+$G3)),ROUND($F3/$G3,0),"-") -> - | K3: =IF(AND(K$1>=$I3,K$1<($I3+$G3)),ROUND($F3/$G3,0),"-") -> - | L3: =IF(AND(L$1>=$I3,L$1<($I3+$G3)),ROUND($F3/$G3,0),"-") -> - | M3: =IF(AND(M$1>=$I3,M$1<($I3+$G3)),ROUND($F3/$G3,0),"-") -> - | N3: =IF(AND(N$1>=$I3,N$1<($I3+$G3)),ROUND($F3/$G3,0),"-") -> - | O3: =IF(AND(O$1>=$I3,O$1<($I3+$G3)),ROUND($F3/$G3,0),"-") -> - | P3: =IF(AND(P$1>=$I3,P$1<($I3+$G3)),ROUND($F3/$G3,0),"-") -> - | Q3: =IF(AND(Q$1>=$I3,Q$1<($I3+$G3)),ROUND($F3/$G3,0),"-") -> - | ... EL3: =IF(AND(EL$1>=$I3,EL$1<($I3+$G3)),ROUND($F3/$G3,0),"-") -> -
E4: Termination | F4: ='BESS 11'!S29+'BESS 11'!S32+'BESS 11'!S33+'BESS 11'!S38+'BESS 11'!S37 -> 0 | G4: =MAX('BESS 11'!O29,'BESS 11'!O32,'BESS 11'!O33,'BESS 11'!O37,'BESS 11'!O38,'BESS 11'!O39)-MIN('BESS 11'!O29,'BESS 11'!O32,'BESS 11'!O33,'BESS 11'!O37,'BESS 11'!O38,'BESS 11'!O39)+1 -> 1 | H4: =MAX('BESS 11'!O29,'BESS 11'!O32,'BESS 11'!O33,'BESS 11'!O37,'BESS 11'!O38,'BESS 11'!O39) -> 0 | I4: =MIN('BESS 11'!O29,'BESS 11'!O32,'BESS 11'!O33,'BESS 11'!O37,'BESS 11'!O38,'BESS 11'!O39) -> 0 | J4: =IF(AND(J$1>=$I4,J$1<($I4+$G4)),ROUND($F4/$G4,0),"-") -> - | K4: =IF(AND(K$1>=$I4,K$1<($I4+$G4)),ROUND($F4/$G4,0),"-") -> - | L4: =IF(AND(L$1>=$I4,L$1<($I4+$G4)),ROUND($F4/$G4,0),"-") -> - | M4: =IF(AND(M$1>=$I4,M$1<($I4+$G4)),ROUND($F4/$G4,0),"-") -> - | N4: =IF(AND(N$1>=$I4,N$1<($I4+$G4)),ROUND($F4/$G4,0),"-") -> - | O4: =IF(AND(O$1>=$I4,O$1<($I4+$G4)),ROUND($F4/$G4,0),"-") -> - | P4: =IF(AND(P$1>=$I4,P$1<($I4+$G4)),ROUND($F4/$G4,0),"-") -> - | Q4: =IF(AND(Q$1>=$I4,Q$1<($I4+$G4)),ROUND($F4/$G4,0),"-") -> - | ... EL4: =IF(AND(EL$1>=$I4,EL$1<($I4+$G4)),ROUND($F4/$G4,0),"-") -> -
E5: Testing | F5: =SUM('BESS 11'!S40:S49) -> 0.004 | G5: =MAX('BESS 11'!O40:O49)-MIN('BESS 11'!O40:O49)+1 -> 1 | I5: =MIN('BESS 11'!O40:O49) -> 0 | J5: =IF(AND(J$1>=$I5,J$1<($I5+$G5)),ROUND($F5/$G5,0),"-") -> - | K5: =IF(AND(K$1>=$I5,K$1<($I5+$G5)),ROUND($F5/$G5,0),"-") -> - | L5: =IF(AND(L$1>=$I5,L$1<($I5+$G5)),ROUND($F5/$G5,0),"-") -> - | M5: =IF(AND(M$1>=$I5,M$1<($I5+$G5)),ROUND($F5/$G5,0),"-") -> - | N5: =IF(AND(N$1>=$I5,N$1<($I5+$G5)),ROUND($F5/$G5,0),"-") -> - | O5: =IF(AND(O$1>=$I5,O$1<($I5+$G5)),ROUND($F5/$G5,0),"-") -> - | P5: =IF(AND(P$1>=$I5,P$1<($I5+$G5)),ROUND($F5/$G5,0),"-") -> - | Q5: =IF(AND(Q$1>=$I5,Q$1<($I5+$G5)),ROUND($F5/$G5,0),"-") -> - | ... EL5: =IF(AND(EL$1>=$I5,EL$1<($I5+$G5)),ROUND($F5/$G5,0),"-") -> -
E6: CFT | F6: =SUM(L6:AX6) -> 250 | G6: 30 | I6: =B2-3 -> #VALUE! | P6: 5 | Q6: 5 | R6: 5 | S6: 5 | T6: 5 | U6: 5 | V6: 5 | W6: 5 | X6: 5 | Y6: 5 | Z6: 5 | AA6: 5 | AB6: 5 | AC6: 5 | AD6: 5 | AE6: 5 | AF6: 5 | AG6: 5 | AH6: 5 | AI6: 5 | AJ6: 5 | AK6: 5 | AL6: 5 | AM6: 5 | AN6: 30 | AO6: 30 | AP6: 30 | AQ6: 30 | AR6: 5 | AS6: 5
I7: Total | L7: =SUM(L2:L6) -> 0 | M7: =SUM(M2:M6) -> 0 | N7: =SUM(N2:N6) -> 0 | O7: =SUM(O2:O6) -> 0 | P7: =SUM(P2:P6) -> 5 | Q7: =SUM(Q2:Q6) -> 5 | R7: =SUM(R2:R6) -> 5 | S7: =SUM(S2:S6) -> 5 | ... EL7: =SUM(EL2:EL6) -> 0 | EM7: =AVERAGE(L7:AU7) -> 6.9444444 | EN7: =MAX(L7:AU7) -> 30
A9: Block 3 | B9: ='BESS 11'!F50 -> 28 Jul 06 Aug | C9: ='BESS 11'!G50 -> 02 Aug 10 Aug | E9: Activity | F9: Mandays | G9: Days | I9: Min. Date | J9: 46195 | K9: 46196 | L9: =MIN('BESS 11'!O26:O33,'BESS 11'!O35) -> 0 | M9: =L9+1 -> 1 | N9: =M9+1 -> 2 | O9: =N9+1 -> 3 | P9: =O9+1 -> 4 | Q9: =P9+1 -> 5 | R9: =Q9+1 -> 6 | S9: =R9+1 -> 7 | T9: =S9+1 -> 8 | ... EL9: =EK9+1 -> 130
D10: ='BESS 11'!H50 -> 05 Aug 13 Aug | E10: Erection | F10: =SUM('BESS 11'!S64:S71,'BESS 11'!S73) -> 4 | G10: =MAX('BESS 11'!O64:O71,'BESS 11'!O73)-MIN('BESS 11'!O64:O71,'BESS 11'!O73)+1 -> 1 | I10: =MIN('BESS 11'!O64:O71,'BESS 11'!O73) -> 46233 | J10: =IF(AND(J$1>=$I10,J$1<($I10+$G10)),ROUND($F10/$G10,0),"-") -> - | K10: =IF(AND(K$1>=$I10,K$1<($I10+$G10)),ROUND($F10/$G10,0),"-") -> - | L10: =IF(AND(L$1>=$I10,L$1<($I10+$G10)),ROUND($F10/$G10,0),"-") -> - | M10: =IF(AND(M$1>=$I10,M$1<($I10+$G10)),ROUND($F10/$G10,0),"-") -> - | N10: =IF(AND(N$1>=$I10,N$1<($I10+$G10)),ROUND($F10/$G10,0),"-") -> - | O10: =IF(AND(O$1>=$I10,O$1<($I10+$G10)),ROUND($F10/$G10,0),"-") -> - | P10: =IF(AND(P$1>=$I10,P$1<($I10+$G10)),ROUND($F10/$G10,0),"-") -> - | Q10: =IF(AND(Q$1>=$I10,Q$1<($I10+$G10)),ROUND($F10/$G10,0),"-") -> - | ... EL10: =IF(AND(EL$1>=$I10,EL$1<($I10+$G10)),ROUND($F10/$G10,0),"-") -> -
E11: Cable Laying | F11: =SUM('BESS 11'!S74,'BESS 11'!S76,'BESS 11'!S77,'BESS 11'!S80:S82) -> 155.21 | G11: =MAX('BESS 11'!O74,'BESS 11'!O76,'BESS 11'!O77,'BESS 11'!O80:O82)-MIN('BESS 11'!O74,'BESS 11'!O76,'BESS 11'!O77,'BESS 11'!O80:O82)+1 -> 1 | I11: =MIN('BESS 11'!O74,'BESS 11'!O76,'BESS 11'!O77,'BESS 11'!O80:O82) -> 46233 | J11: =IF(AND(J$1>=$I11,J$1<($I11+$G11)),ROUND($F11/$G11,0),"-") -> - | K11: =IF(AND(K$1>=$I11,K$1<($I11+$G11)),ROUND($F11/$G11,0),"-") -> - | L11: =IF(AND(L$1>=$I11,L$1<($I11+$G11)),ROUND($F11/$G11,0),"-") -> - | M11: =IF(AND(M$1>=$I11,M$1<($I11+$G11)),ROUND($F11/$G11,0),"-") -> - | N11: =IF(AND(N$1>=$I11,N$1<($I11+$G11)),ROUND($F11/$G11,0),"-") -> - | O11: =IF(AND(O$1>=$I11,O$1<($I11+$G11)),ROUND($F11/$G11,0),"-") -> - | P11: =IF(AND(P$1>=$I11,P$1<($I11+$G11)),ROUND($F11/$G11,0),"-") -> - | Q11: =IF(AND(Q$1>=$I11,Q$1<($I11+$G11)),ROUND($F11/$G11,0),"-") -> - | ... EL11: =IF(AND(EL$1>=$I11,EL$1<($I11+$G11)),ROUND($F11/$G11,0),"-") -> -
E12: Termination | F12: =SUM('BESS 11'!S75,'BESS 11'!S78:S79,'BESS 11'!S83:S84) -> 127.06667 | G12: =MAX('BESS 11'!O75,'BESS 11'!O78:O79,'BESS 11'!O83:O84)-MIN('BESS 11'!O75,'BESS 11'!O78:O79,'BESS 11'!O83:O84)+1 -> 4 | I12: =MIN('BESS 11'!O75,'BESS 11'!O78:O79,'BESS 11'!O83:O84) -> 46235 | J12: =IF(AND(J$1>=$I12,J$1<($I12+$G12)),ROUND($F12/$G12,0),"-") -> - | K12: =IF(AND(K$1>=$I12,K$1<($I12+$G12)),ROUND($F12/$G12,0),"-") -> - | L12: =IF(AND(L$1>=$I12,L$1<($I12+$G12)),ROUND($F12/$G12,0),"-") -> - | M12: =IF(AND(M$1>=$I12,M$1<($I12+$G12)),ROUND($F12/$G12,0),"-") -> - | N12: =IF(AND(N$1>=$I12,N$1<($I12+$G12)),ROUND($F12/$G12,0),"-") -> - | O12: =IF(AND(O$1>=$I12,O$1<($I12+$G12)),ROUND($F12/$G12,0),"-") -> - | P12: =IF(AND(P$1>=$I12,P$1<($I12+$G12)),ROUND($F12/$G12,0),"-") -> - | Q12: =IF(AND(Q$1>=$I12,Q$1<($I12+$G12)),ROUND($F12/$G12,0),"-") -> - | ... EL12: =IF(AND(EL$1>=$I12,EL$1<($I12+$G12)),ROUND($F12/$G12,0),"-") -> -
E13: Testing | F13: =SUM('BESS 11'!S87:S95) -> 221.66667 | G13: =MAX('BESS 11'!O87:O95)-MIN('BESS 11'!O87:O95)+1 -> 5 | I13: =MIN('BESS 11'!O87:O95) -> 46234 | J13: =IF(AND(J$1>=$I13,J$1<($I13+$G13)),ROUND($F13/$G13,0),"-") -> - | K13: =IF(AND(K$1>=$I13,K$1<($I13+$G13)),ROUND($F13/$G13,0),"-") -> - | L13: =IF(AND(L$1>=$I13,L$1<($I13+$G13)),ROUND($F13/$G13,0),"-") -> - | M13: =IF(AND(M$1>=$I13,M$1<($I13+$G13)),ROUND($F13/$G13,0),"-") -> - | N13: =IF(AND(N$1>=$I13,N$1<($I13+$G13)),ROUND($F13/$G13,0),"-") -> - | O13: =IF(AND(O$1>=$I13,O$1<($I13+$G13)),ROUND($F13/$G13,0),"-") -> - | P13: =IF(AND(P$1>=$I13,P$1<($I13+$G13)),ROUND($F13/$G13,0),"-") -> - | Q13: =IF(AND(Q$1>=$I13,Q$1<($I13+$G13)),ROUND($F13/$G13,0),"-") -> - | ... EL13: =IF(AND(EL$1>=$I13,EL$1<($I13+$G13)),ROUND($F13/$G13,0),"-") -> -
E14: CFT | F14: =SUM(L14:AX14) -> 250 | G14: 30 | I14: =B9-3 -> #VALUE! | R14: 5 | S14: 5 | T14: 5 | U14: 5 | V14: 5 | W14: 5 | X14: 5 | Y14: 5 | Z14: 5 | AA14: 5 | AB14: 5 | AC14: 5 | AD14: 5 | AE14: 5 | AF14: 5 | AG14: 5 | AH14: 5 | AI14: 5 | AJ14: 5 | AK14: 5 | AL14: 5 | AM14: 5 | AN14: 5 | AO14: 5 | AP14: 30 | AQ14: 30 | AR14: 30 | AS14: 30 | AT14: 5 | AU14: 5
I15: Total | L15: =SUM(L10:L14) -> 0 | M15: =SUM(M10:M14) -> 0 | N15: =SUM(N10:N14) -> 0 | O15: =SUM(O10:O14) -> 0 | P15: =SUM(P10:P14) -> 0 | Q15: =SUM(Q10:Q14) -> 0 | R15: =SUM(R10:R14) -> 5 | S15: =SUM(S10:S14) -> 5 | ... EL15: =SUM(EL10:EL14) -> 0 | EM15: =AVERAGE(L15:AW15) -> 11.921053 | EN15: =MAX(L15:AW15) -> 159
A17: Block 2 | B17: ='BESS 11'!F96 -> 46240 | C17: ='BESS 11'!G96 -> 46245 | E17: Activity | F17: Mandays | G17: Days | I17: Min. Date | J17: 46195 | K17: 46196 | L17: 46197 | M17: =L17+1 -> 46198 | N17: =M17+1 -> 46199 | O17: =N17+1 -> 46200 | P17: =O17+1 -> 46201 | Q17: =P17+1 -> 46202 | R17: =Q17+1 -> 46203 | S17: =R17+1 -> 46204 | T17: =S17+1 -> 46205 | ... EL17: =EK17+1 -> 46327
D18: ='BESS 11'!H96 -> 46248 | E18: Erection | F18: =SUM('BESS 11'!S110:S117,'BESS 11'!S119) -> 4 | G18: =MAX('BESS 11'!O110:O117,'BESS 11'!O119)-MIN('BESS 11'!O110:O117,'BESS 11'!O119)+1 -> 9 | I18: =MIN('BESS 11'!O110:O117,'BESS 11'!O119) -> 46223 | J18: =IF(AND(J$1>=$I18,J$1<($I18+$G18)),ROUND($F18/$G18,0),"-") -> - | K18: =IF(AND(K$1>=$I18,K$1<($I18+$G18)),ROUND($F18/$G18,0),"-") -> - | L18: =IF(AND(L$1>=$I18,L$1<($I18+$G18)),ROUND($F18/$G18,0),"-") -> - | M18: =IF(AND(M$1>=$I18,M$1<($I18+$G18)),ROUND($F18/$G18,0),"-") -> - | N18: =IF(AND(N$1>=$I18,N$1<($I18+$G18)),ROUND($F18/$G18,0),"-") -> - | O18: =IF(AND(O$1>=$I18,O$1<($I18+$G18)),ROUND($F18/$G18,0),"-") -> - | P18: =IF(AND(P$1>=$I18,P$1<($I18+$G18)),ROUND($F18/$G18,0),"-") -> - | Q18: =IF(AND(Q$1>=$I18,Q$1<($I18+$G18)),ROUND($F18/$G18,0),"-") -> - | ... EL18: =IF(AND(EL$1>=$I18,EL$1<($I18+$G18)),ROUND($F18/$G18,0),"-") -> -
E19: Cable Laying | F19: =SUM('BESS 11'!S120,'BESS 11'!S122:S123,'BESS 11'!S126:S128) -> 251.3 | G19: =MAX('BESS 11'!O120,'BESS 11'!O122:O123,'BESS 11'!O126:O128)-MIN('BESS 11'!O120,'BESS 11'!O122:O123,'BESS 11'!O126:O128)+1 -> 1 | I19: =MIN('BESS 11'!O120,'BESS 11'!O122:O123,'BESS 11'!O126:O128) -> 46233 | J19: =IF(AND(J$1>=$I19,J$1<($I19+$G19)),ROUND($F19/$G19,0),"-") -> - | K19: =IF(AND(K$1>=$I19,K$1<($I19+$G19)),ROUND($F19/$G19,0),"-") -> - | L19: =IF(AND(L$1>=$I19,L$1<($I19+$G19)),ROUND($F19/$G19,0),"-") -> - | M19: =IF(AND(M$1>=$I19,M$1<($I19+$G19)),ROUND($F19/$G19,0),"-") -> - | N19: =IF(AND(N$1>=$I19,N$1<($I19+$G19)),ROUND($F19/$G19,0),"-") -> - | O19: =IF(AND(O$1>=$I19,O$1<($I19+$G19)),ROUND($F19/$G19,0),"-") -> - | P19: =IF(AND(P$1>=$I19,P$1<($I19+$G19)),ROUND($F19/$G19,0),"-") -> - | Q19: =IF(AND(Q$1>=$I19,Q$1<($I19+$G19)),ROUND($F19/$G19,0),"-") -> - | ... EL19: =IF(AND(EL$1>=$I19,EL$1<($I19+$G19)),ROUND($F19/$G19,0),"-") -> -
E20: Termination | F20: =SUM('BESS 11'!S121,'BESS 11'!S124,'BESS 11'!S125,'BESS 11'!S129,'BESS 11'!S130) -> 2431.0667 | G20: =MAX('BESS 11'!O121,'BESS 11'!O124,'BESS 11'!O125,'BESS 11'!O129,'BESS 11'!O130)-MIN('BESS 11'!O121,'BESS 11'!O124,'BESS 11'!O125,'BESS 11'!O129,'BESS 11'!O130)+1 -> 4 | I20: =MIN('BESS 11'!O121,'BESS 11'!O124,'BESS 11'!O125,'BESS 11'!O129,'BESS 11'!O130) -> 46234 | J20: =IF(AND(J$1>=$I20,J$1<($I20+$G20)),ROUND($F20/$G20,0),"-") -> - | K20: =IF(AND(K$1>=$I20,K$1<($I20+$G20)),ROUND($F20/$G20,0),"-") -> - | L20: =IF(AND(L$1>=$I20,L$1<($I20+$G20)),ROUND($F20/$G20,0),"-") -> - | M20: =IF(AND(M$1>=$I20,M$1<($I20+$G20)),ROUND($F20/$G20,0),"-") -> - | N20: =IF(AND(N$1>=$I20,N$1<($I20+$G20)),ROUND($F20/$G20,0),"-") -> - | O20: =IF(AND(O$1>=$I20,O$1<($I20+$G20)),ROUND($F20/$G20,0),"-") -> - | P20: =IF(AND(P$1>=$I20,P$1<($I20+$G20)),ROUND($F20/$G20,0),"-") -> - | Q20: =IF(AND(Q$1>=$I20,Q$1<($I20+$G20)),ROUND($F20/$G20,0),"-") -> - | ... EL20: =IF(AND(EL$1>=$I20,EL$1<($I20+$G20)),ROUND($F20/$G20,0),"-") -> -
E21: Testing | F21: =SUM('BESS 11'!S132:S141) -> 317.81333 | G21: =MAX('BESS 11'!O132:O141)-MIN('BESS 11'!O132:O141)+1 -> 13 | I21: =MIN('BESS 11'!O132:O141) -> 46228 | J21: =IF(AND(J$1>=$I21,J$1<($I21+$G21)),ROUND($F21/$G21,0),"-") -> - | K21: =IF(AND(K$1>=$I21,K$1<($I21+$G21)),ROUND($F21/$G21,0),"-") -> - | L21: =IF(AND(L$1>=$I21,L$1<($I21+$G21)),ROUND($F21/$G21,0),"-") -> - | M21: =IF(AND(M$1>=$I21,M$1<($I21+$G21)),ROUND($F21/$G21,0),"-") -> - | N21: =IF(AND(N$1>=$I21,N$1<($I21+$G21)),ROUND($F21/$G21,0),"-") -> - | O21: =IF(AND(O$1>=$I21,O$1<($I21+$G21)),ROUND($F21/$G21,0),"-") -> - | P21: =IF(AND(P$1>=$I21,P$1<($I21+$G21)),ROUND($F21/$G21,0),"-") -> - | Q21: =IF(AND(Q$1>=$I21,Q$1<($I21+$G21)),ROUND($F21/$G21,0),"-") -> - | ... EL21: =IF(AND(EL$1>=$I21,EL$1<($I21+$G21)),ROUND($F21/$G21,0),"-") -> -
E22: CFT | F22: =SUM(L22:BT22) -> 250 | G22: 30 | I22: =B17-3 -> 46237 | AH22: 5 | AI22: 5 | AJ22: 5 | AK22: 5 | AL22: 5 | AM22: 5 | AN22: 5 | AO22: 5 | AP22: 5 | AQ22: 5 | AR22: 5 | AS22: 5 | AT22: 5 | AU22: 5 | AV22: 5 | AW22: 5 | AX22: 5 | AY22: 5 | AZ22: 5 | BA22: 5 | BB22: 5 | BC22: 5 | BD22: 5 | BE22: 5 | BF22: 30 | BG22: 30 | BH22: 30 | BI22: 30 | BJ22: 5 | BK22: 5
I23: Total | L23: =SUM(L18:L22) -> 0 | M23: =SUM(M18:M22) -> 0 | N23: =SUM(N18:N22) -> 0 | O23: =SUM(O18:O22) -> 0 | P23: =SUM(P18:P22) -> 0 | Q23: =SUM(Q18:Q22) -> 0 | R23: =SUM(R18:R22) -> 0 | S23: =SUM(S18:S22) -> 0 | ... EL23: =SUM(EL18:EL22) -> 0 | EM23: =AVERAGE(L23:BM23) -> 60.092593 | EN23: =MAX(L23:BM23) -> 637
A25: Block 1 | B25: ='BESS 11'!F142 -> 46243 | C25: ='BESS 11'!G142 -> 46248 | E25: Activity | F25: Mandays | G25: Days | I25: Min. Date | J25: 46195 | K25: 46196 | L25: 46197 | M25: =L25+1 -> 46198 | N25: =M25+1 -> 46199 | O25: =N25+1 -> 46200 | P25: =O25+1 -> 46201 | Q25: =P25+1 -> 46202 | R25: =Q25+1 -> 46203 | S25: =R25+1 -> 46204 | T25: =S25+1 -> 46205 | ... EL25: =EK25+1 -> 46327
D26: ='BESS 11'!H142 -> 46251 | E26: Erection | F26: =SUM('BESS 11'!S155:S162,'BESS 11'!S164) -> 4 | G26: =MAX('BESS 11'!O155:O162,'BESS 11'!O164)-MIN('BESS 11'!O155:O162,'BESS 11'!O164)+1 -> 10 | I26: =MIN('BESS 11'!O155:O162,'BESS 11'!O164) -> 46225 | J26: =IF(AND(J$1>=$I26,J$1<($I26+$G26)),ROUND($F26/$G26,0),"-") -> - | K26: =IF(AND(K$1>=$I26,K$1<($I26+$G26)),ROUND($F26/$G26,0),"-") -> - | L26: =IF(AND(L$1>=$I26,L$1<($I26+$G26)),ROUND($F26/$G26,0),"-") -> - | M26: =IF(AND(M$1>=$I26,M$1<($I26+$G26)),ROUND($F26/$G26,0),"-") -> - | N26: =IF(AND(N$1>=$I26,N$1<($I26+$G26)),ROUND($F26/$G26,0),"-") -> - | O26: =IF(AND(O$1>=$I26,O$1<($I26+$G26)),ROUND($F26/$G26,0),"-") -> - | P26: =IF(AND(P$1>=$I26,P$1<($I26+$G26)),ROUND($F26/$G26,0),"-") -> - | Q26: =IF(AND(Q$1>=$I26,Q$1<($I26+$G26)),ROUND($F26/$G26,0),"-") -> - | ... EL26: =IF(AND(EL$1>=$I26,EL$1<($I26+$G26)),ROUND($F26/$G26,0),"-") -> -
E27: Cable Laying | F27: =SUM('BESS 11'!S165,'BESS 11'!S167:S168,'BESS 11'!S171:S173) -> 277.83 | G27: =MAX('BESS 11'!O165,'BESS 11'!O167:O168,'BESS 11'!O171:O173)-MIN('BESS 11'!O165,'BESS 11'!O167:O168,'BESS 11'!O171:O173)+1 -> 1 | I27: =MIN('BESS 11'!O165,'BESS 11'!O167:O168,'BESS 11'!O171:O173) -> 46237 | J27: =IF(AND(J$1>=$I27,J$1<($I27+$G27)),ROUND($F27/$G27,0),"-") -> - | K27: =IF(AND(K$1>=$I27,K$1<($I27+$G27)),ROUND($F27/$G27,0),"-") -> - | L27: =IF(AND(L$1>=$I27,L$1<($I27+$G27)),ROUND($F27/$G27,0),"-") -> - | M27: =IF(AND(M$1>=$I27,M$1<($I27+$G27)),ROUND($F27/$G27,0),"-") -> - | N27: =IF(AND(N$1>=$I27,N$1<($I27+$G27)),ROUND($F27/$G27,0),"-") -> - | O27: =IF(AND(O$1>=$I27,O$1<($I27+$G27)),ROUND($F27/$G27,0),"-") -> - | P27: =IF(AND(P$1>=$I27,P$1<($I27+$G27)),ROUND($F27/$G27,0),"-") -> - | Q27: =IF(AND(Q$1>=$I27,Q$1<($I27+$G27)),ROUND($F27/$G27,0),"-") -> - | ... EL27: =IF(AND(EL$1>=$I27,EL$1<($I27+$G27)),ROUND($F27/$G27,0),"-") -> -
E28: Termination | F28: =SUM('BESS 11'!S166,'BESS 11'!S169:S170,'BESS 11'!S174:S175) -> 2432.6667 | G28: =MAX('BESS 11'!O166,'BESS 11'!O169:O170,'BESS 11'!O174:O175)-MIN('BESS 11'!O166,'BESS 11'!O169:O170,'BESS 11'!O174:O175)+1 -> 1 | I28: =MIN('BESS 11'!O166,'BESS 11'!O169:O170,'BESS 11'!O174:O175) -> 46239 | J28: =IF(AND(J$1>=$I28,J$1<($I28+$G28)),ROUND($F28/$G28,0),"-") -> - | K28: =IF(AND(K$1>=$I28,K$1<($I28+$G28)),ROUND($F28/$G28,0),"-") -> - | L28: =IF(AND(L$1>=$I28,L$1<($I28+$G28)),ROUND($F28/$G28,0),"-") -> - | M28: =IF(AND(M$1>=$I28,M$1<($I28+$G28)),ROUND($F28/$G28,0),"-") -> - | N28: =IF(AND(N$1>=$I28,N$1<($I28+$G28)),ROUND($F28/$G28,0),"-") -> - | O28: =IF(AND(O$1>=$I28,O$1<($I28+$G28)),ROUND($F28/$G28,0),"-") -> - | P28: =IF(AND(P$1>=$I28,P$1<($I28+$G28)),ROUND($F28/$G28,0),"-") -> - | Q28: =IF(AND(Q$1>=$I28,Q$1<($I28+$G28)),ROUND($F28/$G28,0),"-") -> - | ... EL28: =IF(AND(EL$1>=$I28,EL$1<($I28+$G28)),ROUND($F28/$G28,0),"-") -> -
E29: Testing | F29: =SUM('BESS 11'!S178:S186) -> 323.41333 | G29: =MAX('BESS 11'!O178:O186)-MIN('BESS 11'!O178:O186)+1 -> 11 | I29: =MIN('BESS 11'!O178:O186) -> 46233 | J29: =IF(AND(J$1>=$I29,J$1<($I29+$G29)),ROUND($F29/$G29,0),"-") -> - | K29: =IF(AND(K$1>=$I29,K$1<($I29+$G29)),ROUND($F29/$G29,0),"-") -> - | L29: =IF(AND(L$1>=$I29,L$1<($I29+$G29)),ROUND($F29/$G29,0),"-") -> - | M29: =IF(AND(M$1>=$I29,M$1<($I29+$G29)),ROUND($F29/$G29,0),"-") -> - | N29: =IF(AND(N$1>=$I29,N$1<($I29+$G29)),ROUND($F29/$G29,0),"-") -> - | O29: =IF(AND(O$1>=$I29,O$1<($I29+$G29)),ROUND($F29/$G29,0),"-") -> - | P29: =IF(AND(P$1>=$I29,P$1<($I29+$G29)),ROUND($F29/$G29,0),"-") -> - | Q29: =IF(AND(Q$1>=$I29,Q$1<($I29+$G29)),ROUND($F29/$G29,0),"-") -> - | ... EL29: =IF(AND(EL$1>=$I29,EL$1<($I29+$G29)),ROUND($F29/$G29,0),"-") -> -
E30: CFT | F30: =SUM(L30:BT30) -> 250 | G30: 30 | I30: =B25-3 -> 46240 | AJ30: 5 | AK30: 5 | AL30: 5 | AM30: 5 | AN30: 5 | AO30: 5 | AP30: 5 | AQ30: 5 | AR30: 5 | AS30: 5 | AT30: 5 | AU30: 5 | AV30: 5 | AW30: 5 | AX30: 5 | AY30: 5 | AZ30: 5 | BA30: 5 | BB30: 5 | BC30: 5 | BD30: 5 | BE30: 5 | BF30: 5 | BG30: 5 | BH30: 30 | BI30: 30 | BJ30: 30 | BK30: 30 | BL30: 5 | BM30: 5
I31: Total | L31: =SUM(L26:L30) -> 0 | M31: =SUM(M26:M30) -> 0 | N31: =SUM(N26:N30) -> 0 | O31: =SUM(O26:O30) -> 0 | P31: =SUM(P26:P30) -> 0 | Q31: =SUM(Q26:Q30) -> 0 | R31: =SUM(R26:R30) -> 0 | S31: =SUM(S26:S30) -> 0 | ... EL31: =SUM(EL26:EL30) -> 0 | EM31: =AVERAGE(L31:BO31) -> 58.571429 | EN31: =MAX(L31:BO31) -> 2467
A33: Block 5 | B33: ='BESS 11'!F187 -> 28 Aug 14 Sep | C33: ='BESS 11'!G187 -> 02 Sep 19 Sep | E33: Activity | F33: Mandays | G33: Days | I33: Min. Date | J33: 46195 | K33: 46196 | L33: 46197 | M33: =L33+1 -> 46198 | N33: =M33+1 -> 46199 | O33: =N33+1 -> 46200 | P33: =O33+1 -> 46201 | Q33: =P33+1 -> 46202 | R33: =Q33+1 -> 46203 | S33: =R33+1 -> 46204 | T33: =S33+1 -> 46205 | ... EL33: =EK33+1 -> 46327
D34: ='BESS 11'!H187 -> 05 Sep 22 Sep | E34: Erection | F34: =SUM('BESS 11'!S200:S207,'BESS 11'!S209) -> 47.2 | G34: =MAX('BESS 11'!O200:O207,'BESS 11'!O209)-MIN('BESS 11'!O200:O207,'BESS 11'!O209)+1 -> 36 | I34: =MIN('BESS 11'!O200:O207,'BESS 11'!O209) -> 46228 | J34: =IF(AND(J$1>=$I34,J$1<($I34+$G34)),ROUND($F34/$G34,0),"-") -> - | K34: =IF(AND(K$1>=$I34,K$1<($I34+$G34)),ROUND($F34/$G34,0),"-") -> - | L34: =IF(AND(L$1>=$I34,L$1<($I34+$G34)),ROUND($F34/$G34,0),"-") -> - | M34: =IF(AND(M$1>=$I34,M$1<($I34+$G34)),ROUND($F34/$G34,0),"-") -> - | N34: =IF(AND(N$1>=$I34,N$1<($I34+$G34)),ROUND($F34/$G34,0),"-") -> - | O34: =IF(AND(O$1>=$I34,O$1<($I34+$G34)),ROUND($F34/$G34,0),"-") -> - | P34: =IF(AND(P$1>=$I34,P$1<($I34+$G34)),ROUND($F34/$G34,0),"-") -> - | Q34: =IF(AND(Q$1>=$I34,Q$1<($I34+$G34)),ROUND($F34/$G34,0),"-") -> - | ... EL34: =IF(AND(EL$1>=$I34,EL$1<($I34+$G34)),ROUND($F34/$G34,0),"-") -> -
E35: Cable Laying | F35: =SUM('BESS 11'!S210,'BESS 11'!S212:S213,'BESS 11'!S216:S218) -> 1513.278 | G35: =MAX('BESS 11'!O210,'BESS 11'!O212:O213,'BESS 11'!O216:O218)-MIN('BESS 11'!O210,'BESS 11'!O212:O213,'BESS 11'!O216:O218)+1 -> 10 | I35: =MIN('BESS 11'!O210,'BESS 11'!O212:O213,'BESS 11'!O216:O218) -> 46235 | J35: =IF(AND(J$1>=$I35,J$1<($I35+$G35)),ROUND($F35/$G35,0),"-") -> - | K35: =IF(AND(K$1>=$I35,K$1<($I35+$G35)),ROUND($F35/$G35,0),"-") -> - | L35: =IF(AND(L$1>=$I35,L$1<($I35+$G35)),ROUND($F35/$G35,0),"-") -> - | M35: =IF(AND(M$1>=$I35,M$1<($I35+$G35)),ROUND($F35/$G35,0),"-") -> - | N35: =IF(AND(N$1>=$I35,N$1<($I35+$G35)),ROUND($F35/$G35,0),"-") -> - | O35: =IF(AND(O$1>=$I35,O$1<($I35+$G35)),ROUND($F35/$G35,0),"-") -> - | P35: =IF(AND(P$1>=$I35,P$1<($I35+$G35)),ROUND($F35/$G35,0),"-") -> - | Q35: =IF(AND(Q$1>=$I35,Q$1<($I35+$G35)),ROUND($F35/$G35,0),"-") -> - | ... EL35: =IF(AND(EL$1>=$I35,EL$1<($I35+$G35)),ROUND($F35/$G35,0),"-") -> -
E36: Termination | F36: =SUM('BESS 11'!S211,'BESS 11'!S214:S215,'BESS 11'!S219:S220) -> 2453.6667 | G36: =MAX('BESS 11'!O211,'BESS 11'!O214:O215,'BESS 11'!O219:O220)-MIN('BESS 11'!O211,'BESS 11'!O214:O215,'BESS 11'!O219:O220)+1 -> 27 | I36: =MIN('BESS 11'!O211,'BESS 11'!O214:O215,'BESS 11'!O219:O220) -> 46245 | J36: =IF(AND(J$1>=$I36,J$1<($I36+$G36)),ROUND($F36/$G36,0),"-") -> - | K36: =IF(AND(K$1>=$I36,K$1<($I36+$G36)),ROUND($F36/$G36,0),"-") -> - | L36: =IF(AND(L$1>=$I36,L$1<($I36+$G36)),ROUND($F36/$G36,0),"-") -> - | M36: =IF(AND(M$1>=$I36,M$1<($I36+$G36)),ROUND($F36/$G36,0),"-") -> - | N36: =IF(AND(N$1>=$I36,N$1<($I36+$G36)),ROUND($F36/$G36,0),"-") -> - | O36: =IF(AND(O$1>=$I36,O$1<($I36+$G36)),ROUND($F36/$G36,0),"-") -> - | P36: =IF(AND(P$1>=$I36,P$1<($I36+$G36)),ROUND($F36/$G36,0),"-") -> - | Q36: =IF(AND(Q$1>=$I36,Q$1<($I36+$G36)),ROUND($F36/$G36,0),"-") -> - | ... EL36: =IF(AND(EL$1>=$I36,EL$1<($I36+$G36)),ROUND($F36/$G36,0),"-") -> -
E37: Testing | F37: =SUM('BESS 11'!S222:S231) -> 340.69333 | G37: =MAX('BESS 11'!O222:O231)-MIN('BESS 11'!O222:O231)+1 -> 38 | I37: =MIN('BESS 11'!O222:O231) -> 46239 | J37: =IF(AND(J$1>=$I37,J$1<($I37+$G37)),ROUND($F37/$G37,0),"-") -> - | K37: =IF(AND(K$1>=$I37,K$1<($I37+$G37)),ROUND($F37/$G37,0),"-") -> - | L37: =IF(AND(L$1>=$I37,L$1<($I37+$G37)),ROUND($F37/$G37,0),"-") -> - | M37: =IF(AND(M$1>=$I37,M$1<($I37+$G37)),ROUND($F37/$G37,0),"-") -> - | N37: =IF(AND(N$1>=$I37,N$1<($I37+$G37)),ROUND($F37/$G37,0),"-") -> - | O37: =IF(AND(O$1>=$I37,O$1<($I37+$G37)),ROUND($F37/$G37,0),"-") -> - | P37: =IF(AND(P$1>=$I37,P$1<($I37+$G37)),ROUND($F37/$G37,0),"-") -> - | Q37: =IF(AND(Q$1>=$I37,Q$1<($I37+$G37)),ROUND($F37/$G37,0),"-") -> - | ... EL37: =IF(AND(EL$1>=$I37,EL$1<($I37+$G37)),ROUND($F37/$G37,0),"-") -> -
E38: CFT | F38: =SUM(BD38:CL38) -> 250 | G38: 30 | I38: =B33-3 -> #VALUE! | BI38: 5 | BJ38: 5 | BK38: 5 | BL38: 5 | BM38: 5 | BN38: 5 | BO38: 5 | BP38: 5 | BQ38: 5 | BR38: 5 | BS38: 5 | BT38: 5 | BU38: 5 | BV38: 5 | BW38: 5 | BX38: 5 | BY38: 5 | BZ38: 5 | CA38: 5 | CB38: 5 | CC38: 5 | CD38: 5 | CE38: 5 | CF38: 5 | CG38: 30 | CH38: 30 | CI38: 30 | CJ38: 30 | CK38: 5 | CL38: 5
I39: Total | L39: =SUM(L34:L38) -> 0 | M39: =SUM(M34:M38) -> 0 | N39: =SUM(N34:N38) -> 0 | O39: =SUM(O34:O38) -> 0 | P39: =SUM(P34:P38) -> 0 | Q39: =SUM(Q34:Q38) -> 0 | R39: =SUM(R34:R38) -> 0 | S39: =SUM(S34:S38) -> 0 | ... EL39: =SUM(EL34:EL38) -> 0 | EM39: =AVERAGE(L39:CI39) -> 59.460526 | EN39: =MAX(L39:CI39) -> 161
A41: Block 6 | B41: ='BESS 11'!F232 -> 02 Sep 23 Sep | C41: ='BESS 11'!G232 -> 07 Sep 27 Sep | E41: Activity | F41: Mandays | G41: Days | I41: Min. Date | J41: 46195 | K41: 46196 | L41: 46197 | M41: =L41+1 -> 46198 | N41: =M41+1 -> 46199 | O41: =N41+1 -> 46200 | P41: =O41+1 -> 46201 | Q41: =P41+1 -> 46202 | R41: =Q41+1 -> 46203 | S41: =R41+1 -> 46204 | T41: =S41+1 -> 46205 | ... EL41: =EK41+1 -> 46327
D42: ='BESS 11'!H232 -> 10 Sep 30 Sep | E42: Erection | F42: =SUM('BESS 11'!S245:S252,'BESS 11'!S254) -> 47.2 | G42: =MAX('BESS 11'!O245:O252,'BESS 11'!O254)-MIN('BESS 11'!O245:O252,'BESS 11'!O254)+1 -> 43 | I42: =MIN('BESS 11'!O245:O252,'BESS 11'!O254) -> 46233 | J42: =IF(AND(J$1>=$I42,J$1<($I42+$G42)),ROUND($F42/$G42,0),"-") -> - | K42: =IF(AND(K$1>=$I42,K$1<($I42+$G42)),ROUND($F42/$G42,0),"-") -> - | L42: =IF(AND(L$1>=$I42,L$1<($I42+$G42)),ROUND($F42/$G42,0),"-") -> - | M42: =IF(AND(M$1>=$I42,M$1<($I42+$G42)),ROUND($F42/$G42,0),"-") -> - | N42: =IF(AND(N$1>=$I42,N$1<($I42+$G42)),ROUND($F42/$G42,0),"-") -> - | O42: =IF(AND(O$1>=$I42,O$1<($I42+$G42)),ROUND($F42/$G42,0),"-") -> - | P42: =IF(AND(P$1>=$I42,P$1<($I42+$G42)),ROUND($F42/$G42,0),"-") -> - | Q42: =IF(AND(Q$1>=$I42,Q$1<($I42+$G42)),ROUND($F42/$G42,0),"-") -> - | ... EL42: =IF(AND(EL$1>=$I42,EL$1<($I42+$G42)),ROUND($F42/$G42,0),"-") -> -
E43: Cable Laying | F43: =SUM('BESS 11'!S255,'BESS 11'!S257:S258,'BESS 11'!S261:S263) -> 1506.8875 | G43: =MAX('BESS 11'!O255,'BESS 11'!O257:O258,'BESS 11'!O261:O263)-MIN('BESS 11'!O255,'BESS 11'!O257:O258,'BESS 11'!O261:O263)+1 -> 10 | I43: =MIN('BESS 11'!O255,'BESS 11'!O257:O258,'BESS 11'!O261:O263) -> 46239 | J43: =IF(AND(J$1>=$I43,J$1<($I43+$G43)),ROUND($F43/$G43,0),"-") -> - | K43: =IF(AND(K$1>=$I43,K$1<($I43+$G43)),ROUND($F43/$G43,0),"-") -> - | L43: =IF(AND(L$1>=$I43,L$1<($I43+$G43)),ROUND($F43/$G43,0),"-") -> - | M43: =IF(AND(M$1>=$I43,M$1<($I43+$G43)),ROUND($F43/$G43,0),"-") -> - | N43: =IF(AND(N$1>=$I43,N$1<($I43+$G43)),ROUND($F43/$G43,0),"-") -> - | O43: =IF(AND(O$1>=$I43,O$1<($I43+$G43)),ROUND($F43/$G43,0),"-") -> - | P43: =IF(AND(P$1>=$I43,P$1<($I43+$G43)),ROUND($F43/$G43,0),"-") -> - | Q43: =IF(AND(Q$1>=$I43,Q$1<($I43+$G43)),ROUND($F43/$G43,0),"-") -> - | ... EL43: =IF(AND(EL$1>=$I43,EL$1<($I43+$G43)),ROUND($F43/$G43,0),"-") -> -
E44: Termination | F44: =SUM('BESS 11'!S256,'BESS 11'!S259:S260,'BESS 11'!S264:S265) -> 2453.6667 | G44: =MAX('BESS 11'!O256,'BESS 11'!O259:O260,'BESS 11'!O264:O265)-MIN('BESS 11'!O256,'BESS 11'!O259:O260,'BESS 11'!O264:O265)+1 -> 28 | I44: =MIN('BESS 11'!O256,'BESS 11'!O259:O260,'BESS 11'!O264:O265) -> 46250 | J44: =IF(AND(J$1>=$I44,J$1<($I44+$G44)),ROUND($F44/$G44,0),"-") -> - | K44: =IF(AND(K$1>=$I44,K$1<($I44+$G44)),ROUND($F44/$G44,0),"-") -> - | L44: =IF(AND(L$1>=$I44,L$1<($I44+$G44)),ROUND($F44/$G44,0),"-") -> - | M44: =IF(AND(M$1>=$I44,M$1<($I44+$G44)),ROUND($F44/$G44,0),"-") -> - | N44: =IF(AND(N$1>=$I44,N$1<($I44+$G44)),ROUND($F44/$G44,0),"-") -> - | O44: =IF(AND(O$1>=$I44,O$1<($I44+$G44)),ROUND($F44/$G44,0),"-") -> - | P44: =IF(AND(P$1>=$I44,P$1<($I44+$G44)),ROUND($F44/$G44,0),"-") -> - | Q44: =IF(AND(Q$1>=$I44,Q$1<($I44+$G44)),ROUND($F44/$G44,0),"-") -> - | ... EL44: =IF(AND(EL$1>=$I44,EL$1<($I44+$G44)),ROUND($F44/$G44,0),"-") -> -
E45: Testing | F45: =SUM('BESS 11'!S268:S276) -> 340.69333 | G45: =MAX('BESS 11'!O268:O276)-MIN('BESS 11'!O268:O276)+1 -> 44 | I45: =MIN('BESS 11'!O268:O276) -> 46243 | J45: =IF(AND(J$1>=$I45,J$1<($I45+$G45)),ROUND($F45/$G45,0),"-") -> - | K45: =IF(AND(K$1>=$I45,K$1<($I45+$G45)),ROUND($F45/$G45,0),"-") -> - | L45: =IF(AND(L$1>=$I45,L$1<($I45+$G45)),ROUND($F45/$G45,0),"-") -> - | M45: =IF(AND(M$1>=$I45,M$1<($I45+$G45)),ROUND($F45/$G45,0),"-") -> - | N45: =IF(AND(N$1>=$I45,N$1<($I45+$G45)),ROUND($F45/$G45,0),"-") -> - | O45: =IF(AND(O$1>=$I45,O$1<($I45+$G45)),ROUND($F45/$G45,0),"-") -> - | P45: =IF(AND(P$1>=$I45,P$1<($I45+$G45)),ROUND($F45/$G45,0),"-") -> - | Q45: =IF(AND(Q$1>=$I45,Q$1<($I45+$G45)),ROUND($F45/$G45,0),"-") -> - | ... EL45: =IF(AND(EL$1>=$I45,EL$1<($I45+$G45)),ROUND($F45/$G45,0),"-") -> -
E46: CFT | F46: =SUM(CH46:DK46) -> 250 | G46: 30 | I46: =B41-3 -> #VALUE! | CD46: 5 | CE46: 5 | CF46: 5 | CG46: 5 | CH46: 5 | CI46: 5 | CJ46: 5 | CK46: 5 | CL46: 5 | CM46: 5 | CN46: 5 | CO46: 5 | CP46: 5 | CQ46: 5 | CR46: 5 | CS46: 5 | CT46: 5 | CU46: 5 | CV46: 5 | CW46: 5 | CX46: 5 | CY46: 5 | CZ46: 5 | DA46: 5 | DB46: 5 | DC46: 5 | DD46: 5 | DE46: 5 | DF46: 30 | DG46: 30 | DH46: 30 | DI46: 30 | DJ46: 5 | DK46: 5
I47: Total | L47: =SUM(L42:L46) -> 0 | M47: =SUM(M42:M46) -> 0 | N47: =SUM(N42:N46) -> 0 | O47: =SUM(O42:O46) -> 0 | P47: =SUM(P42:P46) -> 0 | Q47: =SUM(Q42:Q46) -> 0 | R47: =SUM(R42:R46) -> 0 | S47: =SUM(S42:S46) -> 0 | ... EL47: =SUM(EL42:EL46) -> 0 | EM47: =AVERAGE(L47:DF47) -> 45.848485 | EN47: =MAX(L47:DF47) -> 160
A49: Block 7 | B49: ='BESS 11'!F277 -> 12 Sep 23 Sep | C49: ='BESS 11'!G277 -> 17 Sep 27 Sep | E49: Activity | F49: Mandays | G49: Days | I49: Min. Date | J49: 46195 | K49: 46196 | L49: 46197 | M49: =L49+1 -> 46198 | N49: =M49+1 -> 46199 | O49: =N49+1 -> 46200 | P49: =O49+1 -> 46201 | Q49: =P49+1 -> 46202 | R49: =Q49+1 -> 46203 | S49: =R49+1 -> 46204 | T49: =S49+1 -> 46205 | ... EL49: =EK49+1 -> 46327
D50: ='BESS 11'!H277 -> 20 Sep 30 Sep | E50: Erection | F50: =SUM('BESS 11'!S290:S297,'BESS 11'!S299) -> 59.2 | G50: =MAX('BESS 11'!O290:O297,'BESS 11'!O299)-MIN('BESS 11'!O290:O297,'BESS 11'!O299)+1 -> 40 | I50: =MIN('BESS 11'!O290:O297,'BESS 11'!O299) -> 46236 | J50: =IF(AND(J$1>=$I50,J$1<($I50+$G50)),ROUND($F50/$G50,0),"-") -> - | K50: =IF(AND(K$1>=$I50,K$1<($I50+$G50)),ROUND($F50/$G50,0),"-") -> - | L50: =IF(AND(L$1>=$I50,L$1<($I50+$G50)),ROUND($F50/$G50,0),"-") -> - | M50: =IF(AND(M$1>=$I50,M$1<($I50+$G50)),ROUND($F50/$G50,0),"-") -> - | N50: =IF(AND(N$1>=$I50,N$1<($I50+$G50)),ROUND($F50/$G50,0),"-") -> - | O50: =IF(AND(O$1>=$I50,O$1<($I50+$G50)),ROUND($F50/$G50,0),"-") -> - | P50: =IF(AND(P$1>=$I50,P$1<($I50+$G50)),ROUND($F50/$G50,0),"-") -> - | Q50: =IF(AND(Q$1>=$I50,Q$1<($I50+$G50)),ROUND($F50/$G50,0),"-") -> - | ... EL50: =IF(AND(EL$1>=$I50,EL$1<($I50+$G50)),ROUND($F50/$G50,0),"-") -> -
E51: Cable Laying | F51: =SUM('BESS 11'!S300,'BESS 11'!S302:S303,'BESS 11'!S306:S308) -> 1492.9995 | G51: =MAX('BESS 11'!O300,'BESS 11'!O302:O303,'BESS 11'!O306:O308)-MIN('BESS 11'!O300,'BESS 11'!O302:O303,'BESS 11'!O306:O308)+1 -> 7 | I51: =MIN('BESS 11'!O300,'BESS 11'!O302:O303,'BESS 11'!O306:O308) -> 46248 | J51: =IF(AND(J$1>=$I51,J$1<($I51+$G51)),ROUND($F51/$G51,0),"-") -> - | K51: =IF(AND(K$1>=$I51,K$1<($I51+$G51)),ROUND($F51/$G51,0),"-") -> - | L51: =IF(AND(L$1>=$I51,L$1<($I51+$G51)),ROUND($F51/$G51,0),"-") -> - | M51: =IF(AND(M$1>=$I51,M$1<($I51+$G51)),ROUND($F51/$G51,0),"-") -> - | N51: =IF(AND(N$1>=$I51,N$1<($I51+$G51)),ROUND($F51/$G51,0),"-") -> - | O51: =IF(AND(O$1>=$I51,O$1<($I51+$G51)),ROUND($F51/$G51,0),"-") -> - | P51: =IF(AND(P$1>=$I51,P$1<($I51+$G51)),ROUND($F51/$G51,0),"-") -> - | Q51: =IF(AND(Q$1>=$I51,Q$1<($I51+$G51)),ROUND($F51/$G51,0),"-") -> - | ... EL51: =IF(AND(EL$1>=$I51,EL$1<($I51+$G51)),ROUND($F51/$G51,0),"-") -> -
E52: Termination | F52: =SUM('BESS 11'!S301,'BESS 11'!S304:S305,'BESS 11'!S309:S310) -> 2453.6667 | G52: =MAX('BESS 11'!O301,'BESS 11'!O304:O305,'BESS 11'!O309:O310)-MIN('BESS 11'!O301,'BESS 11'!O304:O305,'BESS 11'!O309:O310)+1 -> 20 | I52: =MIN('BESS 11'!O301,'BESS 11'!O304:O305,'BESS 11'!O309:O310) -> 46260 | J52: =IF(AND(J$1>=$I52,J$1<($I52+$G52)),ROUND($F52/$G52,0),"-") -> - | K52: =IF(AND(K$1>=$I52,K$1<($I52+$G52)),ROUND($F52/$G52,0),"-") -> - | L52: =IF(AND(L$1>=$I52,L$1<($I52+$G52)),ROUND($F52/$G52,0),"-") -> - | M52: =IF(AND(M$1>=$I52,M$1<($I52+$G52)),ROUND($F52/$G52,0),"-") -> - | N52: =IF(AND(N$1>=$I52,N$1<($I52+$G52)),ROUND($F52/$G52,0),"-") -> - | O52: =IF(AND(O$1>=$I52,O$1<($I52+$G52)),ROUND($F52/$G52,0),"-") -> - | P52: =IF(AND(P$1>=$I52,P$1<($I52+$G52)),ROUND($F52/$G52,0),"-") -> - | Q52: =IF(AND(Q$1>=$I52,Q$1<($I52+$G52)),ROUND($F52/$G52,0),"-") -> - | ... EL52: =IF(AND(EL$1>=$I52,EL$1<($I52+$G52)),ROUND($F52/$G52,0),"-") -> -
