Workbook

Sheet SPV wise Summary
A1: ADANI GREEN ENERGY KHAVADA PH-II 200WTGs (1040 MWac)
A3: S.No | B3: Description | C3: PSS Number | D3: Total Scope | E3: Achieved | F3: Balance | H3: PSS Number | I3: SPV Name | J3: Total Scope | K3: Achieved | L3: Balance | N3: PSS Number | O3: SPV Name | P3: Total Scope | Q3: Achieved | R3: Balance | T3: PSS Number | U3: SPV Name | V3: Total Scope | W3: Achieved | X3: Balance | Z3: PSS Number | AA3: SPV Name | AB3: Total Scope | AC3: Achieved | AD3: Balance | AF3: PSS Number | AG3: SPV Name | AH3: Total Scope | AI3: Achieved | AJ3: Balance
A5: I | B5: WTG CIVIL & MECH
A6: =ROW(A1) -> 1 | B6: Soil Test | D6: =SUM(J6,P6,V6,AB6,AH6) -> 0 | E6: =SUM(K6,Q6,W6,AC6,AI6) -> 0 | F6: =D6-E6 -> 0 | J6: =COUNTIFS('WTG PH-III'!$B$5:$B$198,$H$6,'WTG PH-III'!$C$5:$C$198,$I$6) -> 0 | K6: =COUNTIFS('WTG PH-III'!$B$5:$B$198,$H$6,'WTG PH-III'!$C$5:$C$198,$I$6,'WTG PH-III'!$P$5:$P$198,">0") -> 0 | L6: =J6-K6 -> 0 | P6: =COUNTIFS('WTG PH-III'!$B$5:$B$198,$N$6,'WTG PH-III'!$C$5:$C$198,$O$6) -> 0 | Q6: =COUNTIFS('WTG PH-III'!$B$5:$B$198,$N$6,'WTG PH-III'!$C$5:$C$198,$O$6,'WTG PH-III'!$P$5:$P$198,">0") -> 0 | R6: =P6-Q6 -> 0 | V6: =COUNTIFS('WTG PH-III'!$B$5:$B$198,$T$6,'WTG PH-III'!$C$5:$C$198,$U$6) -> 0 | W6: =COUNTIFS('WTG PH-III'!$B$5:$B$198,$T$6,'WTG PH-III'!$C$5:$C$198,$U$6,'WTG PH-III'!$P$5:$P$198,">0") -> 0 | X6: =V6-W6 -> 0 | AB6: =COUNTIFS('WTG PH-III'!$B$5:$B$198,$Z$6,'WTG PH-III'!$C$5:$C$198,$AA$6) -> 0 | AC6: =COUNTIFS('WTG PH-III'!$B$5:$B$198,$Z$6,'WTG PH-III'!$C$5:$C$198,$AA$6,'WTG PH-III'!$P$5:$P$198,">0") -> 0 | AD6: =AB6-AC6 -> 0 | AH6: =COUNTIFS('WTG PH-III'!$B$5:$B$198,$AF$6,'WTG PH-III'!$C$5:$C$198,$AG$6) -> 0 | AI6: =COUNTIFS('WTG PH-III'!$B$5:$B$198,$AF$6,'WTG PH-III'!$C$5:$C$198,$AG$6,'WTG PH-III'!$P$5:$P$198,">0") -> 0 | AJ6: =AH6-AI6 -> 0
A7: =ROW(A2) -> 2 | B7: Stone Column Drawing's Status | D7: =D6 -> 0 | J7: =J6 -> 0 | P7: =P6 -> 0 | V7: =V6 -> 0 | AB7: =AB6 -> 0 | AH7: =AH6 -> 0
A8: =ROW(A3) -> 3 | B8: Stone Column | D8: =D7 -> 0 | E8: =SUM(K8,Q8,W8,AC8,AI8) -> 0 | F8: =D8-E8 -> 0 | J8: =J7 -> 0 | K8: =COUNTIFS('WTG PH-III'!$B$5:$B$198,$H$8,'WTG PH-III'!$C$5:$C$198,$I$8,'WTG PH-III'!$X$5:$X$198,">0") -> 0 | L8: =J8-K8 -> 0 | P8: =P7 -> 0 | Q8: =COUNTIFS('WTG PH-III'!$B$5:$B$198,$N$8,'WTG PH-III'!$C$5:$C$198,$O$8,'WTG PH-III'!$X$5:$X$198,">0") -> 0 | R8: =P8-Q8 -> 0 | V8: =V7 -> 0 | W8: =COUNTIFS('WTG PH-III'!$B$5:$B$198,$T$8,'WTG PH-III'!$C$5:$C$198,$U$8,'WTG PH-III'!$X$5:$X$198,">0") -> 0 | X8: =V8-W8 -> 0 | AB8: =AB7 -> 0 | AC8: =COUNTIFS('WTG PH-III'!$B$5:$B$198,$Z$8,'WTG PH-III'!$C$5:$C$198,$AA$8,'WTG PH-III'!$X$5:$X$198,">0") -> 0 | AD8: =AB8-AC8 -> 0 | AH8: =AH7 -> 0 | AI8: =COUNTIFS('WTG PH-III'!$B$5:$B$198,$AF$8,'WTG PH-III'!$C$5:$C$198,$AG$8,'WTG PH-III'!$X$5:$X$198,">0") -> 0 | AJ8: =AH8-AI8 -> 0
A9: =ROW(A4) -> 4 | B9: Plateload test | D9: =D8 -> 0 | E9: =SUM(K9,Q9,W9,AC9,AI9) -> 0 | F9: =D9-E9 -> 0 | J9: =J8 -> 0 | K9: =COUNTIFS('WTG PH-III'!$B$5:$B$198,$H$9,'WTG PH-III'!$C$5:$C$198,$I$9,'WTG PH-III'!$AG$5:$AG$198,">0") -> 0 | L9: =J9-K9 -> 0 | P9: =P8 -> 0 | Q9: =COUNTIFS('WTG PH-III'!$B$5:$B$198,$N$9,'WTG PH-III'!$C$5:$C$198,$O$9,'WTG PH-III'!$AG$5:$AG$198,">0") -> 0 | R9: =P9-Q9 -> 0 | V9: =V8 -> 0 | W9: =COUNTIFS('WTG PH-III'!$B$5:$B$198,$T$9,'WTG PH-III'!$C$5:$C$198,$U$9,'WTG PH-III'!$AG$5:$AG$198,">0") -> 0 | X9: =V9-W9 -> 0 | AB9: =AB8 -> 0 | AC9: =COUNTIFS('WTG PH-III'!$B$5:$B$198,$Z$9,'WTG PH-III'!$C$5:$C$198,$AA$9,'WTG PH-III'!$AG$5:$AG$198,">0") -> 0 | AD9: =AB9-AC9 -> 0 | AH9: =AH8 -> 0 | AI9: =COUNTIFS('WTG PH-III'!$B$5:$B$198,$AF$9,'WTG PH-III'!$C$5:$C$198,$AG$9,'WTG PH-III'!$AG$5:$AG$198,">0") -> 0 | AJ9: =AH9-AI9 -> 0
A10: =ROW(A5) -> 5 | B10: Excavation | D10: =D9 -> 0 | E10: =SUM(K10,Q10,W10,AC10,AI10) -> 0 | F10: =D10-E10 -> 0 | J10: =J9 -> 0 | K10: =COUNTIFS('WTG PH-III'!$B$5:$B$198,$H$10,'WTG PH-III'!$C$5:$C$198,$I$10,'WTG PH-III'!$AM$5:$AM$198,">0") -> 0 | L10: =J10-K10 -> 0 | P10: =P9 -> 0 | Q10: =COUNTIFS('WTG PH-III'!$B$5:$B$198,$N$10,'WTG PH-III'!$C$5:$C$198,$O$10,'WTG PH-III'!$AM$5:$AM$198,">0") -> 0 | R10: =P10-Q10 -> 0 | V10: =V9 -> 0 | W10: =COUNTIFS('WTG PH-III'!$B$5:$B$198,$T$10,'WTG PH-III'!$C$5:$C$198,$U$10,'WTG PH-III'!$AM$5:$AM$198,">0") -> 0 | X10: =V10-W10 -> 0 | AB10: =AB9 -> 0 | AC10: =COUNTIFS('WTG PH-III'!$B$5:$B$198,$Z$10,'WTG PH-III'!$C$5:$C$198,$AA$10,'WTG PH-III'!$AM$5:$AM$198,">0") -> 0 | AD10: =AB10-AC10 -> 0 | AH10: =AH9 -> 0 | AI10: =COUNTIFS('WTG PH-III'!$B$5:$B$198,$AF$10,'WTG PH-III'!$C$5:$C$198,$AG$10,'WTG PH-III'!$AM$5:$AM$198,">0") -> 0 | AJ10: =AH10-AI10 -> 0
A11: =ROW(A6) -> 6 | B11: PCC | D11: =D10 -> 0 | E11: =SUM(K11,Q11,W11,AC11,AI11) -> 0 | F11: =D11-E11 -> 0 | J11: =J10 -> 0 | K11: =COUNTIFS('WTG PH-III'!$B$5:$B$198,$H$11,'WTG PH-III'!$C$5:$C$198,$I$11,'WTG PH-III'!$BA$5:$BA$198,">0") -> 0 | L11: =J11-K11 -> 0 | P11: =P10 -> 0 | Q11: =COUNTIFS('WTG PH-III'!$B$5:$B$198,$N$11,'WTG PH-III'!$C$5:$C$198,$O$11,'WTG PH-III'!$BA$5:$BA$198,">0") -> 0 | R11: =P11-Q11 -> 0 | V11: =V10 -> 0 | W11: =COUNTIFS('WTG PH-III'!$B$5:$B$198,$T$11,'WTG PH-III'!$C$5:$C$198,$U$11,'WTG PH-III'!$BA$5:$BA$198,">0") -> 0 | X11: =V11-W11 -> 0 | AB11: =AB10 -> 0 | AC11: =COUNTIFS('WTG PH-III'!$B$5:$B$198,$Z$11,'WTG PH-III'!$C$5:$C$198,$AA$11,'WTG PH-III'!$BA$5:$BA$198,">0") -> 0 | AD11: =AB11-AC11 -> 0 | AH11: =AH10 -> 0 | AI11: =COUNTIFS('WTG PH-III'!$B$5:$B$198,$AF$11,'WTG PH-III'!$C$5:$C$198,$AG$11,'WTG PH-III'!$BA$5:$BA$198,">0") -> 0 | AJ11: =AH11-AI11 -> 0
A12: =ROW(A7) -> 7 | B12: Anchor Cage & Assembly | D12: =D11 -> 0 | E12: =SUM(K12,Q12,W12,AC12,AI12) -> 0 | F12: =D12-E12 -> 0 | J12: =J11 -> 0 | K12: =COUNTIFS('WTG PH-III'!$B$5:$B$198,$H$12,'WTG PH-III'!$C$5:$C$198,$I$12,'WTG PH-III'!$BH$5:$BH$198,">0") -> 0 | L12: =J12-K12 -> 0 | P12: =P11 -> 0 | Q12: =COUNTIFS('WTG PH-III'!$B$5:$B$198,$N$12,'WTG PH-III'!$C$5:$C$198,$O$12,'WTG PH-III'!$BH$5:$BH$198,">0") -> 0 | R12: =P12-Q12 -> 0 | V12: =V11 -> 0 | W12: =COUNTIFS('WTG PH-III'!$B$5:$B$198,$T$12,'WTG PH-III'!$C$5:$C$198,$U$12,'WTG PH-III'!$BH$5:$BH$198,">0") -> 0 | X12: =V12-W12 -> 0 | AB12: =AB11 -> 0 | AC12: =COUNTIFS('WTG PH-III'!$B$5:$B$198,$Z$12,'WTG PH-III'!$C$5:$C$198,$AA$12,'WTG PH-III'!$BH$5:$BH$198,">0") -> 0 | AD12: =AB12-AC12 -> 0 | AH12: =AH11 -> 0 | AI12: =COUNTIFS('WTG PH-III'!$B$5:$B$198,$AF$12,'WTG PH-III'!$C$5:$C$198,$AG$12,'WTG PH-III'!$BH$5:$BH$198,">0") -> 0 | AJ12: =AH12-AI12 -> 0
A13: =ROW(A8) -> 8 | B13: Steel Binding works | D13: =D12 -> 0 | E13: =SUM(K13,Q13,W13,AC13,AI13) -> 0 | F13: =D13-E13 -> 0 | J13: =J12 -> 0 | K13: =COUNTIFS('WTG PH-III'!$B$5:$B$198,$H$13,'WTG PH-III'!$C$5:$C$198,$I$13,'WTG PH-III'!$BO$5:$BO$198,">0") -> 0 | L13: =J13-K13 -> 0 | P13: =P12 -> 0 | Q13: =COUNTIFS('WTG PH-III'!$B$5:$B$198,$N$13,'WTG PH-III'!$C$5:$C$198,$O$13,'WTG PH-III'!$BO$5:$BO$198,">0") -> 0 | R13: =P13-Q13 -> 0 | V13: =V12 -> 0 | W13: =COUNTIFS('WTG PH-III'!$B$5:$B$198,$T$13,'WTG PH-III'!$C$5:$C$198,$U$13,'WTG PH-III'!$BO$5:$BO$198,">0") -> 0 | X13: =V13-W13 -> 0 | AB13: =AB12 -> 0 | AC13: =COUNTIFS('WTG PH-III'!$B$5:$B$198,$Z$13,'WTG PH-III'!$C$5:$C$198,$AA$13,'WTG PH-III'!$BO$5:$BO$198,">0") -> 0 | AD13: =AB13-AC13 -> 0 | AH13: =AH12 -> 0 | AI13: =COUNTIFS('WTG PH-III'!$B$5:$B$198,$AF$13,'WTG PH-III'!$C$5:$C$198,$AG$13,'WTG PH-III'!$BO$5:$BO$198,">0") -> 0 | AJ13: =AH13-AI13 -> 0
A14: =ROW(A9) -> 9 | B14: Raft Casting | D14: =D13 -> 0 | E14: =SUM(K14,Q14,W14,AC14,AI14) -> 0 | F14: =D14-E14 -> 0 | J14: =J13 -> 0 | K14: =COUNTIFS('WTG PH-III'!$B$5:$B$198,$H$14,'WTG PH-III'!$C$5:$C$198,$I$14,'WTG PH-III'!$BV$5:$BV$198,">0") -> 0 | L14: =J14-K14 -> 0 | P14: =P13 -> 0 | Q14: =COUNTIFS('WTG PH-III'!$B$5:$B$198,$N$14,'WTG PH-III'!$C$5:$C$198,$O$14,'WTG PH-III'!$BV$5:$BV$198,">0") -> 0 | R14: =P14-Q14 -> 0 | V14: =V13 -> 0 | W14: =COUNTIFS('WTG PH-III'!$B$5:$B$198,$T$14,'WTG PH-III'!$C$5:$C$198,$U$14,'WTG PH-III'!$BV$5:$BV$198,">0") -> 0 | X14: =V14-W14 -> 0 | AB14: =AB13 -> 0 | AC14: =COUNTIFS('WTG PH-III'!$B$5:$B$198,$Z$14,'WTG PH-III'!$C$5:$C$198,$AA$14,'WTG PH-III'!$BV$5:$BV$198,">0") -> 0 | AD14: =AB14-AC14 -> 0 | AH14: =AH13 -> 0 | AI14: =COUNTIFS('WTG PH-III'!$B$5:$B$198,$AF$14,'WTG PH-III'!$C$5:$C$198,$AG$14,'WTG PH-III'!$BV$5:$BV$198,">0") -> 0 | AJ14: =AH14-AI14 -> 0
A15: =ROW(A10) -> 10 | B15: Backfilling | D15: =D14 -> 0 | E15: =SUM(K15,Q15,W15,AC15,AI15) -> 0 | F15: =D15-E15 -> 0 | J15: =J14 -> 0 | K15: =COUNTIFS('WTG PH-III'!$B$5:$B$198,$H$15,'WTG PH-III'!$C$5:$C$198,$I$15,'WTG PH-III'!$CD$5:$CD$198,">0") -> 0 | L15: =J15-K15 -> 0 | P15: =P14 -> 0 | Q15: =COUNTIFS('WTG PH-III'!$B$5:$B$198,$N$15,'WTG PH-III'!$C$5:$C$198,$O$15,'WTG PH-III'!$CD$5:$CD$198,">0") -> 0 | R15: =P15-Q15 -> 0 | V15: =V14 -> 0 | W15: =COUNTIFS('WTG PH-III'!$B$5:$B$198,$T$15,'WTG PH-III'!$C$5:$C$198,$U$15,'WTG PH-III'!$CD$5:$CD$198,">0") -> 0 | X15: =V15-W15 -> 0 | AB15: =AB14 -> 0 | AC15: =COUNTIFS('WTG PH-III'!$B$5:$B$198,$Z$15,'WTG PH-III'!$C$5:$C$198,$AA$15,'WTG PH-III'!$CD$5:$CD$198,">0") -> 0 | AD15: =AB15-AC15 -> 0 | AH15: =AH14 -> 0 | AI15: =COUNTIFS('WTG PH-III'!$B$5:$B$198,$AF$15,'WTG PH-III'!$C$5:$C$198,$AG$15,'WTG PH-III'!$CD$5:$CD$198,">0") -> 0 | AJ15: =AH15-AI15 -> 0
A16: =ROW(A11) -> 11 | B16: Grouting | D16: =D15 -> 0 | E16: =SUM(K16,Q16,W16,AC16,AI16) -> 0 | F16: =D16-E16 -> 0 | J16: =J15 -> 0 | K16: =COUNTIFS('WTG PH-III'!$B$5:$B$198,$H$16,'WTG PH-III'!$C$5:$C$198,$I$16,'WTG PH-III'!$CK$5:$CK$198,">0") -> 0 | L16: =J16-K16 -> 0 | P16: =P15 -> 0 | Q16: =COUNTIFS('WTG PH-III'!$B$5:$B$198,$N$16,'WTG PH-III'!$C$5:$C$198,$O$16,'WTG PH-III'!$CK$5:$CK$198,">0") -> 0 | R16: =P16-Q16 -> 0 | V16: =V15 -> 0 | W16: =COUNTIFS('WTG PH-III'!$B$5:$B$198,$T$16,'WTG PH-III'!$C$5:$C$198,$U$16,'WTG PH-III'!$CK$5:$CK$198,">0") -> 0 | X16: =V16-W16 -> 0 | AB16: =AB15 -> 0 | AC16: =COUNTIFS('WTG PH-III'!$B$5:$B$198,$Z$16,'WTG PH-III'!$C$5:$C$198,$AA$16,'WTG PH-III'!$CK$5:$CK$198,">0") -> 0 | AD16: =AB16-AC16 -> 0 | AH16: =AH15 -> 0 | AI16: =COUNTIFS('WTG PH-III'!$B$5:$B$198,$AF$16,'WTG PH-III'!$C$5:$C$198,$AG$16,'WTG PH-III'!$CK$5:$CK$198,">0") -> 0 | AJ16: =AH16-AI16 -> 0
A17: =ROW(A12) -> 12 | B17: USS & Transformer Foundation | D17: =D16 -> 0 | E17: =SUM(K17,Q17,W17,AC17,AI17) -> 0 | F17: =D17-E17 -> 0 | J17: =J16 -> 0 | K17: =COUNTIFS('WTG PH-III'!$B$5:$B$198,$H$17,'WTG PH-III'!$C$5:$C$198,$I$17,'WTG PH-III'!$CT$5:$CT$198,">0") -> 0 | L17: =J17-K17 -> 0 | P17: =P16 -> 0 | Q17: =COUNTIFS('WTG PH-III'!$B$5:$B$198,$N$17,'WTG PH-III'!$C$5:$C$198,$O$17,'WTG PH-III'!$CT$5:$CT$198,">0") -> 0 | R17: =P17-Q17 -> 0 | V17: =V16 -> 0 | W17: =COUNTIFS('WTG PH-III'!$B$5:$B$198,$T$17,'WTG PH-III'!$C$5:$C$198,$U$17,'WTG PH-III'!$CT$5:$CT$198,">0") -> 0 | X17: =V17-W17 -> 0 | AB17: =AB16 -> 0 | AC17: =COUNTIFS('WTG PH-III'!$B$5:$B$198,$Z$17,'WTG PH-III'!$C$5:$C$198,$AA$17,'WTG PH-III'!$CT$5:$CT$198,">0") -> 0 | AD17: =AB17-AC17 -> 0 | AH17: =AH16 -> 0 | AI17: =COUNTIFS('WTG PH-III'!$B$5:$B$198,$AF$17,'WTG PH-III'!$C$5:$C$198,$AG$17,'WTG PH-III'!$CT$5:$CT$198,">0") -> 0 | AJ17: =AH17-AI17 -> 0
A18: =ROW(A13) -> 13 | B18: WTG Connecting Road | D18: =D17 -> 0 | E18: =SUM(K18,Q18,W18,AC18,AI18) -> 0 | F18: =D18-E18 -> 0 | J18: =J17 -> 0 | K18: =COUNTIFS('WTG PH-III'!$B$5:$B$198,$H$18,'WTG PH-III'!$C$5:$C$198,$I$18,'WTG PH-III'!$DA$5:$DA$198,">0") -> 0 | L18: =J18-K18 -> 0 | P18: =P17 -> 0 | Q18: =COUNTIFS('WTG PH-III'!$B$5:$B$198,$N$18,'WTG PH-III'!$C$5:$C$198,$O$18,'WTG PH-III'!$DA$5:$DA$198,">0") -> 0 | R18: =P18-Q18 -> 0 | V18: =V17 -> 0 | W18: =COUNTIFS('WTG PH-III'!$B$5:$B$198,$T$18,'WTG PH-III'!$C$5:$C$198,$U$18,'WTG PH-III'!$DA$5:$DA$198,">0") -> 0 | X18: =V18-W18 -> 0 | AB18: =AB17 -> 0 | AC18: =COUNTIFS('WTG PH-III'!$B$5:$B$198,$Z$18,'WTG PH-III'!$C$5:$C$198,$AA$18,'WTG PH-III'!$DA$5:$DA$198,">0") -> 0 | AD18: =AB18-AC18 -> 0 | AH18: =AH17 -> 0 | AI18: =COUNTIFS('WTG PH-III'!$B$5:$B$198,$AF$18,'WTG PH-III'!$C$5:$C$198,$AG$18,'WTG PH-III'!$DA$5:$DA$198,">0") -> 0 | AJ18: =AH18-AI18 -> 0
A19: =ROW(A14) -> 14 | B19: Crane Pad | D19: =D18 -> 0 | E19: =SUM(K19,Q19,W19,AC19,AI19) -> 0 | F19: =D19-E19 -> 0 | J19: =J18 -> 0 | K19: =COUNTIFS('WTG PH-III'!$B$5:$B$198,$H$19,'WTG PH-III'!$C$5:$C$198,$I$19,'WTG PH-III'!$DP$5:$DP$198,">0") -> 0 | L19: =J19-K19 -> 0 | P19: =P18 -> 0 | Q19: =COUNTIFS('WTG PH-III'!$B$5:$B$198,$N$19,'WTG PH-III'!$C$5:$C$198,$O$19,'WTG PH-III'!$DP$5:$DP$198,">0") -> 0 | R19: =P19-Q19 -> 0 | V19: =V18 -> 0 | W19: =COUNTIFS('WTG PH-III'!$B$5:$B$198,$T$19,'WTG PH-III'!$C$5:$C$198,$U$19,'WTG PH-III'!$DP$5:$DP$198,">0") -> 0 | X19: =V19-W19 -> 0 | AB19: =AB18 -> 0 | AC19: =COUNTIFS('WTG PH-III'!$B$5:$B$198,$Z$19,'WTG PH-III'!$C$5:$C$198,$AA$19,'WTG PH-III'!$DP$5:$DP$198,">0") -> 0 | AD19: =AB19-AC19 -> 0 | AH19: =AH18 -> 0 | AI19: =COUNTIFS('WTG PH-III'!$B$5:$B$198,$AF$19,'WTG PH-III'!$C$5:$C$198,$AG$19,'WTG PH-III'!$DP$5:$DP$198,">0") -> 0 | AJ19: =AH19-AI19 -> 0
A20: =ROW(A15) -> 15 | B20: WTG Erection | D20: =D19 -> 0 | E20: =SUM(K20,Q20,W20,AC20,AI20) -> 0 | F20: =D20-E20 -> 0 | J20: =J19 -> 0 | K20: =COUNTIFS('WTG PH-III'!$B$5:$B$198,$H$20,'WTG PH-III'!$C$5:$C$198,$I$20,'WTG PH-III'!$DW$5:$DW$198,">0") -> 0 | L20: =J20-K20 -> 0 | P20: =P19 -> 0 | Q20: =COUNTIFS('WTG PH-III'!$B$5:$B$198,$N$20,'WTG PH-III'!$C$5:$C$198,$O$20,'WTG PH-III'!$DW$5:$DW$198,">0") -> 0 | R20: =P20-Q20 -> 0 | V20: =V19 -> 0 | W20: =COUNTIFS('WTG PH-III'!$B$5:$B$198,$T$20,'WTG PH-III'!$C$5:$C$198,$U$20,'WTG PH-III'!$DW$5:$DW$198,">0") -> 0 | X20: =V20-W20 -> 0 | AB20: =AB19 -> 0 | AC20: =COUNTIFS('WTG PH-III'!$B$5:$B$198,$Z$20,'WTG PH-III'!$C$5:$C$198,$AA$20,'WTG PH-III'!$DW$5:$DW$198,">0") -> 0 | AD20: =AB20-AC20 -> 0 | AH20: =AH19 -> 0 | AI20: =COUNTIFS('WTG PH-III'!$B$5:$B$198,$AF$20,'WTG PH-III'!$C$5:$C$198,$AG$20,'WTG PH-III'!$DW$5:$DW$198,">0") -> 0 | AJ20: =AH20-AI20 -> 0
A21: =ROW(A16) -> 16 | B21: MCC | D21: =D20 -> 0 | E21: =SUM(K21,Q21,W21,AC21,AI21) -> 0 | F21: =D21-E21 -> 0 | J21: =J20 -> 0 | K21: =COUNTIFS('WTG PH-III'!$B$5:$B$198,$H$21,'WTG PH-III'!$C$5:$C$198,$I$21,'WTG PH-III'!$EK$5:$EK$198,">0") -> 0 | L21: =J21-K21 -> 0 | P21: =P20 -> 0 | Q21: =COUNTIFS('WTG PH-III'!$B$5:$B$198,$N$21,'WTG PH-III'!$C$5:$C$198,$O$21,'WTG PH-III'!$EK$5:$EK$198,">0") -> 0 | R21: =P21-Q21 -> 0 | V21: =V20 -> 0 | W21: =COUNTIFS('WTG PH-III'!$B$5:$B$198,$T$21,'WTG PH-III'!$C$5:$C$198,$U$21,'WTG PH-III'!$EK$5:$EK$198,">0") -> 0 | X21: =V21-W21 -> 0 | AB21: =AB20 -> 0 | AC21: =COUNTIFS('WTG PH-III'!$B$5:$B$198,$Z$21,'WTG PH-III'!$C$5:$C$198,$AA$21,'WTG PH-III'!$EK$5:$EK$198,">0") -> 0 | AD21: =AB21-AC21 -> 0 | AH21: =AH20 -> 0 | AI21: =COUNTIFS('WTG PH-III'!$B$5:$B$198,$AF$21,'WTG PH-III'!$C$5:$C$198,$AG$21,'WTG PH-III'!$EK$5:$EK$198,">0") -> 0 | AJ21: =AH21-AI21 -> 0
A22: =ROW(A17) -> 17 | B22: Pre-Comm | D22: =D21 -> 0 | E22: =SUM(K22,Q22,W22,AC22,AI22) -> 0 | F22: =D22-E22 -> 0 | J22: =J21 -> 0 | K22: =COUNTIFS('WTG PH-III'!$B$5:$B$198,$H$22,'WTG PH-III'!$C$5:$C$198,$I$22,'WTG PH-III'!$ER$5:$ER$198,">0") -> 0 | L22: =J22-K22 -> 0 | P22: =P21 -> 0 | Q22: =COUNTIFS('WTG PH-III'!$B$5:$B$198,$N$22,'WTG PH-III'!$C$5:$C$198,$O$22,'WTG PH-III'!$ER$5:$ER$198,">0") -> 0 | R22: =P22-Q22 -> 0 | V22: =V21 -> 0 | W22: =COUNTIFS('WTG PH-III'!$B$5:$B$198,$T$22,'WTG PH-III'!$C$5:$C$198,$U$22,'WTG PH-III'!$ER$5:$ER$198,">0") -> 0 | X22: =V22-W22 -> 0 | AB22: =AB21 -> 0 | AC22: =COUNTIFS('WTG PH-III'!$B$5:$B$198,$Z$22,'WTG PH-III'!$C$5:$C$198,$AA$22,'WTG PH-III'!$ER$5:$ER$198,">0") -> 0 | AD22: =AB22-AC22 -> 0 | AH22: =AH21 -> 0 | AI22: =COUNTIFS('WTG PH-III'!$B$5:$B$198,$AF$22,'WTG PH-III'!$C$5:$C$198,$AG$22,'WTG PH-III'!$ER$5:$ER$198,">0") -> 0 | AJ22: =AH22-AI22 -> 0
A23: =ROW(A18) -> 18 | B23: WTG Commissioining | D23: =D22 -> 0 | E23: =SUM(K23,Q23,W23,AC23,AI23) -> 0 | F23: =D23-E23 -> 0 | J23: =J22 -> 0 | K23: =COUNTIFS('WTG PH-III'!$B$5:$B$198,$H$23,'WTG PH-III'!$C$5:$C$198,$I$23,'WTG PH-III'!$GA$5:$GA$198,">0") -> 0 | L23: =J23-K23 -> 0 | P23: =P22 -> 0 | Q23: =COUNTIFS('WTG PH-III'!$B$5:$B$198,$N$23,'WTG PH-III'!$C$5:$C$198,$O$23,'WTG PH-III'!$GA$5:$GA$198,">0") -> 0 | R23: =P23-Q23 -> 0 | V23: =V22 -> 0 | W23: =COUNTIFS('WTG PH-III'!$B$5:$B$198,$T$23,'WTG PH-III'!$C$5:$C$198,$U$23,'WTG PH-III'!$GA$5:$GA$198,">0") -> 0 | X23: =V23-W23 -> 0 | AB23: =AB22 -> 0 | AC23: =COUNTIFS('WTG PH-III'!$B$5:$B$198,$Z$23,'WTG PH-III'!$C$5:$C$198,$AA$23,'WTG PH-III'!$GA$5:$GA$198,">0") -> 0 | AD23: =AB23-AC23 -> 0 | AH23: =AH22 -> 0 | AI23: =COUNTIFS('WTG PH-III'!$B$5:$B$198,$AF$23,'WTG PH-III'!$C$5:$C$198,$AG$23,'WTG PH-III'!$GA$5:$GA$198,">0") -> 0 | AJ23: =AH23-AI23 -> 0
A24: II | B24: WTG ELECTRICAL (USS, Trafo & 33kV)
A25: 1 | B25: USS Erection & Readiness | C25: PSS-4 | D25: =D23 -> 0 | E25: =SUM(K25,Q25,W25,AC25,AI25) -> 0 | F25: =D25-E25 -> 0 | J25: =J23 -> 0 | K25: =COUNTIFS('WTG PH-III'!$B$5:$B$198,$H$25,'WTG PH-III'!$C$5:$C$198,$I$25,'WTG PH-III'!$ED$5:$ED$198,">0") -> 0 | L25: =J25-K25 -> 0 | P25: =P23 -> 0 | Q25: =COUNTIFS('WTG PH-III'!$B$5:$B$198,$N$25,'WTG PH-III'!$C$5:$C$198,$O$25,'WTG PH-III'!$ED$5:$ED$198,">0") -> 0 | R25: =P25-Q25 -> 0 | V25: =V23 -> 0 | W25: =COUNTIFS('WTG PH-III'!$B$5:$B$198,$T$25,'WTG PH-III'!$C$5:$C$198,$U$25,'WTG PH-III'!$ED$5:$ED$198,">0") -> 0 | X25: =V25-W25 -> 0 | AB25: =AB23 -> 0 | AC25: =COUNTIFS('WTG PH-III'!$B$5:$B$198,$Z$25,'WTG PH-III'!$C$5:$C$198,$AA$25,'WTG PH-III'!$ED$5:$ED$198,">0") -> 0 | AD25: =AB25-AC25 -> 0 | AH25: =AH23 -> 0 | AI25: =COUNTIFS('WTG PH-III'!$B$5:$B$198,$AF$25,'WTG PH-III'!$C$5:$C$198,$AG$25,'WTG PH-III'!$ED$5:$ED$198,">0") -> 0 | AJ25: =AH25-AI25 -> 0
A26: 2 | B26: USS Testing | C26: PSS-4 | D26: =D25 -> 0 | E26: =SUM(K26,Q26,W26,AC26,AI26) -> 0 | F26: =D26-E26 -> 0 | J26: =J25 -> 0 | K26: =COUNTIFS('WTG PH-III'!$B$5:$B$198,$H$26,'WTG PH-III'!$C$5:$C$198,$I$26,'WTG PH-III'!$EY$5:$EY$198,">0") -> 0 | L26: =J26-K26 -> 0 | P26: =P25 -> 0 | Q26: =COUNTIFS('WTG PH-III'!$B$5:$B$198,$N$26,'WTG PH-III'!$C$5:$C$198,$O$26,'WTG PH-III'!$EY$5:$EY$198,">0") -> 0 | R26: =P26-Q26 -> 0 | V26: =V25 -> 0 | W26: =COUNTIFS('WTG PH-III'!$B$5:$B$198,$T$26,'WTG PH-III'!$C$5:$C$198,$U$26,'WTG PH-III'!$EY$5:$EY$198,">0") -> 0 | X26: =V26-W26 -> 0 | AB26: =AB25 -> 0 | AC26: =COUNTIFS('WTG PH-III'!$B$5:$B$198,$Z$26,'WTG PH-III'!$C$5:$C$198,$AA$26,'WTG PH-III'!$EY$5:$EY$198,">0") -> 0 | AD26: =AB26-AC26 -> 0 | AH26: =AH25 -> 0 | AI26: =COUNTIFS('WTG PH-III'!$B$5:$B$198,$AF$26,'WTG PH-III'!$C$5:$C$198,$AG$26,'WTG PH-III'!$EY$5:$EY$198,">0") -> 0 | AJ26: =AH26-AI26 -> 0
A27: I | B27: WTG CIVIL & MECH
A28: =ROW(A23) -> 23 | B28: Soil Test | C28: PSS-8 | D28: =SUM(J28,P28,V28,AB28,AH28) -> 0 | E28: =SUM(K28,Q28,W28,AC28,AI28) -> 0 | F28: =D28-E28 -> 0 | J28: =COUNTIFS('WTG PH-III'!$B$5:$B$198,$H$28,'WTG PH-III'!$C$5:$C$198,$I$28) -> 0 | K28: =COUNTIFS('WTG PH-III'!$B$5:$B$198,$H$28,'WTG PH-III'!$C$5:$C$198,$I$28,'WTG PH-III'!$P$5:$P$198,">0") -> 0 | L28: =J28-K28 -> 0 | P28: =COUNTIFS('WTG PH-III'!$B$5:$B$198,$N$28,'WTG PH-III'!$C$5:$C$198,$O$28) -> 0 | Q28: =COUNTIFS('WTG PH-III'!$B$5:$B$198,$N$28,'WTG PH-III'!$C$5:$C$198,$O$28,'WTG PH-III'!$P$5:$P$198,">0") -> 0 | R28: =P28-Q28 -> 0 | AH28: =COUNTIFS('WTG PH-III'!$B$5:$B$198,$AF$28,'WTG PH-III'!$C$5:$C$198,$AG$28) -> 0 | AI28: =COUNTIFS('WTG PH-III'!$B$5:$B$198,$AF$28,'WTG PH-III'!$C$5:$C$198,$AG$28,'WTG PH-III'!$P$5:$P$198,">0") -> 0 | AJ28: =AH28-AI28 -> 0
A29: =ROW(A24) -> 24 | B29: Stone Column Drawing's Status | C29: PSS-8 | D29: =D28 -> 0 | J29: =J28 -> 0 | P29: =P28 -> 0 | AH29: =AH28 -> 0
A30: =ROW(A25) -> 25 | B30: Stone Column | C30: PSS-8 | D30: =D29 -> 0 | E30: =SUM(K30,Q30,W30,AC30,AI30) -> 0 | F30: =D30-E30 -> 0 | J30: =J29 -> 0 | K30: =COUNTIFS('WTG PH-III'!$B$5:$B$198,$H$30,'WTG PH-III'!$C$5:$C$198,$I$30,'WTG PH-III'!$X$5:$X$198,">0") -> 0 | L30: =J30-K30 -> 0 | P30: =P29 -> 0 | Q30: =COUNTIFS('WTG PH-III'!$B$5:$B$198,$N$30,'WTG PH-III'!$C$5:$C$198,$O$30,'WTG PH-III'!$X$5:$X$198,">0") -> 0 | R30: =P30-Q30 -> 0 | AH30: =AH29 -> 0 | AI30: =COUNTIFS('WTG PH-III'!$B$5:$B$198,$AF$30,'WTG PH-III'!$C$5:$C$198,$AG$30,'WTG PH-III'!$X$5:$X$198,">0") -> 0 | AJ30: =AH30-AI30 -> 0
A31: =ROW(A26) -> 26 | B31: Plateload test | C31: PSS-8 | D31: =D30 -> 0 | E31: =SUM(K31,Q31,W31,AC31,AI31) -> 0 | F31: =D31-E31 -> 0 | J31: =J30 -> 0 | K31: =COUNTIFS('WTG PH-III'!$B$5:$B$198,$H$31,'WTG PH-III'!$C$5:$C$198,$I$31,'WTG PH-III'!$AG$5:$AG$198,">0") -> 0 | L31: =J31-K31 -> 0 | P31: =P30 -> 0 | Q31: =COUNTIFS('WTG PH-III'!$B$5:$B$198,$N$31,'WTG PH-III'!$C$5:$C$198,$O$31,'WTG PH-III'!$AG$5:$AG$198,">0") -> 0 | R31: =P31-Q31 -> 0 | AH31: =AH30 -> 0 | AI31: =COUNTIFS('WTG PH-III'!$B$5:$B$198,$AF$31,'WTG PH-III'!$C$5:$C$198,$AG$31,'WTG PH-III'!$AG$5:$AG$198,">0") -> 0 | AJ31: =AH31-AI31 -> 0
A32: =ROW(A27) -> 27 | B32: Excavation | C32: PSS-8 | D32: =D31 -> 0 | E32: =SUM(K32,Q32,W32,AC32,AI32) -> 0 | F32: =D32-E32 -> 0 | J32: =J31 -> 0 | K32: =COUNTIFS('WTG PH-III'!$B$5:$B$198,$H$32,'WTG PH-III'!$C$5:$C$198,$I$32,'WTG PH-III'!$AM$5:$AM$198,">0") -> 0 | L32: =J32-K32 -> 0 | P32: =P31 -> 0 | Q32: =COUNTIFS('WTG PH-III'!$B$5:$B$198,$N$32,'WTG PH-III'!$C$5:$C$198,$O$32,'WTG PH-III'!$AM$5:$AM$198,">0") -> 0 | R32: =P32-Q32 -> 0 | AH32: =AH31 -> 0 | AI32: =COUNTIFS('WTG PH-III'!$B$5:$B$198,$AF$32,'WTG PH-III'!$C$5:$C$198,$AG$32,'WTG PH-III'!$AM$5:$AM$198,">0") -> 0 | AJ32: =AH32-AI32 -> 0
A33: =ROW(A28) -> 28 | B33: PCC | C33: PSS-8 | D33: =D32 -> 0 | E33: =SUM(K33,Q33,W33,AC33,AI33) -> 0 | F33: =D33-E33 -> 0 | J33: =J32 -> 0 | K33: =COUNTIFS('WTG PH-III'!$B$5:$B$198,$H$33,'WTG PH-III'!$C$5:$C$198,$I$33,'WTG PH-III'!$BA$5:$BA$198,">0") -> 0 | L33: =J33-K33 -> 0 | P33: =P32 -> 0 | Q33: =COUNTIFS('WTG PH-III'!$B$5:$B$198,$N$33,'WTG PH-III'!$C$5:$C$198,$O$33,'WTG PH-III'!$BA$5:$BA$198,">0") -> 0 | R33: =P33-Q33 -> 0 | AH33: =AH32 -> 0 | AI33: =COUNTIFS('WTG PH-III'!$B$5:$B$198,$AF$33,'WTG PH-III'!$C$5:$C$198,$AG$33,'WTG PH-III'!$BA$5:$BA$198,">0") -> 0 | AJ33: =AH33-AI33 -> 0
A34: =ROW(A29) -> 29 | B34: Anchor Cage & Assembly | C34: PSS-8 | D34: =D33 -> 0 | E34: =SUM(K34,Q34,W34,AC34,AI34) -> 0 | F34: =D34-E34 -> 0 | J34: =J33 -> 0 | K34: =COUNTIFS('WTG PH-III'!$B$5:$B$198,$H$34,'WTG PH-III'!$C$5:$C$198,$I$34,'WTG PH-III'!$BH$5:$BH$198,">0") -> 0 | L34: =J34-K34 -> 0 | P34: =P33 -> 0 | Q34: =COUNTIFS('WTG PH-III'!$B$5:$B$198,$N$34,'WTG PH-III'!$C$5:$C$198,$O$34,'WTG PH-III'!$BH$5:$BH$198,">0") -> 0 | R34: =P34-Q34 -> 0 | AH34: =AH33 -> 0 | AI34: =COUNTIFS('WTG PH-III'!$B$5:$B$198,$AF$34,'WTG PH-III'!$C$5:$C$198,$AG$34,'WTG PH-III'!$BH$5:$BH$198,">0") -> 0 | AJ34: =AH34-AI34 -> 0
A35: =ROW(A30) -> 30 | B35: Steel Binding works | C35: PSS-8 | D35: =D34 -> 0 | E35: =SUM(K35,Q35,W35,AC35,AI35) -> 0 | F35: =D35-E35 -> 0 | J35: =J34 -> 0 | K35: =COUNTIFS('WTG PH-III'!$B$5:$B$198,$H$35,'WTG PH-III'!$C$5:$C$198,$I$35,'WTG PH-III'!$BO$5:$BO$198,">0") -> 0 | L35: =J35-K35 -> 0 | P35: =P34 -> 0 | Q35: =COUNTIFS('WTG PH-III'!$B$5:$B$198,$N$35,'WTG PH-III'!$C$5:$C$198,$O$35,'WTG PH-III'!$BO$5:$BO$198,">0") -> 0 | R35: =P35-Q35 -> 0 | AH35: =AH34 -> 0 | AI35: =COUNTIFS('WTG PH-III'!$B$5:$B$198,$AF$35,'WTG PH-III'!$C$5:$C$198,$AG$35,'WTG PH-III'!$BO$5:$BO$198,">0") -> 0 | AJ35: =AH35-AI35 -> 0
A36: =ROW(A31) -> 31 | B36: Raft Casting | C36: PSS-8 | D36: =D35 -> 0 | E36: =SUM(K36,Q36,W36,AC36,AI36) -> 0 | F36: =D36-E36 -> 0 | J36: =J35 -> 0 | K36: =COUNTIFS('WTG PH-III'!$B$5:$B$198,$H$36,'WTG PH-III'!$C$5:$C$198,$I$36,'WTG PH-III'!$BV$5:$BV$198,">0") -> 0 | L36: =J36-K36 -> 0 | P36: =P35 -> 0 | Q36: =COUNTIFS('WTG PH-III'!$B$5:$B$198,$N$36,'WTG PH-III'!$C$5:$C$198,$O$36,'WTG PH-III'!$BV$5:$BV$198,">0") -> 0 | R36: =P36-Q36 -> 0 | AH36: =AH35 -> 0 | AI36: =COUNTIFS('WTG PH-III'!$B$5:$B$198,$AF$36,'WTG PH-III'!$C$5:$C$198,$AG$36,'WTG PH-III'!$BV$5:$BV$198,">0") -> 0 | AJ36: =AH36-AI36 -> 0
A37: =ROW(A32) -> 32 | B37: Backfilling | C37: PSS-8 | D37: =D36 -> 0 | E37: =SUM(K37,Q37,W37,AC37,AI37) -> 0 | F37: =D37-E37 -> 0 | J37: =J36 -> 0 | K37: =COUNTIFS('WTG PH-III'!$B$5:$B$198,$H$37,'WTG PH-III'!$C$5:$C$198,$I$37,'WTG PH-III'!$CD$5:$CD$198,">0") -> 0 | L37: =J37-K37 -> 0 | P37: =P36 -> 0 | Q37: =COUNTIFS('WTG PH-III'!$B$5:$B$198,$N$37,'WTG PH-III'!$C$5:$C$198,$O$37,'WTG PH-III'!$CD$5:$CD$198,">0") -> 0 | R37: =P37-Q37 -> 0 | AH37: =AH36 -> 0 | AI37: =COUNTIFS('WTG PH-III'!$B$5:$B$198,$AF$37,'WTG PH-III'!$C$5:$C$198,$AG$37,'WTG PH-III'!$CD$5:$CD$198,">0") -> 0 | AJ37: =AH37-AI37 -> 0
A38: =ROW(A33) -> 33 | B38: Grouting | C38: PSS-8 | D38: =D37 -> 0 | E38: =SUM(K38,Q38,W38,AC38,AI38) -> 0 | F38: =D38-E38 -> 0 | J38: =J37 -> 0 | K38: =COUNTIFS('WTG PH-III'!$B$5:$B$198,$H$38,'WTG PH-III'!$C$5:$C$198,$I$38,'WTG PH-III'!$CK$5:$CK$198,">0") -> 0 | L38: =J38-K38 -> 0 | P38: =P37 -> 0 | Q38: =COUNTIFS('WTG PH-III'!$B$5:$B$198,$N$38,'WTG PH-III'!$C$5:$C$198,$O$38,'WTG PH-III'!$CK$5:$CK$198,">0") -> 0 | R38: =P38-Q38 -> 0 | AH38: =AH37 -> 0 | AI38: =COUNTIFS('WTG PH-III'!$B$5:$B$198,$AF$38,'WTG PH-III'!$C$5:$C$198,$AG$38,'WTG PH-III'!$CK$5:$CK$198,">0") -> 0 | AJ38: =AH38-AI38 -> 0
A39: =ROW(A34) -> 34 | B39: USS & Transformer Foundation | C39: PSS-8 | D39: =D38 -> 0 | E39: =SUM(K39,Q39,W39,AC39,AI39) -> 0 | F39: =D39-E39 -> 0 | J39: =J38 -> 0 | K39: =COUNTIFS('WTG PH-III'!$B$5:$B$198,$H$39,'WTG PH-III'!$C$5:$C$198,$I$39,'WTG PH-III'!$CT$5:$CT$198,">0") -> 0 | L39: =J39-K39 -> 0 | P39: =P38 -> 0 | Q39: =COUNTIFS('WTG PH-III'!$B$5:$B$198,$N$39,'WTG PH-III'!$C$5:$C$198,$O$39,'WTG PH-III'!$CT$5:$CT$198,">0") -> 0 | R39: =P39-Q39 -> 0 | AH39: =AH38 -> 0 | AI39: =COUNTIFS('WTG PH-III'!$B$5:$B$198,$AF$39,'WTG PH-III'!$C$5:$C$198,$AG$39,'WTG PH-III'!$CT$5:$CT$198,">0") -> 0 | AJ39: =AH39-AI39 -> 0
A40: =ROW(A35) -> 35 | B40: WTG Connecting Road | C40: PSS-8 | D40: =D39 -> 0 | E40: =SUM(K40,Q40,W40,AC40,AI40) -> 0 | F40: =D40-E40 -> 0 | J40: =J39 -> 0 | K40: =COUNTIFS('WTG PH-III'!$B$5:$B$198,$H$40,'WTG PH-III'!$C$5:$C$198,$I$40,'WTG PH-III'!$DA$5:$DA$198,">0") -> 0 | L40: =J40-K40 -> 0 | P40: =P39 -> 0 | Q40: =COUNTIFS('WTG PH-III'!$B$5:$B$198,$N$40,'WTG PH-III'!$C$5:$C$198,$O$40,'WTG PH-III'!$DA$5:$DA$198,">0") -> 0 | R40: =P40-Q40 -> 0 | AH40: =AH39 -> 0 | AI40: =COUNTIFS('WTG PH-III'!$B$5:$B$198,$AF$40,'WTG PH-III'!$C$5:$C$198,$AG$40,'WTG PH-III'!$DA$5:$DA$198,">0") -> 0 | AJ40: =AH40-AI40 -> 0
A41: =ROW(A36) -> 36 | B41: Crane Pad | C41: PSS-8 | D41: =D40 -> 0 | E41: =SUM(K41,Q41,W41,AC41,AI41) -> 0 | F41: =D41-E41 -> 0 | J41: =J40 -> 0 | K41: =COUNTIFS('WTG PH-III'!$B$5:$B$198,$H$41,'WTG PH-III'!$C$5:$C$198,$I$41,'WTG PH-III'!$DP$5:$DP$198,">0") -> 0 | L41: =J41-K41 -> 0 | P41: =P40 -> 0 | Q41: =COUNTIFS('WTG PH-III'!$B$5:$B$198,$N$41,'WTG PH-III'!$C$5:$C$198,$O$41,'WTG PH-III'!$DP$5:$DP$198,">0") -> 0 | R41: =P41-Q41 -> 0 | AH41: =AH40 -> 0 | AI41: =COUNTIFS('WTG PH-III'!$B$5:$B$198,$AF$41,'WTG PH-III'!$C$5:$C$198,$AG$41,'WTG PH-III'!$DP$5:$DP$198,">0") -> 0 | AJ41: =AH41-AI41 -> 0
A42: =ROW(A37) -> 37 | B42: WTG Erection | C42: PSS-8 | D42: =D41 -> 0 | E42: =SUM(K42,Q42,W42,AC42,AI42) -> 0 | F42: =D42-E42 -> 0 | J42: =J41 -> 0 | K42: =COUNTIFS('WTG PH-III'!$B$5:$B$198,$H$42,'WTG PH-III'!$C$5:$C$198,$I$42,'WTG PH-III'!$DW$5:$DW$198,">0") -> 0 | L42: =J42-K42 -> 0 | P42: =P41 -> 0 | Q42: =COUNTIFS('WTG PH-III'!$B$5:$B$198,$N$42,'WTG PH-III'!$C$5:$C$198,$O$42,'WTG PH-III'!$DW$5:$DW$198,">0") -> 0 | R42: =P42-Q42 -> 0 | AH42: =AH41 -> 0 | AI42: =COUNTIFS('WTG PH-III'!$B$5:$B$198,$AF$42,'WTG PH-III'!$C$5:$C$198,$AG$42,'WTG PH-III'!$DW$5:$DW$198,">0") -> 0 | AJ42: =AH42-AI42 -> 0
A43: =ROW(A38) -> 38 | B43: MCC | C43: PSS-8 | D43: =D42 -> 0 | E43: =SUM(K43,Q43,W43,AC43,AI43) -> 0 | F43: =D43-E43 -> 0 | J43: =J42 -> 0 | K43: =COUNTIFS('WTG PH-III'!$B$5:$B$198,$H$43,'WTG PH-III'!$C$5:$C$198,$I$43,'WTG PH-III'!$EK$5:$EK$198,">0") -> 0 | L43: =J43-K43 -> 0 | P43: =P42 -> 0 | Q43: =COUNTIFS('WTG PH-III'!$B$5:$B$198,$N$43,'WTG PH-III'!$C$5:$C$198,$O$43,'WTG PH-III'!$EK$5:$EK$198,">0") -> 0 | R43: =P43-Q43 -> 0 | AH43: =AH42 -> 0 | AI43: =COUNTIFS('WTG PH-III'!$B$5:$B$198,$AF$43,'WTG PH-III'!$C$5:$C$198,$AG$43,'WTG PH-III'!$EK$5:$EK$198,">0") -> 0 | AJ43: =AH43-AI43 -> 0
A44: =ROW(A39) -> 39 | B44: Pre-Comm | C44: PSS-8 | D44: =D43 -> 0 | E44: =SUM(K44,Q44,W44,AC44,AI44) -> 0 | F44: =D44-E44 -> 0 | J44: =J43 -> 0 | K44: =COUNTIFS('WTG PH-III'!$B$5:$B$198,$H$44,'WTG PH-III'!$C$5:$C$198,$I$44,'WTG PH-III'!$ER$5:$ER$198,">0") -> 0 | L44: =J44-K44 -> 0 | P44: =P43 -> 0 | Q44: =COUNTIFS('WTG PH-III'!$B$5:$B$198,$N$44,'WTG PH-III'!$C$5:$C$198,$O$44,'WTG PH-III'!$ER$5:$ER$198,">0") -> 0 | R44: =P44-Q44 -> 0 | AH44: =AH43 -> 0 | AI44: =COUNTIFS('WTG PH-III'!$B$5:$B$198,$AF$44,'WTG PH-III'!$C$5:$C$198,$AG$44,'WTG PH-III'!$ER$5:$ER$198,">0") -> 0 | AJ44: =AH44-AI44 -> 0
A45: =ROW(A40) -> 40 | B45: WTG Commissioining | C45: PSS-8 | D45: =D44 -> 0 | E45: =SUM(K45,Q45,W45,AC45,AI45) -> 0 | F45: =D45-E45 -> 0 | J45: =J44 -> 0 | K45: =COUNTIFS('WTG PH-III'!$B$5:$B$198,$H$45,'WTG PH-III'!$C$5:$C$198,$I$45,'WTG PH-III'!$GA$5:$GA$198,">0") -> 0 | L45: =J45-K45 -> 0 | P45: =P44 -> 0 | Q45: =COUNTIFS('WTG PH-III'!$B$5:$B$198,$N$45,'WTG PH-III'!$C$5:$C$198,$O$45,'WTG PH-III'!$GA$5:$GA$198,">0") -> 0 | R45: =P45-Q45 -> 0 | AH45: =AH44 -> 0 | AI45: =COUNTIFS('WTG PH-III'!$B$5:$B$198,$AF$45,'WTG PH-III'!$C$5:$C$198,$AG$45,'WTG PH-III'!$GA$5:$GA$198,">0") -> 0 | AJ45: =AH45-AI45 -> 0
A46: II | B46: WTG ELECTRICAL (USS, Trafo & 33kV)
A47: 1 | B47: USS Erection & Readiness | C47: PSS-8 | D47: =D45 -> 0 | E47: =SUM(K47,Q47,W47,AC47,AI47) -> 0 | F47: =D47-E47 -> 0 | J47: =J45 -> 0 | K47: =COUNTIFS('WTG PH-III'!$B$5:$B$198,$H$25,'WTG PH-III'!$C$5:$C$198,$I$25,'WTG PH-III'!$ED$5:$ED$198,">0") -> 0 | L47: =J47-K47 -> 0 | P47: =P45 -> 0 | Q47: =COUNTIFS('WTG PH-III'!$B$5:$B$198,$N$47,'WTG PH-III'!$C$5:$C$198,$O$47,'WTG PH-III'!$ED$5:$ED$198,">0") -> 0 | R47: =P47-Q47 -> 0 | AH47: =AH45 -> 0 | AI47: =COUNTIFS('WTG PH-III'!$B$5:$B$198,$AF$47,'WTG PH-III'!$C$5:$C$198,$AG$47,'WTG PH-III'!$ED$5:$ED$198,">0") -> 0 | AJ47: =AH47-AI47 -> 0
A48: 2 | B48: USS Testing | C48: PSS-8 | D48: =D47 -> 0 | E48: =SUM(K48,Q48,W48,AC48,AI48) -> 0 | F48: =D48-E48 -> 0 | J48: =J47 -> 0 | K48: =COUNTIFS('WTG PH-III'!$B$5:$B$198,$H$26,'WTG PH-III'!$C$5:$C$198,$I$26,'WTG PH-III'!$EY$5:$EY$198,">0") -> 0 | L48: =J48-K48 -> 0 | P48: =P47 -> 0 | Q48: =COUNTIFS('WTG PH-III'!$B$5:$B$198,$N$48,'WTG PH-III'!$C$5:$C$198,$O$48,'WTG PH-III'!$EY$5:$EY$198,">0") -> 0 | R48: =P48-Q48 -> 0 | AH48: =AH47 -> 0 | AI48: =COUNTIFS('WTG PH-III'!$B$5:$B$198,$AF$48,'WTG PH-III'!$C$5:$C$198,$AG$48,'WTG PH-III'!$EY$5:$EY$198,">0") -> 0 | AJ48: =AH48-AI48 -> 0
A49: I | B49: WTG CIVIL & MECH
A50: =ROW(A42) -> 42 | B50: Soil Test | C50: PSS-10 | D50: =SUM(J50,P50,V50,AB50,AH50) -> 0 | E50: =SUM(K50,Q50,W50,AC50,AI50) -> 0 | F50: =D50-E50 -> 0 | J50: =COUNTIFS('WTG PH-III'!$B$5:$B$198,$H$50,'WTG PH-III'!$C$5:$C$198,$I$50) -> 0 | K50: =COUNTIFS('WTG PH-III'!$B$5:$B$198,$H$50,'WTG PH-III'!$C$5:$C$198,$I$50,'WTG PH-III'!$P$5:$P$198,">0") -> 0 | L50: =J50-K50 -> 0
A51: =ROW(A43) -> 43 | B51: Stone Column Drawing's Status | C51: PSS-10 | D51: =D50 -> 0 | J51: =J50 -> 0
A52: =ROW(A44) -> 44 | B52: Stone Column | C52: PSS-10 | D52: =D51 -> 0 | E52: =SUM(K52,Q52,W52,AC52,AI52) -> 0 | F52: =D52-E52 -> 0 | J52: =J51 -> 0 | K52: =COUNTIFS('WTG PH-III'!$B$5:$B$198,$H$52,'WTG PH-III'!$C$5:$C$198,$I$52,'WTG PH-III'!$X$5:$X$198,">0") -> 0 | L52: =J52-K52 -> 0
A53: =ROW(A45) -> 45 | B53: Plateload test | C53: PSS-10 | D53: =D52 -> 0 | E53: =SUM(K53,Q53,W53,AC53,AI53) -> 0 | F53: =D53-E53 -> 0 | J53: =J52 -> 0 | K53: =COUNTIFS('WTG PH-III'!$B$5:$B$198,$H$53,'WTG PH-III'!$C$5:$C$198,$I$53,'WTG PH-III'!$AG$5:$AG$198,">0") -> 0 | L53: =J53-K53 -> 0
A54: =ROW(A49) -> 49 | B54: Excavation | C54: PSS-10 | D54: =D53 -> 0 | E54: =SUM(K54,Q54,W54,AC54,AI54) -> 0 | F54: =D54-E54 -> 0 | J54: =J53 -> 0 | K54: =COUNTIFS('WTG PH-III'!$B$5:$B$198,$H$54,'WTG PH-III'!$C$5:$C$198,$I$54,'WTG PH-III'!$AM$5:$AM$198,">0") -> 0 | L54: =J54-K54 -> 0
A55: =ROW(A50) -> 50 | B55: PCC | C55: PSS-10 | D55: =D54 -> 0 | E55: =SUM(K55,Q55,W55,AC55,AI55) -> 0 | F55: =D55-E55 -> 0 | J55: =J54 -> 0 | K55: =COUNTIFS('WTG PH-III'!$B$5:$B$198,$H$55,'WTG PH-III'!$C$5:$C$198,$I$55,'WTG PH-III'!$BA$5:$BA$198,">0") -> 0 | L55: =J55-K55 -> 0
A56: =ROW(A51) -> 51 | B56: Anchor Cage & Assembly | C56: PSS-10 | D56: =D55 -> 0 | E56: =SUM(K56,Q56,W56,AC56,AI56) -> 0 | F56: =D56-E56 -> 0 | J56: =J55 -> 0 | K56: =COUNTIFS('WTG PH-III'!$B$5:$B$198,$H$56,'WTG PH-III'!$C$5:$C$198,$I$56,'WTG PH-III'!$BH$5:$BH$198,">0") -> 0 | L56: =J56-K56 -> 0
A57: =ROW(A52) -> 52 | B57: Steel Binding works | C57: PSS-10 | D57: =D56 -> 0 | E57: =SUM(K57,Q57,W57,AC57,AI57) -> 0 | F57: =D57-E57 -> 0 | J57: =J56 -> 0 | K57: =COUNTIFS('WTG PH-III'!$B$5:$B$198,$H$57,'WTG PH-III'!$C$5:$C$198,$I$57,'WTG PH-III'!$BO$5:$BO$198,">0") -> 0 | L57: =J57-K57 -> 0
A58: =ROW(A53) -> 53 | B58: Raft Casting | C58: PSS-10 | D58: =D57 -> 0 | E58: =SUM(K58,Q58,W58,AC58,AI58) -> 0 | F58: =D58-E58 -> 0 | J58: =J57 -> 0 | K58: =COUNTIFS('WTG PH-III'!$B$5:$B$198,$H$58,'WTG PH-III'!$C$5:$C$198,$I$58,'WTG PH-III'!$BV$5:$BV$198,">0") -> 0 | L58: =J58-K58 -> 0
A59: =ROW(A54) -> 54 | B59: Backfilling | C59: PSS-10 | D59: =D58 -> 0 | E59: =SUM(K59,Q59,W59,AC59,AI59) -> 0 | F59: =D59-E59 -> 0 | J59: =J58 -> 0 | K59: =COUNTIFS('WTG PH-III'!$B$5:$B$198,$H$59,'WTG PH-III'!$C$5:$C$198,$I$59,'WTG PH-III'!$CD$5:$CD$198,">0") -> 0 | L59: =J59-K59 -> 0
A60: =ROW(A55) -> 55 | B60: Grouting | C60: PSS-10 | D60: =D59 -> 0 | E60: =SUM(K60,Q60,W60,AC60,AI60) -> 0 | F60: =D60-E60 -> 0 | J60: =J59 -> 0 | K60: =COUNTIFS('WTG PH-III'!$B$5:$B$198,$H$60,'WTG PH-III'!$C$5:$C$198,$I$60,'WTG PH-III'!$CK$5:$CK$198,">0") -> 0 | L60: =J60-K60 -> 0
A61: =ROW(A56) -> 56 | B61: USS & Transformer Foundation | C61: PSS-10 | D61: =D60 -> 0 | E61: =SUM(K61,Q61,W61,AC61,AI61) -> 0 | F61: =D61-E61 -> 0 | J61: =J60 -> 0 | K61: =COUNTIFS('WTG PH-III'!$B$5:$B$198,$H$61,'WTG PH-III'!$C$5:$C$198,$I$61,'WTG PH-III'!$CT$5:$CT$198,">0") -> 0 | L61: =J61-K61 -> 0
A62: =ROW(A57) -> 57 | B62: WTG Connecting Road | C62: PSS-10 | D62: =D61 -> 0 | E62: =SUM(K62,Q62,W62,AC62,AI62) -> 0 | F62: =D62-E62 -> 0 | J62: =J61 -> 0 | K62: =COUNTIFS('WTG PH-III'!$B$5:$B$198,$H$62,'WTG PH-III'!$C$5:$C$198,$I$62,'WTG PH-III'!$DA$5:$DA$198,">0") -> 0 | L62: =J62-K62 -> 0
A63: =ROW(A58) -> 58 | B63: Crane Pad | C63: PSS-10 | D63: =D62 -> 0 | E63: =SUM(K63,Q63,W63,AC63,AI63) -> 0 | F63: =D63-E63 -> 0 | J63: =J62 -> 0 | K63: =COUNTIFS('WTG PH-III'!$B$5:$B$198,$H$63,'WTG PH-III'!$C$5:$C$198,$I$63,'WTG PH-III'!$DP$5:$DP$198,">0") -> 0 | L63: =J63-K63 -> 0
A64: =ROW(A59) -> 59 | B64: WTG Erection | C64: PSS-10 | D64: =D63 -> 0 | E64: =SUM(K64,Q64,W64,AC64,AI64) -> 0 | F64: =D64-E64 -> 0 | J64: =J63 -> 0 | K64: =COUNTIFS('WTG PH-III'!$B$5:$B$198,$H$64,'WTG PH-III'!$C$5:$C$198,$I$64,'WTG PH-III'!$DW$5:$DW$198,">0") -> 0 | L64: =J64-K64 -> 0
A65: =ROW(A60) -> 60 | B65: MCC | C65: PSS-10 | D65: =D64 -> 0 | E65: =SUM(K65,Q65,W65,AC65,AI65) -> 0 | F65: =D65-E65 -> 0 | J65: =J64 -> 0 | K65: =COUNTIFS('WTG PH-III'!$B$5:$B$198,$H$65,'WTG PH-III'!$C$5:$C$198,$I$65,'WTG PH-III'!$EK$5:$EK$198,">0") -> 0 | L65: =J65-K65 -> 0
A66: =ROW(A61) -> 61 | B66: Pre-Comm | C66: PSS-10 | D66: =D65 -> 0 | E66: =SUM(K66,Q66,W66,AC66,AI66) -> 0 | F66: =D66-E66 -> 0 | J66: =J65 -> 0 | K66: =COUNTIFS('WTG PH-III'!$B$5:$B$198,$H$66,'WTG PH-III'!$C$5:$C$198,$I$66,'WTG PH-III'!$ER$5:$ER$198,">0") -> 0 | L66: =J66-K66 -> 0
A67: =ROW(A62) -> 62 | B67: WTG Commissioining | C67: PSS-10 | D67: =D66 -> 0 | E67: =SUM(K67,Q67,W67,AC67,AI67) -> 0 | F67: =D67-E67 -> 0 | J67: =J66 -> 0 | K67: =COUNTIFS('WTG PH-III'!$B$5:$B$198,$H$67,'WTG PH-III'!$C$5:$C$198,$I$67,'WTG PH-III'!$GA$5:$GA$198,">0") -> 0 | L67: =J67-K67 -> 0
A68: II | B68: WTG ELECTRICAL (USS, Trafo & 33kV) | C68: PSS-10
A69: 1 | B69: USS Erection & Readiness | C69: PSS-10 | D69: =D67 -> 0 | E69: =SUM(K69,Q47,W69,AC69,AI47) -> 0 | F69: =D69-E69 -> 0 | J69: =J67 -> 0 | K69: =COUNTIFS('WTG PH-III'!$B$5:$B$198,$H$69,'WTG PH-III'!$C$5:$C$198,$I$69,'WTG PH-III'!$ED$5:$ED$198,">0") -> 0 | L69: =J69-K69 -> 0
A70: 2 | B70: USS Testing | C70: PSS-10 | D70: =D69 -> 0 | E70: =SUM(K70,Q48,W70,AC70,AI48) -> 0 | F70: =D70-E70 -> 0 | J70: =J69 -> 0 | K70: =COUNTIFS('WTG PH-III'!$B$5:$B$198,$H$70,'WTG PH-III'!$C$5:$C$198,$I$70,'WTG PH-III'!$EY$5:$EY$198,">0") -> 0 | L70: =J70-K70 -> 0
AN82: 1080
AN83: 1260
AN84: 1950
AN85: 1320
AN86: 4880
AN87: =SUM(AN82:AN86) -> 10490
AN89: 1180
AN90: 2770

Sheet Sheet2
A1: WTG 243 | B1: WTG 230
A2: WTG 133 | B2: WTG 208
A3: WTG 405 | B3: WTG 186
A4: WTG 244 | B4: WTG 164
A5: WTG 327 | B5: WTG 141
A6: WTG 329 | B6: WTG 121
A7: WTG 233A | B7: WTG 123
A8: WTG 353 | B8: WTG 143
A9: WTG 354 | B9: WTG 144
A10: WTG 373 | B10: WTG 145
A11: WTG 377 | B11: WTG 400
A12: WTG 378 | B12: WTG 376
... A158: WTG 141 | B158: WTG 398
A159: WTG 164
A160: WTG 352
A161: WTG 186

Sheet SUMMARY
A1: ADANI GREEN ENERGY KHAVDA PH-III 194 WTGs (1008.8 MWac) | O1: Reporting Date | Q1: =Q2+1 -> 46081 | T1: 46076 | U1: =T1+6 -> 46082
O2: Progress Date | Q2: 46080
A3: S.No | B3: Description | C3: Total Scope | D3: Achieved | E3: Balance | G3: Weekly Plan (23-Feb'26 -01 -Mar'26) | K3: Monthly Plan | O3: Cumulative | S3: SPV
G4: Plan | H4: Achieved | I4: Balance | K4: Plan | L4: Achieved | M4: Balance | O4: Plan | P4: Achieved | Q4: Balance | S4: ARE3L | T4: ASEJ6PL | U4: AHEJ5L | V4: AGE25BL | W4: AGE25CL | X4: AGE26AL | Y4: AGE25CL | Z4: AGE26AL
A5: I | B5: WTG CIVIL & MECH | S5: PSS-08 | T5: PSS-08 | U5: PSS-05 | V5: PSS-09 | W5: PSS-11 | X5: PSS-12 | Y5: PSS-14 | Z5: PSS-14
A6: =ROW(A1) -> 1 | B6: Soil Test | C6: 194 | D6: 194 | E6: =C6-D6 -> 0 | G6: 0 | H6: 0 | I6: 0 | O6: 194 | P6: 194 | Q6: =O6-P6 -> 0 | S6: =COUNTIFS('WTG PH-III'!$P$5:$P$205,"Done",'WTG PH-III'!$C$5:$C$205,S$4,'WTG PH-III'!$B$5:$B$205,SUMMARY!S$5) -> 5 | T6: =COUNTIFS('WTG PH-III'!$P$5:$P$205,"Done",'WTG PH-III'!$C$5:$C$205,T$4,'WTG PH-III'!$B$5:$B$205,SUMMARY!T$5) -> 12 | U6: =COUNTIFS('WTG PH-III'!$P$5:$P$205,"Done",'WTG PH-III'!$C$5:$C$205,U$4,'WTG PH-III'!$B$5:$B$205,SUMMARY!U$5) -> 39 | V6: =COUNTIFS('WTG PH-III'!$P$5:$P$205,"Done",'WTG PH-III'!$C$5:$C$205,V$4,'WTG PH-III'!$B$5:$B$205,SUMMARY!V$5) -> 2 | W6: =COUNTIFS('WTG PH-III'!$P$5:$P$205,"Done",'WTG PH-III'!$C$5:$C$205,W$4,'WTG PH-III'!$B$5:$B$205,SUMMARY!W$5) -> 36 | X6: =COUNTIFS('WTG PH-III'!$P$5:$P$205,"Done",'WTG PH-III'!$C$5:$C$205,X$4,'WTG PH-III'!$B$5:$B$205,SUMMARY!X$5) -> 27 | Y6: =COUNTIFS('WTG PH-III'!$P$5:$P$205,"Done",'WTG PH-III'!$C$5:$C$205,Y$4,'WTG PH-III'!$B$5:$B$205,SUMMARY!Y$5) -> 13 | Z6: =COUNTIFS('WTG PH-III'!$P$5:$P$205,"Done",'WTG PH-III'!$C$5:$C$205,Z$4,'WTG PH-III'!$B$5:$B$205,SUMMARY!Z$5) -> 60 | AA6: =SUM(S6:Z6) -> 194 | AB6: =AA6=D6 -> TRUE
A7: =ROW(A2) -> 2 | B7: Stone Column Drawing's Status | C7: 194 | D7: =COUNTIF('Stone Column Progress'!G6:G199,'Stone Column Progress'!G6) -> 194 | E7: =C7-D7 -> 0 | G7: 0 | H7: 0 | I7: 0 | O7: 194 | P7: =D7 -> 194 | Q7: =O7-P7 -> 0 | S7: =COUNTIFS('Stone Column Progress'!$C$6:$C$199,SUMMARY!S$4,'Stone Column Progress'!$F$6:$F$199,SUMMARY!S$5,'Stone Column Progress'!$G$6:$G$199,"Released") -> 5 | T7: =COUNTIFS('Stone Column Progress'!$C$6:$C$199,SUMMARY!T$4,'Stone Column Progress'!$F$6:$F$199,SUMMARY!T$5,'Stone Column Progress'!$G$6:$G$199,"Released") -> 12 | U7: =COUNTIFS('Stone Column Progress'!$C$6:$C$199,SUMMARY!U$4,'Stone Column Progress'!$F$6:$F$199,SUMMARY!U$5,'Stone Column Progress'!$G$6:$G$199,"Released") -> 39 | V7: =COUNTIFS('Stone Column Progress'!$C$6:$C$199,SUMMARY!V$4,'Stone Column Progress'!$F$6:$F$199,SUMMARY!V$5,'Stone Column Progress'!$G$6:$G$199,"Released") -> 2 | W7: =COUNTIFS('Stone Column Progress'!$C$6:$C$199,SUMMARY!W$4,'Stone Column Progress'!$F$6:$F$199,SUMMARY!W$5,'Stone Column Progress'!$G$6:$G$199,"Released") -> 36 | X7: =COUNTIFS('Stone Column Progress'!$C$6:$C$199,SUMMARY!X$4,'Stone Column Progress'!$F$6:$F$199,SUMMARY!X$5,'Stone Column Progress'!$G$6:$G$199,"Released") -> 27 | Y7: =COUNTIFS('Stone Column Progress'!$C$6:$C$199,SUMMARY!Y$4,'Stone Column Progress'!$F$6:$F$199,SUMMARY!Y$5,'Stone Column Progress'!$G$6:$G$199,"Released") -> 13 | Z7: =COUNTIFS('Stone Column Progress'!$C$6:$C$199,SUMMARY!Z$4,'Stone Column Progress'!$F$6:$F$199,SUMMARY!Z$5,'Stone Column Progress'!$G$6:$G$199,"Released") -> 60
A8: =ROW(A3) -> 3 | B8: Stone Column | C8: 194 | D8: ='WTG PH-III'!X4 -> 192 | E8: =C8-D8 -> 2 | G8: =COUNTIFS('WTG PH-III'!$U$5:$U$198,">="&T1,'WTG PH-III'!$U$5:$U$198,"<="&U1) -> 0 | H8: =COUNTIFS('WTG PH-III'!$X$5:$X$198,">="&T1,'WTG PH-III'!$X$5:$X$198,"<="&U1) -> 0 | I8: =G8-H8 -> 0 | K8: 5 | L8: 2 | M8: =K8-L8 -> 3 | O8: =COUNTIFS('WTG PH-III'!$U$5:$U$198,">=8-feb-25",'WTG PH-III'!$U$5:$U$198,"<="&U1) -> 194 | P8: =COUNTIFS('WTG PH-III'!$X$5:$X$198,">=08-May-24",'WTG PH-III'!$X$5:$X$198,"<="&U1) -> 192 | Q8: =O8-P8 -> 2 | S8: =COUNTIFS('WTG PH-III'!$X$5:$X$205,">0",'WTG PH-III'!$C$5:$C$205,S$4,'WTG PH-III'!$B$5:$B$205,SUMMARY!S$5) -> 5 | T8: =COUNTIFS('WTG PH-III'!$X$5:$X$205,">0",'WTG PH-III'!$C$5:$C$205,T$4,'WTG PH-III'!$B$5:$B$205,SUMMARY!T$5) -> 12 | U8: =COUNTIFS('WTG PH-III'!$X$5:$X$205,">0",'WTG PH-III'!$C$5:$C$205,U$4,'WTG PH-III'!$B$5:$B$205,SUMMARY!U$5) -> 39 | V8: =COUNTIFS('WTG PH-III'!$X$5:$X$205,">0",'WTG PH-III'!$C$5:$C$205,V$4,'WTG PH-III'!$B$5:$B$205,SUMMARY!V$5) -> 2 | W8: =COUNTIFS('WTG PH-III'!$X$5:$X$205,">0",'WTG PH-III'!$C$5:$C$205,W$4,'WTG PH-III'!$B$5:$B$205,SUMMARY!W$5) -> 36 | X8: =COUNTIFS('WTG PH-III'!$X$5:$X$205,">0",'WTG PH-III'!$C$5:$C$205,X$4,'WTG PH-III'!$B$5:$B$205,SUMMARY!X$5) -> 27 | Y8: =COUNTIFS('WTG PH-III'!$X$5:$X$205,">0",'WTG PH-III'!$C$5:$C$205,Y$4,'WTG PH-III'!$B$5:$B$205,SUMMARY!Y$5) -> 13 | Z8: =COUNTIFS('WTG PH-III'!$X$5:$X$205,">0",'WTG PH-III'!$C$5:$C$205,Z$4,'WTG PH-III'!$B$5:$B$205,SUMMARY!Z$5) -> 58 | AA8: =SUM(S8:Z8) -> 192 | AB8: =AA8=D8 -> TRUE
A9: =ROW(A4) -> 4 | B9: Plateload test | C9: 63 | D9: ='WTG PH-III'!AG4 -> 61 | E9: =C9-D9 -> 2 | G9: 0 | H9: =COUNTIFS('WTG PH-III'!$AG$5:$AG$198,">="&T1,'WTG PH-III'!$AG$5:$AG$198,"<="&U1) -> 1 | I9: =G9-H9 -> -1 | K9: 7 | M9: 7 | O9: 63 | P9: =COUNTIFS('WTG PH-III'!$AG$5:$AG$198,">=08-Feb-25",'WTG PH-III'!$AG$5:$AG$198,"<="&U1) -> 57 | Q9: =O9-P9 -> 6 | S9: =COUNTIFS('WTG PH-III'!$AG$5:$AG$205,">0",'WTG PH-III'!$C$5:$C$205,S$4,'WTG PH-III'!$B$5:$B$205,SUMMARY!S$5) -> 1 | T9: =COUNTIFS('WTG PH-III'!$AG$5:$AG$205,">0",'WTG PH-III'!$C$5:$C$205,T$4,'WTG PH-III'!$B$5:$B$205,SUMMARY!T$5) -> 5 | U9: =(COUNTIFS('WTG PH-III'!$AG$5:$AG$205,">0",'WTG PH-III'!$C$5:$C$205,U$4,'WTG PH-III'!$B$5:$B$205,SUMMARY!U$5))+1 -> 10 | V9: =COUNTIFS('WTG PH-III'!$AG$5:$AG$205,">0",'WTG PH-III'!$C$5:$C$205,V$4,'WTG PH-III'!$B$5:$B$205,SUMMARY!V$5) -> 0 | W9: =COUNTIFS('WTG PH-III'!$AG$5:$AG$205,">0",'WTG PH-III'!$C$5:$C$205,W$4,'WTG PH-III'!$B$5:$B$205,SUMMARY!W$5) -> 12 | X9: =COUNTIFS('WTG PH-III'!$AG$5:$AG$205,">0",'WTG PH-III'!$C$5:$C$205,X$4,'WTG PH-III'!$B$5:$B$205,SUMMARY!X$5)+2 -> 10 | Y9: =COUNTIFS('WTG PH-III'!$AG$5:$AG$205,">0",'WTG PH-III'!$C$5:$C$205,Y$4,'WTG PH-III'!$B$5:$B$205,SUMMARY!Y$5) -> 5 | Z9: =COUNTIFS('WTG PH-III'!$AG$5:$AG$205,">0",'WTG PH-III'!$C$5:$C$205,Z$4,'WTG PH-III'!$B$5:$B$205,SUMMARY!Z$5) -> 17 | AA9: =SUM(S9:Z9) -> 60 | AB9: =AA9=D9 -> FALSE
A10: =ROW(A5) -> 5 | B10: Excavation | C10: 194 | D10: ='WTG PH-III'!AM4 -> 187 | E10: =C10-D10 -> 7 | G10: =COUNTIFS('WTG PH-III'!$AJ$5:$AJ$198,">="&T1,'WTG PH-III'!$AJ$5:$AJ$198,"<="&U1) -> 0 | H10: =COUNTIFS('WTG PH-III'!$AM$5:$AM$198,">="&T1,'WTG PH-III'!$AM$5:$AM$198,"<="&U1) -> 2 | I10: =G10-H10 -> -2 | K10: =COUNTIFS('WTG PH-III'!AJ5:AJ18,">=01-Apr-24",'WTG PH-III'!AJ5:AJ18,"<=30-Apr-24") -> 0 | M10: =K10-L10 -> 0 | O10: =COUNTIFS('WTG PH-III'!$AJ$5:$AJ$198,">=8-feb-25",'WTG PH-III'!$AJ$5:$AJ$198,"<="&U1) -> 194 | P10: =COUNTIFS('WTG PH-III'!$AM$5:$AM$198,">=08-Feb-25",'WTG PH-III'!$AM$5:$AM$198,"<="&U1) -> 187 | Q10: =O10-P10 -> 7 | S10: =COUNTIFS('WTG PH-III'!$AM$5:$AM$205,">0",'WTG PH-III'!$C$5:$C$205,S$4,'WTG PH-III'!$B$5:$B$205,SUMMARY!S$5) -> 5 | T10: =COUNTIFS('WTG PH-III'!$AM$5:$AM$205,">0",'WTG PH-III'!$C$5:$C$205,T$4,'WTG PH-III'!$B$5:$B$205,SUMMARY!T$5) -> 11 | U10: =COUNTIFS('WTG PH-III'!$AM$5:$AM$205,">0",'WTG PH-III'!$C$5:$C$205,U$4,'WTG PH-III'!$B$5:$B$205,SUMMARY!U$5) -> 39 | V10: =COUNTIFS('WTG PH-III'!$AM$5:$AM$205,">0",'WTG PH-III'!$C$5:$C$205,V$4,'WTG PH-III'!$B$5:$B$205,SUMMARY!V$5) -> 2 | W10: =COUNTIFS('WTG PH-III'!$AM$5:$AM$205,">0",'WTG PH-III'!$C$5:$C$205,W$4,'WTG PH-III'!$B$5:$B$205,SUMMARY!W$5) -> 36 | X10: =COUNTIFS('WTG PH-III'!$AM$5:$AM$205,">0",'WTG PH-III'!$C$5:$C$205,X$4,'WTG PH-III'!$B$5:$B$205,SUMMARY!X$5) -> 27 | Y10: =COUNTIFS('WTG PH-III'!$AM$5:$AM$205,">0",'WTG PH-III'!$C$5:$C$205,Y$4,'WTG PH-III'!$B$5:$B$205,SUMMARY!Y$5) -> 12 | Z10: =COUNTIFS('WTG PH-III'!$AM$5:$AM$205,">0",'WTG PH-III'!$C$5:$C$205,Z$4,'WTG PH-III'!$B$5:$B$205,SUMMARY!Z$5) -> 55 | AA10: =SUM(S10:Z10) -> 187 | AB10: =AA10=D10 -> TRUE
A11: =ROW(A6) -> 6 | B11: PCC | C11: 194 | D11: ='WTG PH-III'!BA4 -> 180 | E11: =C11-D11 -> 14 | G11: =COUNTIFS('WTG PH-III'!$AX$5:$AX$198,">="&T1,'WTG PH-III'!$AX$5:$AX$198,"<="&U1) -> 0 | H11: =COUNTIFS('WTG PH-III'!$BA$5:$BA$198,">="&T1,'WTG PH-III'!$BA$5:$BA$198,"<="&U1) -> 2 | I11: =G11-H11 -> -2 | K11: =COUNTIFS('WTG PH-III'!AX5:AX18,">=01-Apr-24",'WTG PH-III'!AX5:AX18,"<=30-Apr-24") -> 0 | M11: =K11-L11 -> 0 | O11: =COUNTIFS('WTG PH-III'!$AX$5:$AX$198,">=8-feb-25",'WTG PH-III'!$AX$5:$AX$198,"<="&U1) -> 194 | P11: =COUNTIFS('WTG PH-III'!$BA$5:$BA$198,">=08-Feb-25",'WTG PH-III'!$BA$5:$BA$198,"<="&U1) -> 180 | Q11: =O11-P11 -> 14 | S11: =COUNTIFS('WTG PH-III'!$BA$5:$BA$205,">0",'WTG PH-III'!$C$5:$C$205,S$4,'WTG PH-III'!$B$5:$B$205,SUMMARY!S$5) -> 5 | T11: =COUNTIFS('WTG PH-III'!$BA$5:$BA$205,">0",'WTG PH-III'!$C$5:$C$205,T$4,'WTG PH-III'!$B$5:$B$205,SUMMARY!T$5) -> 11 | U11: =COUNTIFS('WTG PH-III'!$BA$5:$BA$205,">0",'WTG PH-III'!$C$5:$C$205,U$4,'WTG PH-III'!$B$5:$B$205,SUMMARY!U$5) -> 39 | V11: =COUNTIFS('WTG PH-III'!$BA$5:$BA$205,">0",'WTG PH-III'!$C$5:$C$205,V$4,'WTG PH-III'!$B$5:$B$205,SUMMARY!V$5) -> 2 | W11: =COUNTIFS('WTG PH-III'!$BA$5:$BA$205,">0",'WTG PH-III'!$C$5:$C$205,W$4,'WTG PH-III'!$B$5:$B$205,SUMMARY!W$5) -> 36 | X11: =COUNTIFS('WTG PH-III'!$BA$5:$BA$205,">0",'WTG PH-III'!$C$5:$C$205,X$4,'WTG PH-III'!$B$5:$B$205,SUMMARY!X$5) -> 27 | Y11: =COUNTIFS('WTG PH-III'!$BA$5:$BA$205,">0",'WTG PH-III'!$C$5:$C$205,Y$4,'WTG PH-III'!$B$5:$B$205,SUMMARY!Y$5) -> 12 | Z11: =COUNTIFS('WTG PH-III'!$BA$5:$BA$205,">0",'WTG PH-III'!$C$5:$C$205,Z$4,'WTG PH-III'!$B$5:$B$205,SUMMARY!Z$5) -> 48 | AA11: =SUM(S11:Z11) -> 180 | AB11: =AA11=D11 -> TRUE
A12: =ROW(A7) -> 7 | B12: Anchor Cage & Assembly | C12: 194 | D12: ='WTG PH-III'!BH4 -> 177 | E12: =C12-D12 -> 17 | G12: =COUNTIFS('WTG PH-III'!$BE$5:$BE$198,">="&T1,'WTG PH-III'!$BE$5:$BE$198,"<="&U1) -> 0 | H12: =COUNTIFS('WTG PH-III'!$BH$5:$BH$198,">="&T1,'WTG PH-III'!$BH$5:$BH$198,"<="&U1) -> 3 | I12: =G12-H12 -> -3 | K12: =COUNTIFS('WTG PH-III'!BE5:BE18,">=01-Apr-24",'WTG PH-III'!BE5:BE18,"<=30-Apr-24") -> 0 | M12: =K12-L12 -> 0 | O12: =COUNTIFS('WTG PH-III'!$BE$5:$BE$198,">=8-feb-25",'WTG PH-III'!$BE$5:$BE$198,"<="&U1) -> 194 | P12: =COUNTIFS('WTG PH-III'!$BH$5:$BH$198,">=08-Feb-25",'WTG PH-III'!$BH$5:$BH$198,"<="&U1) -> 177 | Q12: =O12-P12 -> 17 | S12: =COUNTIFS('WTG PH-III'!$BH$5:$BH$205,">0",'WTG PH-III'!$C$5:$C$205,S$4,'WTG PH-III'!$B$5:$B$205,SUMMARY!S$5) -> 5 | T12: =COUNTIFS('WTG PH-III'!$BH$5:$BH$205,">0",'WTG PH-III'!$C$5:$C$205,T$4,'WTG PH-III'!$B$5:$B$205,SUMMARY!T$5) -> 11 | U12: =COUNTIFS('WTG PH-III'!$BH$5:$BH$205,">0",'WTG PH-III'!$C$5:$C$205,U$4,'WTG PH-III'!$B$5:$B$205,SUMMARY!U$5) -> 39 | V12: =COUNTIFS('WTG PH-III'!$BH$5:$BH$205,">0",'WTG PH-III'!$C$5:$C$205,V$4,'WTG PH-III'!$B$5:$B$205,SUMMARY!V$5) -> 2 | W12: =COUNTIFS('WTG PH-III'!$BH$5:$BH$205,">0",'WTG PH-III'!$C$5:$C$205,W$4,'WTG PH-III'!$B$5:$B$205,SUMMARY!W$5) -> 36 | X12: =COUNTIFS('WTG PH-III'!$BH$5:$BH$205,">0",'WTG PH-III'!$C$5:$C$205,X$4,'WTG PH-III'!$B$5:$B$205,SUMMARY!X$5) -> 27 | Y12: =COUNTIFS('WTG PH-III'!$BH$5:$BH$205,">0",'WTG PH-III'!$C$5:$C$205,Y$4,'WTG PH-III'!$B$5:$B$205,SUMMARY!Y$5) -> 12 | Z12: =COUNTIFS('WTG PH-III'!$BH$5:$BH$205,">0",'WTG PH-III'!$C$5:$C$205,Z$4,'WTG PH-III'!$B$5:$B$205,SUMMARY!Z$5) -> 45 | AA12: =SUM(S12:Z12) -> 177 | AB12: =AA12=D12 -> TRUE
A13: =ROW(A8) -> 8 | B13: Steel Binding works | C13: 194 | D13: ='WTG PH-III'!BO4 -> 173 | E13: =C13-D13 -> 21 | G13: =COUNTIFS('WTG PH-III'!$BL$5:$BL$198,">="&T1,'WTG PH-III'!$BL$5:$BL$198,"<="&U1) -> 0 | H13: =COUNTIFS('WTG PH-III'!BO5:BO198,">="&T1,'WTG PH-III'!BO5:BO198,"<="&U1) -> 3 | I13: =G13-H13 -> -3 | K13: =COUNTIFS('WTG PH-III'!BL5:BL18,">=01-Apr-24",'WTG PH-III'!BL5:BL18,"<=30-Apr-24") -> 0 | M13: =K13-L13 -> 0 | O13: =COUNTIFS('WTG PH-III'!$BL$5:$BL$198,">=8-feb-25",'WTG PH-III'!$BL$5:$BL$198,"<="&U1) -> 194 | P13: =COUNTIFS('WTG PH-III'!$BO$5:$BO$198,">=08-Feb-25",'WTG PH-III'!$BO$5:$BO$198,"<="&U1) -> 173 | Q13: =O13-P13 -> 21 | S13: =COUNTIFS('WTG PH-III'!$BO$5:$BO$205,">0",'WTG PH-III'!$C$5:$C$205,S$4,'WTG PH-III'!$B$5:$B$205,SUMMARY!S$5) -> 5 | T13: =COUNTIFS('WTG PH-III'!$BO$5:$BO$205,">0",'WTG PH-III'!$C$5:$C$205,T$4,'WTG PH-III'!$B$5:$B$205,SUMMARY!T$5) -> 10 | U13: =COUNTIFS('WTG PH-III'!$BO$5:$BO$205,">0",'WTG PH-III'!$C$5:$C$205,U$4,'WTG PH-III'!$B$5:$B$205,SUMMARY!U$5) -> 39 | V13: =COUNTIFS('WTG PH-III'!$BO$5:$BO$205,">0",'WTG PH-III'!$C$5:$C$205,V$4,'WTG PH-III'!$B$5:$B$205,SUMMARY!V$5) -> 2 | W13: =COUNTIFS('WTG PH-III'!$BO$5:$BO$205,">0",'WTG PH-III'!$C$5:$C$205,W$4,'WTG PH-III'!$B$5:$B$205,SUMMARY!W$5) -> 36 | X13: =COUNTIFS('WTG PH-III'!$BO$5:$BO$205,">0",'WTG PH-III'!$C$5:$C$205,X$4,'WTG PH-III'!$B$5:$B$205,SUMMARY!X$5) -> 27 | Y13: =COUNTIFS('WTG PH-III'!$BO$5:$BO$205,">0",'WTG PH-III'!$C$5:$C$205,Y$4,'WTG PH-III'!$B$5:$B$205,SUMMARY!Y$5) -> 12 | Z13: =COUNTIFS('WTG PH-III'!$BO$5:$BO$205,">0",'WTG PH-III'!$C$5:$C$205,Z$4,'WTG PH-III'!$B$5:$B$205,SUMMARY!Z$5) -> 42 | AA13: =SUM(S13:Z13) -> 173 | AB13: =AA13=D13 -> TRUE
A14: =ROW(A9) -> 9 | B14: Raft Casting | C14: 194 | D14: ='WTG PH-III'!BV4 -> 172 | E14: =C14-D14 -> 22 | G14: =COUNTIFS('WTG PH-III'!$BS$5:$BS$198,">="&T1,'WTG PH-III'!$BS$5:$BS$198,"<="&U1) -> 0 | H14: =COUNTIFS('WTG PH-III'!$BV$5:$BV$198,">="&T1,'WTG PH-III'!$BV$5:$BV$198,"<="&U1) -> 6 | I14: =G14-H14 -> -6 | K14: =COUNTIFS('WTG PH-III'!BS5:BS18,">=01-Apr-24",'WTG PH-III'!BS5:BS18,"<=30-Apr-24") -> 0 | M14: =K14-L14 -> 0 | O14: =COUNTIFS('WTG PH-III'!$BS$5:$BS$198,">=8-feb-25",'WTG PH-III'!$BS$5:$BS$198,"<="&U1) -> 194 | P14: =COUNTIFS('WTG PH-III'!$BV$5:$BV$198,">=08-Feb-25",'WTG PH-III'!$BV$5:$BV$198,"<="&U1) -> 172 | Q14: =O14-P14 -> 22 | S14: =COUNTIFS('WTG PH-III'!$BV$5:$BV$205,">0",'WTG PH-III'!$C$5:$C$205,S$4,'WTG PH-III'!$B$5:$B$205,SUMMARY!S$5) -> 5 | T14: =COUNTIFS('WTG PH-III'!$BV$5:$BV$205,">0",'WTG PH-III'!$C$5:$C$205,T$4,'WTG PH-III'!$B$5:$B$205,SUMMARY!T$5) -> 10 | U14: =COUNTIFS('WTG PH-III'!$BV$5:$BV$205,">0",'WTG PH-III'!$C$5:$C$205,U$4,'WTG PH-III'!$B$5:$B$205,SUMMARY!U$5) -> 39 | V14: =COUNTIFS('WTG PH-III'!$BV$5:$BV$205,">0",'WTG PH-III'!$C$5:$C$205,V$4,'WTG PH-III'!$B$5:$B$205,SUMMARY!V$5) -> 2 | W14: =COUNTIFS('WTG PH-III'!$BV$5:$BV$205,">0",'WTG PH-III'!$C$5:$C$205,W$4,'WTG PH-III'!$B$5:$B$205,SUMMARY!W$5) -> 36 | X14: =COUNTIFS('WTG PH-III'!$BV$5:$BV$205,">0",'WTG PH-III'!$C$5:$C$205,X$4,'WTG PH-III'!$B$5:$B$205,SUMMARY!X$5) -> 27 | Y14: =COUNTIFS('WTG PH-III'!$BV$5:$BV$205,">0",'WTG PH-III'!$C$5:$C$205,Y$4,'WTG PH-III'!$B$5:$B$205,SUMMARY!Y$5) -> 12 | Z14: =COUNTIFS('WTG PH-III'!$BV$5:$BV$205,">0",'WTG PH-III'!$C$5:$C$205,Z$4,'WTG PH-III'!$B$5:$B$205,SUMMARY!Z$5) -> 41 | AA14: =SUM(S14:Z14) -> 172 | AB14: =AA14=D14 -> TRUE
A15: =ROW(A10) -> 10 | B15: Backfilling | C15: 194 | D15: ='WTG PH-III'!CD4 -> 76 | E15: =C15-D15 -> 118 | G15: =COUNTIFS('WTG PH-III'!$CA$5:$CA$198,">="&T1,'WTG PH-III'!$CA$5:$CA$198,"<="&U1) -> 0 | H15: =COUNTIFS('WTG PH-III'!$CD$5:$CD$198,">="&T1,'WTG PH-III'!$CD$5:$CD$198,"<="&U1) -> 1 | I15: =G15-H15 -> -1 | K15: =COUNTIFS('WTG PH-III'!CA5:CA18,">=01-Apr-24",'WTG PH-III'!CA5:CA18,"<=30-Apr-24") -> 0 | M15: =K15-L15 -> 0 | O15: =COUNTIFS('WTG PH-III'!$CA$5:$CA$198,">=8-feb-25",'WTG PH-III'!$CA$5:$CA$198,"<="&U1) -> 194 | P15: =COUNTIFS('WTG PH-III'!$CD$5:$CD$198,">=08-Feb-25",'WTG PH-III'!$CD$5:$CD$198,"<="&U1) -> 76 | Q15: =O15-P15 -> 118 | S15: =COUNTIFS('WTG PH-III'!$CD$5:$CD$205,">0",'WTG PH-III'!$C$5:$C$205,S$4,'WTG PH-III'!$B$5:$B$205,SUMMARY!S$5) -> 5 | T15: =COUNTIFS('WTG PH-III'!$CD$5:$CD$205,">0",'WTG PH-III'!$C$5:$C$205,T$4,'WTG PH-III'!$B$5:$B$205,SUMMARY!T$5) -> 6 | U15: =COUNTIFS('WTG PH-III'!$CD$5:$CD$205,">0",'WTG PH-III'!$C$5:$C$205,U$4,'WTG PH-III'!$B$5:$B$205,SUMMARY!U$5) -> 26 | V15: =COUNTIFS('WTG PH-III'!$CD$5:$CD$205,">0",'WTG PH-III'!$C$5:$C$205,V$4,'WTG PH-III'!$B$5:$B$205,SUMMARY!V$5) -> 0 | W15: =COUNTIFS('WTG PH-III'!$CD$5:$CD$205,">0",'WTG PH-III'!$C$5:$C$205,W$4,'WTG PH-III'!$B$5:$B$205,SUMMARY!W$5) -> 29 | X15: =COUNTIFS('WTG PH-III'!$CD$5:$CD$205,">0",'WTG PH-III'!$C$5:$C$205,X$4,'WTG PH-III'!$B$5:$B$205,SUMMARY!X$5) -> 8 | Y15: =COUNTIFS('WTG PH-III'!$CD$5:$CD$205,">0",'WTG PH-III'!$C$5:$C$205,Y$4,'WTG PH-III'!$B$5:$B$205,SUMMARY!Y$5) -> 2 | Z15: =COUNTIFS('WTG PH-III'!$CD$5:$CD$205,">0",'WTG PH-III'!$C$5:$C$205,Z$4,'WTG PH-III'!$B$5:$B$205,SUMMARY!Z$5) -> 0 | AA15: =COUNTIFS('WTG PH-III'!$CD$5:$CD$201,">0",'WTG PH-III'!$C$5:$C$205,AA$4,'WTG PH-III'!$B$5:$B$205,SUMMARY!AA$5) -> #VALUE! | AB15: =COUNTIFS('WTG PH-III'!$CD$5:$CD$201,">0",'WTG PH-III'!$C$5:$C$205,AB$4,'WTG PH-III'!$B$5:$B$205,SUMMARY!AB$5) -> #VALUE!
A16: =ROW(A11) -> 11 | B16: Grouting | C16: 194 | D16: ='WTG PH-III'!CK4 -> 163 | E16: =C16-D16 -> 31 | G16: =COUNTIFS('WTG PH-III'!$CH$5:$CH$198,">="&T1,'WTG PH-III'!$CH$5:$CH$198,"<="&U1) -> 0 | H16: =COUNTIFS('WTG PH-III'!$CK$5:$CK$198,">="&T1,'WTG PH-III'!$CK$5:$CK$198,"<="&U1) -> 7 | I16: =G16-H16 -> -7 | K16: =COUNTIFS('WTG PH-III'!CH5:CH18,">=01-Apr-24",'WTG PH-III'!CH5:CH18,"<=30-Apr-24") -> 0 | M16: =K16-L16 -> 0 | O16: =COUNTIFS('WTG PH-III'!$CH$5:$CH$198,">=8-feb-25",'WTG PH-III'!$CH$5:$CH$198,"<="&U1) -> 194 | P16: =COUNTIFS('WTG PH-III'!$CK$5:$CK$198,">=08-Feb-25",'WTG PH-III'!$CK$5:$CK$198,"<="&U1) -> 163 | Q16: =O16-P16 -> 31 | S16: =COUNTIFS('WTG PH-III'!$CK$5:$CK$205,">0",'WTG PH-III'!$C$5:$C$205,S$4,'WTG PH-III'!$B$5:$B$205,SUMMARY!S$5) -> 5 | T16: =COUNTIFS('WTG PH-III'!$CK$5:$CK$205,">0",'WTG PH-III'!$C$5:$C$205,T$4,'WTG PH-III'!$B$5:$B$205,SUMMARY!T$5) -> 10 | U16: =COUNTIFS('WTG PH-III'!$CK$5:$CK$205,">0",'WTG PH-III'!$C$5:$C$205,U$4,'WTG PH-III'!$B$5:$B$205,SUMMARY!U$5) -> 39 | V16: =COUNTIFS('WTG PH-III'!$CK$5:$CK$205,">0",'WTG PH-III'!$C$5:$C$205,V$4,'WTG PH-III'!$B$5:$B$205,SUMMARY!V$5) -> 2 | W16: =COUNTIFS('WTG PH-III'!$CK$5:$CK$205,">0",'WTG PH-III'!$C$5:$C$205,W$4,'WTG PH-III'!$B$5:$B$205,SUMMARY!W$5) -> 36 | X16: =COUNTIFS('WTG PH-III'!$CK$5:$CK$205,">0",'WTG PH-III'!$C$5:$C$205,X$4,'WTG PH-III'!$B$5:$B$205,SUMMARY!X$5) -> 27 | Y16: =COUNTIFS('WTG PH-III'!$CK$5:$CK$205,">0",'WTG PH-III'!$C$5:$C$205,Y$4,'WTG PH-III'!$B$5:$B$205,SUMMARY!Y$5) -> 11 | Z16: =COUNTIFS('WTG PH-III'!$CK$5:$CK$205,">0",'WTG PH-III'!$C$5:$C$205,Z$4,'WTG PH-III'!$B$5:$B$205,SUMMARY!Z$5) -> 33 | AA16: =SUM(S16:Z16) -> 163 | AB16: =AA16=D16 -> TRUE
A17: =ROW(A12) -> 12 | B17: USS & Transformer Foundation | C17: 194 | D17: ='WTG PH-III'!CT4 -> 148 | E17: =C17-D17 -> 46 | G17: =COUNTIFS('WTG PH-III'!$CQ$5:$CQ$198,">="&T1,'WTG PH-III'!$CQ$5:$CQ$198,"<="&U1) -> 0 | H17: =COUNTIFS('WTG PH-III'!$CT$5:$CT$198,">="&T1,'WTG PH-III'!$CT$5:$CT$198,"<="&U1) -> 7 | I17: =G17-H17 -> -7 | K17: =COUNTIFS('WTG PH-III'!CQ5:CQ18,">=01-Apr-24",'WTG PH-III'!CQ5:CQ18,"<=30-Apr-24") -> 0 | M17: =K17-L17 -> 0 | O17: =COUNTIFS('WTG PH-III'!$CQ$5:$CQ$198,">=8-feb-25",'WTG PH-III'!$CQ$5:$CQ$198,"<="&U1) -> 194 | P17: =COUNTIFS('WTG PH-III'!$CT$5:$CT$198,">=08-Feb-25",'WTG PH-III'!$CT$5:$CT$198,"<="&U1) -> 148 | Q17: =O17-P17 -> 46 | S17: =COUNTIFS('WTG PH-III'!$CT$5:$CT$205,">0",'WTG PH-III'!$C$5:$C$205,S$4,'WTG PH-III'!$B$5:$B$205,SUMMARY!S$5) -> 5 | T17: =COUNTIFS('WTG PH-III'!$CT$5:$CT$205,">0",'WTG PH-III'!$C$5:$C$205,T$4,'WTG PH-III'!$B$5:$B$205,SUMMARY!T$5) -> 10 | U17: =COUNTIFS('WTG PH-III'!$CT$5:$CT$205,">0",'WTG PH-III'!$C$5:$C$205,U$4,'WTG PH-III'!$B$5:$B$205,SUMMARY!U$5) -> 39 | V17: =COUNTIFS('WTG PH-III'!$CT$5:$CT$205,">0",'WTG PH-III'!$C$5:$C$205,V$4,'WTG PH-III'!$B$5:$B$205,SUMMARY!V$5) -> 2 | W17: =COUNTIFS('WTG PH-III'!$CT$5:$CT$205,">0",'WTG PH-III'!$C$5:$C$205,W$4,'WTG PH-III'!$B$5:$B$205,SUMMARY!W$5) -> 36 | X17: =COUNTIFS('WTG PH-III'!$CT$5:$CT$205,">0",'WTG PH-III'!$C$5:$C$205,X$4,'WTG PH-III'!$B$5:$B$205,SUMMARY!X$5) -> 27 | Y17: =COUNTIFS('WTG PH-III'!$CT$5:$CT$205,">0",'WTG PH-III'!$C$5:$C$205,Y$4,'WTG PH-III'!$B$5:$B$205,SUMMARY!Y$5) -> 12 | Z17: =COUNTIFS('WTG PH-III'!$CT$5:$CT$205,">0",'WTG PH-III'!$C$5:$C$205,Z$4,'WTG PH-III'!$B$5:$B$205,SUMMARY!Z$5) -> 17 | AA17: =SUM(S17:Z17) -> 148 | AB17: =AA17=D17 -> TRUE
A18: =ROW(A13) -> 13 | B18: WTG Connecting Road | C18: 194 | D18: ='WTG PH-III'!DA4 -> 193 | E18: =C18-D18 -> 1 | G18: =COUNTIFS('WTG PH-III'!$CX$5:$CX$199,">="&T1,'WTG PH-III'!$CX$5:$CX$199,"<="&U1) -> 0 | H18: =COUNTIFS('WTG PH-III'!$DA$5:$DA$199,">="&T1,'WTG PH-III'!$DA$5:$DA$199,"<="&U1) -> 0 | I18: =G18-H18 -> 0 | O18: =COUNTIFS('WTG PH-III'!$CX$5:$CX$198,">=8-feb-25",'WTG PH-III'!$CX$5:$CX$198,"<="&U1) -> 194 | P18: =COUNTIFS('WTG PH-III'!$DA$5:$DA$198,">=08-Feb-25",'WTG PH-III'!$DA$5:$DA$198,"<="&U1)+COUNTIFS('WTG PH-III'!DA5:DA198,"Done") -> 193 | Q18: =O18-P18 -> 1 | S18: =COUNTIFS('WTG PH-III'!$DA$5:$DA$205,">0",'WTG PH-III'!$C$5:$C$205,S$4,'WTG PH-III'!$B$5:$B$205,SUMMARY!S$5) -> 5 | T18: =COUNTIFS('WTG PH-III'!$DA$5:$DA$205,">0",'WTG PH-III'!$C$5:$C$205,T$4,'WTG PH-III'!$B$5:$B$205,SUMMARY!T$5) -> 10 | U18: =COUNTIFS('WTG PH-III'!$DA$5:$DA$205,">0",'WTG PH-III'!$C$5:$C$205,U$4,'WTG PH-III'!$B$5:$B$205,SUMMARY!U$5)+COUNTIFS('WTG PH-III'!$DA$5:$DA$205,"Done",'WTG PH-III'!$C$5:$C$205,U$4,'WTG PH-III'!$B$5:$B$205,SUMMARY!U$5) -> 39 | V18: =COUNTIFS('WTG PH-III'!$DA$5:$DA$205,">0",'WTG PH-III'!$C$5:$C$205,V$4,'WTG PH-III'!$B$5:$B$205,SUMMARY!V$5) -> 1 | W18: =COUNTIFS('WTG PH-III'!$DA$5:$DA$205,">0",'WTG PH-III'!$C$5:$C$205,W$4,'WTG PH-III'!$B$5:$B$205,SUMMARY!W$5) -> 32 | X18: =COUNTIFS('WTG PH-III'!$DA$5:$DA$205,">0",'WTG PH-III'!$C$5:$C$205,X$4,'WTG PH-III'!$B$5:$B$205,SUMMARY!X$5) -> 17 | Y18: =COUNTIFS('WTG PH-III'!$DA$5:$DA$205,">0",'WTG PH-III'!$C$5:$C$205,Y$4,'WTG PH-III'!$B$5:$B$205,SUMMARY!Y$5) -> 5 | Z18: =COUNTIFS('WTG PH-III'!$DA$5:$DA$205,">0",'WTG PH-III'!$C$5:$C$205,Z$4,'WTG PH-III'!$B$5:$B$205,SUMMARY!Z$5) -> 20 | AA18: =SUM(S18:Z18) -> 129 | AB18: =AA18=D18 -> FALSE
A19: =ROW(A14) -> 14 | B19: Crane Pad | C19: 194 | D19: ='WTG PH-III'!DP4 -> 153 | E19: =C19-D19 -> 41 | G19: =COUNTIFS('WTG PH-III'!$DM$5:$DM$199,">="&T1,'WTG PH-III'!$DM$5:$DM$199,"<="&U1) -> 0 | H19: =COUNTIFS('WTG PH-III'!$DP$5:$DP$199,">="&T1,'WTG PH-III'!$DP$5:$DP$199,"<="&U1) -> 8 | I19: =G19-H19 -> -8 | O19: =COUNTIFS('WTG PH-III'!$DM$5:$DM$198,">=8-feb-25",'WTG PH-III'!$DM$5:$DM$198,"<="&U1) -> 194 | P19: =COUNTIFS('WTG PH-III'!$DP$5:$DP$198,">=08-Feb-25",'WTG PH-III'!$DP$5:$DP$198,"<="&U1) -> 153 | Q19: =O19-P19 -> 41 | S19: =COUNTIFS('WTG PH-III'!$DP$5:$DP$205,">0",'WTG PH-III'!$C$5:$C$205,S$4,'WTG PH-III'!$B$5:$B$205,SUMMARY!S$5) -> 5 | T19: =COUNTIFS('WTG PH-III'!$DP$5:$DP$205,">0",'WTG PH-III'!$C$5:$C$205,T$4,'WTG PH-III'!$B$5:$B$205,SUMMARY!T$5) -> 11 | U19: =COUNTIFS('WTG PH-III'!$DP$5:$DP$205,">0",'WTG PH-III'!$C$5:$C$205,U$4,'WTG PH-III'!$B$5:$B$205,SUMMARY!U$5) -> 39 | V19: =COUNTIFS('WTG PH-III'!$DP$5:$DP$205,">0",'WTG PH-III'!$C$5:$C$205,V$4,'WTG PH-III'!$B$5:$B$205,SUMMARY!V$5) -> 2 | W19: =COUNTIFS('WTG PH-III'!$DP$5:$DP$205,">0",'WTG PH-III'!$C$5:$C$205,W$4,'WTG PH-III'!$B$5:$B$205,SUMMARY!W$5) -> 36 | X19: =COUNTIFS('WTG PH-III'!$DP$5:$DP$205,">0",'WTG PH-III'!$C$5:$C$205,X$4,'WTG PH-III'!$B$5:$B$205,SUMMARY!X$5) -> 27 | Y19: =COUNTIFS('WTG PH-III'!$DP$5:$DP$205,">0",'WTG PH-III'!$C$5:$C$205,Y$4,'WTG PH-III'!$B$5:$B$205,SUMMARY!Y$5) -> 11 | Z19: =COUNTIFS('WTG PH-III'!$DP$5:$DP$205,">0",'WTG PH-III'!$C$5:$C$205,Z$4,'WTG PH-III'!$B$5:$B$205,SUMMARY!Z$5) -> 22 | AA19: =SUM(S19:Z19) -> 153 | AB19: =AA19=D19 -> TRUE
A20: =ROW(A15) -> 15 | B20: WTG Erection | C20: 194 | D20: ='WTG PH-III'!DW4 -> 119 | E20: =C20-D20 -> 75 | G20: =COUNTIFS('WTG PH-III'!$DT$5:$DT$199,">="&T1,'WTG PH-III'!$DT$5:$DT$199,"<="&U1) -> 10 | H20: =COUNTIFS('WTG PH-III'!$DW$5:$DW$198,">="&T1,'WTG PH-III'!$DW$5:$DW$198,"<="&U1) -> 4 | I20: =G20-H20 -> 6 | M20: =K20-L20 -> 0 | O20: =COUNTIFS('WTG PH-III'!$DT$5:$DT$198,">=8-feb-25",'WTG PH-III'!$DT$5:$DT$198,"<="&U1) -> 194 | P20: =COUNTIFS('WTG PH-III'!$DW$5:$DW$198,">=08-Feb-25",'WTG PH-III'!$DW$5:$DW$198,"<="&U1) -> 119 | Q20: =O20-P20 -> 75 | S20: =COUNTIFS('WTG PH-III'!$DW$5:$DW$205,">0",'WTG PH-III'!$C$5:$C$205,S$4,'WTG PH-III'!$B$5:$B$205,SUMMARY!S$5) -> 5 | T20: =COUNTIFS('WTG PH-III'!$DW$5:$DW$205,">0",'WTG PH-III'!$C$5:$C$205,T$4,'WTG PH-III'!$B$5:$B$205,SUMMARY!T$5) -> 9 | U20: =COUNTIFS('WTG PH-III'!$DW$5:$DW$205,">0",'WTG PH-III'!$C$5:$C$205,U$4,'WTG PH-III'!$B$5:$B$205,SUMMARY!U$5) -> 39 | V20: =COUNTIFS('WTG PH-III'!$DW$5:$DW$205,">0",'WTG PH-III'!$C$5:$C$205,V$4,'WTG PH-III'!$B$5:$B$205,SUMMARY!V$5) -> 2 | W20: =COUNTIFS('WTG PH-III'!$DW$5:$DW$205,">0",'WTG PH-III'!$C$5:$C$205,W$4,'WTG PH-III'!$B$5:$B$205,SUMMARY!W$5) -> 36 | X20: =COUNTIFS('WTG PH-III'!$DW$5:$DW$205,">0",'WTG PH-III'!$C$5:$C$205,X$4,'WTG PH-III'!$B$5:$B$205,SUMMARY!X$5) -> 23 | Y20: =COUNTIFS('WTG PH-III'!$DW$5:$DW$205,">0",'WTG PH-III'!$C$5:$C$205,Y$4,'WTG PH-III'!$B$5:$B$205,SUMMARY!Y$5) -> 5 | Z20: =COUNTIFS('WTG PH-III'!$DW$5:$DW$205,">0",'WTG PH-III'!$C$5:$C$205,Z$4,'WTG PH-III'!$B$5:$B$205,SUMMARY!Z$5) -> 0 | AA20: =SUM(S20:Z20) -> 119 | AB20: =AA20=D20 -> TRUE
A21: =ROW(A16) -> 16 | B21: MCC | C21: 194 | D21: ='WTG PH-III'!EK4 -> 113 | E21: =C21-D21 -> 81 | G21: =COUNTIFS('WTG PH-III'!$EH$5:$EH$198,">="&T1,'WTG PH-III'!$EH$5:$EH$198,"<="&U1) -> 9 | H21: =COUNTIFS('WTG PH-III'!$EK$5:$EK$198,">="&T1,'WTG PH-III'!$EK$5:$EK$198,"<="&U1) -> 7 | I21: =G21-H21 -> 2 | M21: =K21-L21 -> 0 | O21: =COUNTIFS('WTG PH-III'!$EH$5:$EH$198,">=8-feb-25",'WTG PH-III'!$EH$5:$EH$198,"<="&U1) -> 184 | P21: =COUNTIFS('WTG PH-III'!$EK$5:$EK$198,">=08-Feb-25",'WTG PH-III'!$EK$5:$EK$198,"<="&U1) -> 113 | Q21: =O21-P21 -> 71 | S21: =COUNTIFS('WTG PH-III'!$EK$5:$EK$205,">0",'WTG PH-III'!$C$5:$C$205,S$4,'WTG PH-III'!$B$5:$B$205,SUMMARY!S$5) -> 5 | T21: =COUNTIFS('WTG PH-III'!$EK$5:$EK$205,">0",'WTG PH-III'!$C$5:$C$205,T$4,'WTG PH-III'!$B$5:$B$205,SUMMARY!T$5) -> 8 | U21: =COUNTIFS('WTG PH-III'!$EK$5:$EK$205,">0",'WTG PH-III'!$C$5:$C$205,U$4,'WTG PH-III'!$B$5:$B$205,SUMMARY!U$5) -> 39 | V21: =COUNTIFS('WTG PH-III'!$EK$5:$EK$205,">0",'WTG PH-III'!$C$5:$C$205,V$4,'WTG PH-III'!$B$5:$B$205,SUMMARY!V$5) -> 2 | W21: =COUNTIFS('WTG PH-III'!$EK$5:$EK$205,">0",'WTG PH-III'!$C$5:$C$205,W$4,'WTG PH-III'!$B$5:$B$205,SUMMARY!W$5) -> 36 | X21: =COUNTIFS('WTG PH-III'!$EK$5:$EK$205,">0",'WTG PH-III'!$C$5:$C$205,X$4,'WTG PH-III'!$B$5:$B$205,SUMMARY!X$5) -> 20 | Y21: =COUNTIFS('WTG PH-III'!$EK$5:$EK$205,">0",'WTG PH-III'!$C$5:$C$205,Y$4,'WTG PH-III'!$B$5:$B$205,SUMMARY!Y$5) -> 3 | Z21: =COUNTIFS('WTG PH-III'!$EK$5:$EK$205,">0",'WTG PH-III'!$C$5:$C$205,Z$4,'WTG PH-III'!$B$5:$B$205,SUMMARY!Z$5) -> 0 | AA21: =SUM(S21:Z21) -> 113 | AB21: =AA21=D21 -> TRUE
A22: =ROW(A17) -> 17 | B22: Pre-Comm | C22: 194 | D22: ='WTG PH-III'!ER4 -> 108 | E22: =C22-D22 -> 86 | G22: =COUNTIFS('WTG PH-III'!$EO$5:$EO$198,">="&T1,'WTG PH-III'!$EO$5:$EO$198,"<="&U1) -> 7 | H22: =COUNTIFS('WTG PH-III'!$ER$5:$ER$198,">="&T1,'WTG PH-III'!$ER$5:$ER$198,"<="&U1) -> 5 | I22: =G22-H22 -> 2 | M22: =K22-L22 -> 0 | O22: =COUNTIFS('WTG PH-III'!$EO$5:$EO$198,">=8-feb-25",'WTG PH-III'!$EO$5:$EO$198,"<="&U1) -> 181 | P22: =COUNTIFS('WTG PH-III'!$ER$5:$ER$198,">=08-Feb-25",'WTG PH-III'!$ER$5:$ER$198,"<="&U1) -> 108 | Q22: =O22-P22 -> 73 | S22: =COUNTIFS('WTG PH-III'!$ER$5:$ER$205,">0",'WTG PH-III'!$C$5:$C$205,S$4,'WTG PH-III'!$B$5:$B$205,SUMMARY!S$5) -> 5 | T22: =COUNTIFS('WTG PH-III'!$ER$5:$ER$205,">0",'WTG PH-III'!$C$5:$C$205,T$4,'WTG PH-III'!$B$5:$B$205,SUMMARY!T$5) -> 7 | U22: =COUNTIFS('WTG PH-III'!$ER$5:$ER$205,">0",'WTG PH-III'!$C$5:$C$205,U$4,'WTG PH-III'!$B$5:$B$205,SUMMARY!U$5) -> 39 | V22: =COUNTIFS('WTG PH-III'!$ER$5:$ER$205,">0",'WTG PH-III'!$C$5:$C$205,V$4,'WTG PH-III'!$B$5:$B$205,SUMMARY!V$5) -> 2 | W22: =COUNTIFS('WTG PH-III'!$ER$5:$ER$205,">0",'WTG PH-III'!$C$5:$C$205,W$4,'WTG PH-III'!$B$5:$B$205,SUMMARY!W$5) -> 36 | X22: =COUNTIFS('WTG PH-III'!$ER$5:$ER$205,">0",'WTG PH-III'!$C$5:$C$205,X$4,'WTG PH-III'!$B$5:$B$205,SUMMARY!X$5) -> 17 | Y22: =COUNTIFS('WTG PH-III'!$ER$5:$ER$205,">0",'WTG PH-III'!$C$5:$C$205,Y$4,'WTG PH-III'!$B$5:$B$205,SUMMARY!Y$5) -> 2 | Z22: =COUNTIFS('WTG PH-III'!$ER$5:$ER$205,">0",'WTG PH-III'!$C$5:$C$205,Z$4,'WTG PH-III'!$B$5:$B$205,SUMMARY!Z$5) -> 0 | AA22: =SUM(S22:Z22) -> 108 | AB22: =AA22=D22 -> TRUE
A23: =ROW(A18) -> 18 | B23: WTG Commissioining | C23: 194 | D23: ='WTG PH-III'!GA4 -> 82 | E23: =C23-D23 -> 112 | G23: =COUNTIFS('WTG PH-III'!$FX$5:$FX$198,">="&T1,'WTG PH-III'!$FX$5:$FX$198,"<="&U1) -> 1 | H23: =COUNTIFS('WTG PH-III'!$GA$5:$GA$198,">="&T1,'WTG PH-III'!$GA$5:$GA$198,"<="&U1) -> 4 | I23: =G23-H23 -> -3 | O23: =COUNTIFS('WTG PH-III'!$FX$5:$FX$198,">=8-feb-25",'WTG PH-III'!$FX$5:$FX$198,"<="&U1) -> 172 | P23: =COUNTIFS('WTG PH-III'!$GA$5:$GA$198,">=08-Feb-25",'WTG PH-III'!$GA$5:$GA$198,"<="&U1) -> 82 | Q23: =O23-P23 -> 90 | S23: =COUNTIFS('WTG PH-III'!$GA$5:$GA$205,">0",'WTG PH-III'!$C$5:$C$205,S$4,'WTG PH-III'!$B$5:$B$205,SUMMARY!S$5) -> 5 | T23: =COUNTIFS('WTG PH-III'!$GA$5:$GA$205,">0",'WTG PH-III'!$C$5:$C$205,T$4,'WTG PH-III'!$B$5:$B$205,SUMMARY!T$5) -> 0 | U23: =COUNTIFS('WTG PH-III'!$GA$5:$GA$205,">0",'WTG PH-III'!$C$5:$C$205,U$4,'WTG PH-III'!$B$5:$B$205,SUMMARY!U$5) -> 39 | V23: =COUNTIFS('WTG PH-III'!$GA$5:$GA$205,">0",'WTG PH-III'!$C$5:$C$205,V$4,'WTG PH-III'!$B$5:$B$205,SUMMARY!V$5) -> 2 | W23: =COUNTIFS('WTG PH-III'!$GA$5:$GA$205,">0",'WTG PH-III'!$C$5:$C$205,W$4,'WTG PH-III'!$B$5:$B$205,SUMMARY!W$5) -> 36 | X23: =COUNTIFS('WTG PH-III'!$GA$5:$GA$205,">0",'WTG PH-III'!$C$5:$C$205,X$4,'WTG PH-III'!$B$5:$B$205,SUMMARY!X$5) -> 0 | Y23: =COUNTIFS('WTG PH-III'!$GA$5:$GA$205,">0",'WTG PH-III'!$C$5:$C$205,Y$4,'WTG PH-III'!$B$5:$B$205,SUMMARY!Y$5) -> 0 | Z23: =COUNTIFS('WTG PH-III'!$GA$5:$GA$205,">0",'WTG PH-III'!$C$5:$C$205,Z$4,'WTG PH-III'!$B$5:$B$205,SUMMARY!Z$5) -> 0 | AA23: =SUM(S23:Z23) -> 82 | AB23: =AA23=D23 -> TRUE
A24: II | B24: WTG ELECTRICAL (USS, Trafo & 33kV)
A25: 1 | B25: USS Erection | C25: 194 | D25: ='WTG PH-III'!ED4 -> 117 | E25: =C25-D25 -> 77 | G25: =COUNTIFS('WTG PH-III'!$EA$5:$EA$198,">="&T1,'WTG PH-III'!$EA$5:$EA$198,"<="&U1) -> 0 | H25: =COUNTIFS('WTG PH-III'!$ED$5:$ED$198,">="&T1,'WTG PH-III'!$ED$5:$ED$198,"<="&U1) -> 2 | I25: =G25-H25 -> -2 | M25: =K25-L25 -> 0 | O25: =COUNTIFS('WTG PH-III'!$EA$5:$EA$198,">=8-feb-25",'WTG PH-III'!$EA$5:$EA$198,"<="&U1) -> 194 | P25: =COUNTIFS('WTG PH-III'!$ED$5:$ED$198,">=08-Feb-25",'WTG PH-III'!$ED$5:$ED$198,"<="&U1) -> 117 | Q25: =O25-P25 -> 77 | S25: =COUNTIFS('WTG PH-III'!$ED$5:$ED$205,">0",'WTG PH-III'!$C$5:$C$205,S$4,'WTG PH-III'!$B$5:$B$205,SUMMARY!S$5) -> 5 | T25: =COUNTIFS('WTG PH-III'!$ED$5:$ED$205,">0",'WTG PH-III'!$C$5:$C$205,T$4,'WTG PH-III'!$B$5:$B$205,SUMMARY!T$5) -> 7 | U25: =COUNTIFS('WTG PH-III'!$ED$5:$ED$205,">0",'WTG PH-III'!$C$5:$C$205,U$4,'WTG PH-III'!$B$5:$B$205,SUMMARY!U$5) -> 39 | V25: =COUNTIFS('WTG PH-III'!$ED$5:$ED$205,">0",'WTG PH-III'!$C$5:$C$205,V$4,'WTG PH-III'!$B$5:$B$205,SUMMARY!V$5) -> 2 | W25: =COUNTIFS('WTG PH-III'!$ED$5:$ED$205,">0",'WTG PH-III'!$C$5:$C$205,W$4,'WTG PH-III'!$B$5:$B$205,SUMMARY!W$5) -> 36 | X25: =COUNTIFS('WTG PH-III'!$ED$5:$ED$205,">0",'WTG PH-III'!$C$5:$C$205,X$4,'WTG PH-III'!$B$5:$B$205,SUMMARY!X$5) -> 25 | Y25: =COUNTIFS('WTG PH-III'!$ED$5:$ED$205,">0",'WTG PH-III'!$C$5:$C$205,Y$4,'WTG PH-III'!$B$5:$B$205,SUMMARY!Y$5) -> 3 | Z25: =COUNTIFS('WTG PH-III'!$ED$5:$ED$205,">0",'WTG PH-III'!$C$5:$C$205,X$4,'WTG PH-III'!$B$5:$B$205,SUMMARY!Z$5) -> 0 | AA25: =SUM(S25:Z25) -> 117 | AB25: =AA25=D25 -> TRUE
A26: 2 | B26: USS Testing | C26: 194 | D26: ='WTG PH-III'!EY4 -> 114 | E26: =C26-D26 -> 80 | G26: =COUNTIFS('WTG PH-III'!$EV$5:$EV$199,">="&T1,'WTG PH-III'!$EV$5:$EV$199,"<="&U1) -> 13 | H26: =COUNTIFS('WTG PH-III'!$EY$5:$EY$199,">="&T1,'WTG PH-III'!$EY$5:$EY$199,"<="&U1) -> 0 | I26: =G26-H26 -> 13 | O26: =COUNTIFS('WTG PH-III'!$EV$5:$EV$198,">=8-feb-25",'WTG PH-III'!$EV$5:$EV$198,"<="&U1) -> 192 | P26: =COUNTIFS('WTG PH-III'!$EY$5:$EY$198,">=08-Feb-25",'WTG PH-III'!$EY$5:$EY$198,"<="&U1) -> 114 | Q26: =O26-P26 -> 78 | S26: =COUNTIFS('WTG PH-III'!$EY$5:$EY$205,">0",'WTG PH-III'!$C$5:$C$205,S$4,'WTG PH-III'!$B$5:$B$205,SUMMARY!S$5) -> 5 | T26: =COUNTIFS('WTG PH-III'!$EY$5:$EY$205,">0",'WTG PH-III'!$C$5:$C$205,T$4,'WTG PH-III'!$B$5:$B$205,SUMMARY!T$5) -> 6 | U26: =COUNTIFS('WTG PH-III'!$EY$5:$EY$205,">0",'WTG PH-III'!$C$5:$C$205,U$4,'WTG PH-III'!$B$5:$B$205,SUMMARY!U$5) -> 39 | V26: =COUNTIFS('WTG PH-III'!$EY$5:$EY$205,">0",'WTG PH-III'!$C$5:$C$205,V$4,'WTG PH-III'!$B$5:$B$205,SUMMARY!V$5) -> 2 | W26: =COUNTIFS('WTG PH-III'!$EY$5:$EY$205,">0",'WTG PH-III'!$C$5:$C$205,W$4,'WTG PH-III'!$B$5:$B$205,SUMMARY!W$5) -> 36 | X26: =COUNTIFS('WTG PH-III'!$EY$5:$EY$205,">0",'WTG PH-III'!$C$5:$C$205,X$4,'WTG PH-III'!$B$5:$B$205,SUMMARY!X$5) -> 26 | Y26: =COUNTIFS('WTG PH-III'!$EY$5:$EY$205,">0",'WTG PH-III'!$C$5:$C$205,Y$4,'WTG PH-III'!$B$5:$B$205,SUMMARY!Y$5) -> 0 | Z26: =COUNTIFS('WTG PH-III'!$EY$5:$EY$205,">0",'WTG PH-III'!$C$5:$C$205,Z$4,'WTG PH-III'!$B$5:$B$205,SUMMARY!Z$5) -> 0 | AA26: =SUM(S26:Z26) -> 114 | AB26: =AA26=D26 -> TRUE
A27: 2 | B27: 33kV Cable Laying
A28: 2.01 | B28: PSS-05
A29: 2.01.01 | B29: HT Cable Laying | C29: 103107 | D29: ='33KV - Summary'!J22 -> 103107 | E29: =C29-D29 -> 0 | O29: =+C29 -> 103107 | P29: =D29 -> 103107 | Q29: =O29-P29 -> 0
A30: 2.01.02 | B30: FO Cable Laying | C30: ='33KV - Summary'!V22 -> 74955 | D30: ='33KV - Summary'!X22 -> 74955 | E30: =C30-D30 -> 0 | O30: 74955 | P30: =D30 -> 74955 | Q30: =O30-P30 -> 0
A31: 2.01.03 | B31: Cable Joint | C31: ='33KV - Summary'!L22 -> 122 | D31: ='33KV - Summary'!N22 -> 122 | E31: =C31-D31 -> 0 | O31: 122 | P31: =D31 -> 122 | Q31: =O31-P31 -> 0
A32: 2.01.04 | B32: Termination | C32: ='33KV - Summary'!P22 -> 78 | D32: ='33KV - Summary'!R22 -> 78 | E32: =C32-D32 -> 0 | G32: 1 | H32: 1 | I32: 0 | O32: 78 | P32: =D32 -> 78 | Q32: =O32-P32 -> 0
A33: 2.02 | B33: PSS-08
A34: 2.02.01 | B34: HT Cable Laying | C34: ='33KV - Summary'!H9 -> 61930 | D34: ='33KV - Summary'!J9 -> 54730 | E34: =C34-D34 -> 7200 | G34: 5000 | H34: 3100 | I34: =G34-H34 -> 1900 | O34: 61475 | P34: =D34 -> 54730 | Q34: =O34-P34 -> 6745
A35: 2.02.02 | B35: FO Cable Laying | C35: ='33KV - Summary'!V9 -> 42395 | D35: ='33KV - Summary'!X9 -> 31795 | E35: =C35-D35 -> 10600 | G35: 1000 | O35: 42020 | P35: =D35 -> 31795 | Q35: =O35-P35 -> 10225
A36: 2.02.03 | B36: Cable Joint | C36: ='33KV - Summary'!L9 -> 74 | D36: ='33KV - Summary'!N9 -> 54 | E36: =C36-D36 -> 20 | O36: 73 | P36: =D36 -> 54 | Q36: =O36-P36 -> 19
A37: 2.02.04 | B37: Termination | C37: ='33KV - Summary'!P9 -> 34 | D37: ='33KV - Summary'!R9 -> 26 | E37: =C37-D37 -> 8 | O37: 34 | P37: =D37 -> 26 | Q37: =O37-P37 -> 8
A38: 2.03 | B38: PSS-11
A39: 2.03.01 | B39: HT Cable Laying | C39: 110000 | D39: ='33KV - Summary'!J36 -> 110000 | E39: =C39-D39 -> 0 | O39: 110000 | P39: =D39 -> 110000 | Q39: =O39-P39 -> 0
A40: 2.03.02 | B40: FO Cable Laying | C40: 71895 | D40: ='33KV - Summary'!X36 -> 71895 | E40: =C40-D40 -> 0 | O40: 71895 | P40: =D40 -> 71895 | Q40: =O40-P40 -> 0
A41: 2.03.03 | B41: Cable Joint | C41: 138 | D41: ='33KV - Summary'!N36 -> 138 | E41: =C41-D41 -> 0 | O41: 138 | P41: =D41 -> 138 | Q41: =O41-P41 -> 0
A42: 2.03.04 | B42: Termination | C42: 72 | D42: ='33KV - Summary'!R36 -> 72 | E42: =C42-D42 -> 0 | O42: 72 | P42: =D42 -> 72 | Q42: =O42-P42 -> 0
A43: 2.04 | B43: PSS-12
A44: 2.04.01 | B44: HT Cable Laying | C44: 77487 | D44: ='33KV - Summary'!J48 -> 77487 | E44: =C44-D44 -> 0 | O44: 77487 | P44: =D44 -> 77487 | Q44: =O44-P44 -> 0
A45: 2.04.02 | B45: FO Cable Laying | C45: 49200 | D45: ='33KV - Summary'!X48 -> 49200 | E45: =C45-D45 -> 0 | O45: 49200 | P45: =D45 -> 49200 | Q45: =O45-P45 -> 0
A46: 2.04.03 | B46: Cable Joint | C46: 88 | D46: ='33KV - Summary'!N48 -> 88 | E46: =C46-D46 -> 0 | O46: 88 | P46: =D46 -> 88 | Q46: =O46-P46 -> 0
A47: 2.04.04 | B47: Termination | C47: 54 | D47: ='33KV - Summary'!R48 -> 54 | E47: =C47-D47 -> 0 | O47: 54 | P47: =D47 -> 54 | Q47: =O47-P47 -> 0
A48: 2.05 | B48: PSS-14
A49: 2.05.01 | B49: HT Cable Laying | C49: ='33KV - Summary'!H68 -> 200810 | D49: ='33KV - Summary'!J68 -> 76977 | E49: =C49-D49 -> 123833 | G49: 10000 | H49: 8850 | I49: =G49-H49 -> 1150 | O49: =C49 -> 200810 | P49: =D49 -> 76977 | Q49: =O49-P49 -> 123833
A50: 2.05.02 | B50: FO Cable Laying | C50: ='33KV - Summary'!V68 -> 142770 | D50: ='33KV - Summary'!X68 -> 0 | E50: =C50-D50 -> 142770 | G50: 3000 | I50: =G50-H50 -> 3000 | O50: =C50 -> 142770 | P50: =D50 -> 0 | Q50: =O50-P50 -> 142770
A51: 2.05.03 | B51: Cable Joint | C51: ='33KV - Summary'!L68 -> 230 | D51: ='33KV - Summary'!N68 -> 0 | E51: =C51-D51 -> 230 | G51: 10 | I51: =G51-H51 -> 10 | O51: =C51 -> 230 | P51: =D51 -> 0 | Q51: =O51-P51 -> 230
A52: 2.05.04 | B52: Termination | C52: ='33KV - Summary'!P68 -> 146 | D52: ='33KV - Summary'!R68 -> 0 | E52: =C52-D52 -> 146 | G52: 5 | I52: =G52-H52 -> 5 | O52: =C52 -> 146 | P52: =D52 -> 0 | Q52: =O52-P52 -> 146
A53: 2.06 | B53: PSS-09
A54: 2.06.01 | B54: HT Cable Laying | C54: ='33KV - Summary'!H73 -> 4350 | D54: ='33KV - Summary'!J73 -> 4350 | E54: =C54-D54 -> 0 | O54: =C54 -> 4350 | P54: =D54 -> 4350 | Q54: =O54-P54 -> 0
A55: 2.06.02 | B55: FO Cable Laying | C55: ='33KV - Summary'!V73 -> 2225 | D55: ='33KV - Summary'!X73 -> 2225 | E55: =C55-D55 -> 0 | O55: =C55 -> 2225 | P55: =D55 -> 2225 | Q55: =O55-P55 -> 0
A56: 2.06.03 | B56: Cable Joint | C56: ='33KV - Summary'!L73 -> 5 | D56: ='33KV - Summary'!N73 -> 5 | E56: =C56-D56 -> 0 | O56: =C56 -> 5 | P56: =D56 -> 5 | Q56: =O56-P56 -> 0
A57: 2.06.04 | B57: Termination | C57: ='33KV - Summary'!P73 -> 4 | D57: ='33KV - Summary'!R73 -> 4 | E57: =C57-D57 -> 0 | O57: =C57 -> 4 | P57: =D57 -> 4 | Q57: =O57-P57 -> 0

Sheet WTG PH-III
D1: =COLUMN(A1) -> 1 | E1: =COLUMN(B1) -> 2 | F1: =COLUMN(C1) -> 3 | G1: =COLUMN(D1) -> 4 | H1: =COLUMN(E1) -> 5 | I1: =COLUMN(F1) -> 6 | J1: =COLUMN(G1) -> 7 | K1: =COLUMN(H1) -> 8 | ... GE1: =COLUMN(GB1) -> 184
A2: Sr. No. | B2: SUB Station | C2: SPV | D2: Locations | E2: Feeder | F2: WTG FDN VENDOR | G2: FDN Allotment Date | H2: Stone Column Contractor | I2: Soil Test Status | J2: WTG Coordinates | L2: Soil Test | R2: Stone Column | AA2: Plate Load Test | AI2: Excavation | AP2: Gravel Bed (Stone Blanket) | AW2: PCC | BD2: Anchor Cage Assembly | BK2: Steel Binding | BR2: Raft Casting | BZ2: Backfilling & Compaction | CG2: Grouting | CP2: USS Precast Installation | CW2: Road Construction (For WTG Erection) | DD2: TURNING Development | DL2: Crane Pad Construction | DS2: WTG Erection | DZ2: USS Erection | EG2: MCC | EN2: Pre-commissioning | EU2: USS Testing | FB2: HT Cable Laying & Termination | FI2: CEA Approval | FP2: USS CFT | FW2: WTG Commissioining | GD2: Trial Run | GE2: Remarks
J3: E | K3: N | L3: Soil Test Plan Start Date | M3: Soil Test Plan Finish Date | N3: Fore Cast Finish Date | O3: Soil Test Actual Start Date | P3: Soil Test Actual FInish Date | Q3: Impact days due to hindrance | R3: Stone Column Scope (Nos) | S3: Stone Column Completed (Nos) | T3: Stone Column Plan Start Date | U3: Stone Column Plan Finish Date | V3: Stone Column Forecast Completion | W3: Stone Column Actual Start Date | X3: Stone Column Actual Finish Date | Y3: No of Days | Z3: Impact days due to hindrance | AA3: Scope | AB3: Vendor | AC3: PLT Plan Start Date | AD3: PLT Plan Finish Date | AE3: PLT Forecast Completion Date | AF3: PLT Actual Start Date | AG3: PLT Actual Finish Date | AH3: Impact days due to hindrance | AI3: Excavation Plan Start Date | AJ3: Excavation Plan Finish Date | AK3: Excavation Forecast Completion | AL3: Excavation Actual Start Date | AM3: Excavation Actual FInish Date | AN3: No of Days | AO3: Impact days due to hindrance | AP3: Gravel Bed Plan Start Date | AQ3: Gravel Bed Plan Finish Date | AR3: Gravel Bed Forecast Completion | AS3: Gravel Bed Actual Start Date | AT3: Gravel Bed Actual Finish Date | AU3: No of Days | AV3: Impact days due to hindrance | AW3: PCC Plan Start Date | AX3: PCC Plan Finish Date | AY3: Forecast Completion | AZ3: PCC Actual Start Date | BA3: PCC Actual Finish Date | BB3: No of Days | BC3: Impact days due to hindrance | BD3: Anchor Cage Plan Start Date | BE3: Anchor Cage Plan Finish Date | BF3: Forecast Completion | BG3: Anchor Cage Actual Start Date | BH3: Anchor Cage Actual Finish Date | BI3: No of Days | BJ3: Impact day due to hindrance | BK3: Steel Binding Plan Start Date | BL3: Steel Binding Plan Finish Date | BM3: Forecast Completion | BN3: Steel Binding Actual Start Date | BO3: Steel Binding Actual FInish Date | BP3: No of Days | BQ3: Impact day due to hindrance | BR3: Raft Casting Plan Start Date | BS3: Raft Casting Plan Finish Date | BT3: Forecast Completion | BU3: Raft Casting Actual Start Date | BV3: Raft Casting Actual Finish Date | BW3: No of Days | BX3: No of Days Excavation & Raft Casting | BY3: Impact day due to hindrance | BZ3: Backfilling Plan Start Date | CA3: Backfilling Plan Finish Date | CB3: Forecast Completion | CC3: Backfilling Actual Start Date | CD3: Backfilling Actual Finish Date | CE3: No of Days | CF3: Impact day due to hindrance | CG3: Grouting Plan Start Date | CH3: Grouting Plan Finish Date | CI3: Forecast Completion | CJ3: Grouting Actual Start Date | CK3: Grouting Actual Finish Date | CL3: No of Days | CN3: Excavation to Casting (excl. curing) | CO3: Impact day due to hindrance | CP3: USS Civil Plan Start Date | CQ3: USS Civil Plan Finish Date | CR3: Forecast Completion | CS3: USS Civil Actual Start Date | CT3: USS Civil Actual Finish Date | CU3: No of Days | CV3: Impact day due to hindrance | CW3: Road Plan Start Date | CX3: Road Plan Finish Date | CY3: Forecast Completion | CZ3: Road Actual Start Date | DA3: Road Actual Finish Date | DB3: No of Days | DC3: Impact day due to hindrance | DD3: Turning Devlopment Plan Start Date | DE3: Turning Devlopment Finish Start Date | DF3: Forecast Completion | DG3: Turning Devlopment Actual Start Date | DH3: Turning Devlopment Actual Finish Date | DI3: No of Days | DJ3: Impact day due to hindrance | DK3: Vendor | DL3: Crane Pad Plan Start Date | DM3: Crane Pad Plan Finish Date | DN3: Forecast Completion | DO3: Crane Pad Actual Start Date | DP3: Crane Pad Actual Finish Date | DQ3: No of Days | DR3: Impact day due to hindrance | DS3: WTG Ere Plan Start Date | DT3: WTG Ere Plan Finish Date | DU3: Forecast Completion | DV3: WTG Ere Actual Start Date | DW3: WTG Ere Actual End Date | DX3: No of Days | DY3: Impact day due to hindrance | DZ3: USS Ere Plan Start Date | EA3: USS Ere Plan Finish Date | EB3: Forecast Completion | EC3: USS Ere Actual Start Date | ED3: USS Ere Actual Finish Date | EE3: No of Days | EF3: Impact day due to hindrance | EG3: MCC Plan Start Date | EH3: MCC Plan Finish Date | EI3: Forecast Completion | EJ3: MCC Actual Start Date | EK3: MCC Actual Finish Date | EL3: No of Days | EM3: Impact day due to hindrance | EN3: Pre-Comm Plan Start Date | EO3: Pre-Comm Plan Finish Date | EP3: Forecast Completion | EQ3: Pre-Comm Actual Start Date | ER3: Pre-Comm Actual Finish Date | ES3: No of Days | ET3: Impact day due to hindrance | EU3: USS Testing Plan Start Date | EV3: USS Testing Plan Finish Date | EW3: Forecast Completion | EX3: USS Testing Actual Start Date | EY3: USS Testing Actual Finish Date | EZ3: No of Days | FA3: Impact day due to hindrance | FB3: HT Cable Plan Start Date | FC3: HT Cable Plan Finish Date | FD3: Forecast Completion | FE3: HT Cable Actual Start Date | FF3: HT Cable Actual Finish Date | FG3: No of Days | FH3: Impact day due to hindrance | FI3: CEA Approval Plan Start Date | FJ3: CEA Approval Plan Finish Date | FK3: Forecast Completion | FL3: CEA Approval Actual Start Date | FM3: CEA Approval Actual Finish Date | FN3: No of Days | FO3: Impact day due to hindrance | FP3: Grid-Conne Plan Start Date | FQ3: Grid-Conne Plan Finish Date | FR3: Forecast Completion | FS3: Grid-Conne Actual Start Date | FT3: Grid-Conne Actual Finish Date | FU3: No of Days | FV3: Impact day due to hindrance | FW3: WTG Comm Plan Start Date | FX3: WTG Comm Plan Finish Date | FY3: Forecast Completion | FZ3: WTG Comm Actual Start Date | GA3: WTG Comm Actual Finish Date | GB3: No of Days | GC3: Impact day due to hindrance | GD3: Trial Run Date
D4: =SUBTOTAL(3, D5:D198) -> 194 | E4: =SUBTOTAL(3, E5:E198) -> 194 | F4: =SUBTOTAL(3, F5:F198) -> 191 | G4: =SUBTOTAL(3, G5:G198) -> 191 | H4: =COUNTA(H5:H198)-COUNTIF(H5:H198,"0") -> 193 | I4: =SUBTOTAL(3, I5:I198) -> 194 | J4: =SUBTOTAL(3, J5:J198) -> 194 | K4: =SUBTOTAL(3, K5:K198) -> 194 | L4: =SUBTOTAL(3, L5:L198) -> 0 | M4: =SUBTOTAL(3, M5:M198) -> 0 | N4: =SUBTOTAL(3, N5:N198) -> 0 | O4: =SUBTOTAL(3, O5:O198) -> 194 | P4: =SUBTOTAL(3, P5:P198) -> 194 | Q4: =SUBTOTAL(3, Q5:Q198) -> 0 | R4: =SUM(R5:R198) -> 49577 | S4: =SUM(S5:S198) -> 49190 | T4: =SUBTOTAL(3, T5:T198) -> 194 | U4: =SUBTOTAL(3, U5:U198) -> 194 | W4: =SUBTOTAL(3, W5:W198) -> 192 | X4: =SUBTOTAL(3, X5:X198) -> 192 | Z4: =SUBTOTAL(3, Z5:Z198) -> 18 | AA4: =COUNTIF(AA5:AA198,"Yes") -> 63 | AB4: =COUNTA(AB5:AB198)-COUNTIF(AB5:AB198,"0") -> 61 | AC4: =SUBTOTAL(3, AC5:AC198) -> 20 | AD4: =SUBTOTAL(3, AD5:AD198) -> 20 | AE4: =SUBTOTAL(3, AE5:AE198) -> 0 | AF4: =SUBTOTAL(3, AF5:AF198) -> 61 | AG4: =SUBTOTAL(3, AG5:AG198) -> 61 | AH4: =SUBTOTAL(3, AH5:AH198) -> 1 | AI4: =SUBTOTAL(3, AI5:AI198) -> 194 | AJ4: =SUBTOTAL(3, AJ5:AJ198) -> 194 | ... AM4: =SUBTOTAL(3, AM5:AM198) -> 187 | AP4: =SUBTOTAL(3, AP5:AP198) -> 194 | AQ4: =SUBTOTAL(3, AQ5:AQ198) -> 194 | AR4: =SUBTOTAL(3, AR5:AR198) -> 0 | AS4: =SUBTOTAL(3, AS5:AS198) -> 185 | AT4: =SUBTOTAL(3, AT5:AT198) -> 182 | AV4: =SUBTOTAL(3, AV5:AV198) -> 6 | AW4: =SUBTOTAL(3, AW5:AW198) -> 194 | AX4: =SUBTOTAL(3, AX5:AX198) -> 194 | AY4: =SUBTOTAL(3, AY5:AY198) -> 0 | AZ4: =SUBTOTAL(3, AZ5:AZ198) -> 180 | BA4: =SUBTOTAL(3, BA5:BA198) -> 180 | BC4: =SUBTOTAL(3, BC5:BC198) -> 3 | BD4: =SUBTOTAL(3, BD5:BD198) -> 194 | BE4: =SUBTOTAL(3, BE5:BE198) -> 194 | BF4: =SUBTOTAL(3, BF5:BF198) -> 0 | BG4: =SUBTOTAL(3, BG5:BG198) -> 178 | BH4: =SUBTOTAL(3, BH5:BH198) -> 177 | BJ4: =SUBTOTAL(3, BJ5:BJ198) -> 1 | BK4: =SUBTOTAL(3, BK5:BK198) -> 194 | BL4: =SUBTOTAL(3, BL5:BL198) -> 194 | BM4: =SUBTOTAL(3, BM5:BM198) -> 0 | BN4: =SUBTOTAL(3, BN5:BN198) -> 177 | BO4: =SUBTOTAL(3, BO5:BO198) -> 173 | BQ4: =SUBTOTAL(3, BQ5:BQ198) -> 4 | BR4: =SUBTOTAL(3, BR5:BR198) -> 194 | BS4: =SUBTOTAL(3, BS5:BS198) -> 194 | BT4: =SUBTOTAL(3, BT5:BT198) -> 0 | BU4: =SUBTOTAL(3, BU5:BU198) -> 172 | BV4: =SUBTOTAL(3, BV5:BV198) -> 172 | BY4: =SUBTOTAL(3, BY5:BY198) -> 5 | BZ4: =SUBTOTAL(3, BZ5:BZ198) -> 194 | CA4: =SUBTOTAL(3, CA5:CA198) -> 194 | CB4: =SUBTOTAL(3, CB5:CB198) -> 0 | CC4: =SUBTOTAL(3, CC5:CC198) -> 161 | CD4: =SUBTOTAL(3, CD5:CD198) -> 76 | CF4: =SUBTOTAL(3, CF5:CF198) -> 0 | CG4: =SUBTOTAL(3, CG5:CG198) -> 194 | CH4: =SUBTOTAL(3, CH5:CH198) -> 194 | CI4: =SUBTOTAL(3, CI5:CI198) -> 0 | CJ4: =SUBTOTAL(3, CJ5:CJ198) -> 163 | CK4: =SUBTOTAL(3, CK5:CK198) -> 163 | CO4: =SUBTOTAL(3, CO5:CO198) -> 0 | CP4: =SUBTOTAL(3, CP5:CP198) -> 194 | CQ4: =SUBTOTAL(3, CQ5:CQ198) -> 194 | CR4: =SUBTOTAL(3, CR5:CR198) -> 0 | CS4: =COUNTIFS(CS5:CS198,"<>01-01-1900", CS5:CS198,">=01-01-1900") -> 177 | CT4: =COUNTIFS(CT5:CT198,"<>01-01-1900", CT5:CT198,">=01-01-1900") -> 148 | CV4: =SUBTOTAL(3, CV5:CV198) -> 0 | CW4: =SUBTOTAL(3, CW5:CW198) -> 194 | CX4: =SUBTOTAL(3, CX5:CX198) -> 194 | CY4: =SUBTOTAL(3, CY5:CY198) -> 0 | CZ4: =SUBTOTAL(3, CZ5:CZ198) -> 193 | DA4: =SUBTOTAL(3, DA5:DA198) -> 193 | DC4: =SUBTOTAL(3, DC5:DC198) -> 0 | DD4: =SUBTOTAL(3, DD5:DD198) -> 194 | DE4: =SUBTOTAL(3, DE5:DE198) -> 194 | DF4: =SUBTOTAL(3, DF5:DF198) -> 0 | DG4: =SUBTOTAL(3, DG5:DG198) -> 148 | DH4: =SUBTOTAL(3, DH5:DH198) -> 140 | DJ4: =SUBTOTAL(3, DJ5:DJ198) -> 0 | DK4: =SUBTOTAL(3, DK5:DK198) -> 194 | DL4: =SUBTOTAL(3, DL5:DL198) -> 194 | DM4: =SUBTOTAL(3, DM5:DM198) -> 194 | DN4: =SUBTOTAL(3, DN5:DN198) -> 0 | DO4: =SUBTOTAL(3, DO5:DO198) -> 163 | DP4: =SUBTOTAL(3, DP5:DP198) -> 153 | DR4: =SUBTOTAL(3, DR5:DR198) -> 0 | DS4: =SUBTOTAL(3, DS5:DS198) -> 194 | DT4: =SUBTOTAL(3, DT5:DT198) -> 194 | DU4: =SUBTOTAL(3, DU5:DU198) -> 0 | DV4: =SUBTOTAL(3, DV5:DV198) -> 131 | DW4: =SUBTOTAL(3, DW5:DW198) -> 119 | DY4: =SUBTOTAL(3, DY5:DY198) -> 0 | DZ4: =SUBTOTAL(3, DZ5:DZ198) -> 194 | EA4: =SUBTOTAL(3, EA5:EA198) -> 194 | EB4: =SUBTOTAL(3, EB5:EB198) -> 0 | EC4: =COUNTIFS(EC5:EC198,"<>01-01-1900", EC5:EC198,">=01-01-1900") -> 135 | ED4: =SUBTOTAL(3, ED5:ED198) -> 117 | EF4: =SUBTOTAL(3, EF5:EF198) -> 0 | EG4: =SUBTOTAL(3, EG5:EG198) -> 194 | EH4: =SUBTOTAL(3, EH5:EH198) -> 194 | EI4: =SUBTOTAL(3, EI5:EI198) -> 0 | EJ4: =SUBTOTAL(3, EJ5:EJ198) -> 118 | EK4: =SUBTOTAL(3, EK5:EK198) -> 113 | EM4: =SUBTOTAL(3, EM5:EM198) -> 1 | EN4: =SUBTOTAL(3, EN5:EN198) -> 194 | EO4: =SUBTOTAL(3, EO5:EO198) -> 194 | EP4: =SUBTOTAL(3, EP5:EP198) -> 0 | EQ4: =SUBTOTAL(3, EQ5:EQ198) -> 111 | ER4: =SUBTOTAL(3, ER5:ER198) -> 108 | ET4: =SUBTOTAL(3, ET5:ET198) -> 2 | EU4: =SUBTOTAL(3, EU5:EU198) -> 194 | EV4: =SUBTOTAL(3, EV5:EV198) -> 194 | EW4: =SUBTOTAL(3, EW5:EW198) -> 0 | EX4: =SUBTOTAL(3, EX5:EX198) -> 114 | EY4: =SUBTOTAL(3, EY5:EY198) -> 114 | FA4: =SUBTOTAL(3, FA5:FA198) -> 0 | FB4: =SUBTOTAL(3, FB5:FB198) -> 194 | FC4: =SUBTOTAL(3, FC5:FC198) -> 194 | FD4: =SUBTOTAL(3, FD5:FD198) -> 0 | FE4: =SUBTOTAL(3, FE5:FE198) -> 162 | FF4: =SUBTOTAL(3, FF5:FF198) -> 127 | FH4: =SUBTOTAL(3, FH5:FH198) -> 0 | FI4: =SUBTOTAL(3, FI5:FI198) -> 194 | FJ4: =SUBTOTAL(3, FJ5:FJ198) -> 194 | FL4: =SUBTOTAL(3, FL5:FL198) -> 154 | FM4: =SUBTOTAL(3, FM5:FM198) -> 154 | FP4: =SUBTOTAL(3, FP5:FP198) -> 194 | FQ4: =SUBTOTAL(3, FQ5:FQ198) -> 194 | FR4: =SUBTOTAL(3, FR5:FR198) -> 0 | FS4: =SUBTOTAL(3, FS5:FS198) -> 111 | FT4: =SUBTOTAL(3, FT5:FT198) -> 96 | FV4: =SUBTOTAL(3, FV5:FV198) -> 0 | FW4: =SUBTOTAL(3, FW5:FW198) -> 194 | FX4: =SUBTOTAL(3, FX5:FX198) -> 194 | FY4: =SUBTOTAL(3, FY5:FY198) -> 0 | FZ4: =SUBTOTAL(3, FZ5:FZ198) -> 87 | GA4: =SUBTOTAL(3, GA5:GA198) -> 82 | GC4: =SUBTOTAL(3, GC5:GC198) -> 0 | GD4: =SUBTOTAL(3, GD5:GD198) -> 1
A5: =ROW(A1) -> 1 | B5: PSS-08 | C5: ASEJ6PL | D5: WTG 121 | E5: F11 | F5: BIPL | G5: 24-Aug-25 | H5: =VLOOKUP($D5,'Stone Column Progress'!$D$6:$E$199,2,0) -> Saritha | I5: Yes | J5: 533604 | K5: 2674223 | O5: Done | P5: Done | R5: =VLOOKUP(D5,'Stone Column Progress'!$D$6:$M$199,7,0) -> 199 | S5: =VLOOKUP(D5,'Stone Column Progress'!$D$6:$M$199,9,0) -> 199 | T5: 45696 | U5: 45706 | V5: =IF(NOT(ISBLANK(X5)), "", IF(NOT(ISBLANK(W5)), X5 + (U5 - T5), TODAY() + (U5 - T5))) | W5: 45672 | X5: 45682 | AA5: YES | AB5: Keller | AF5: 45803 | AG5: 45834 | AI5: 45708 | AJ5: 45709 | AL5: 45886 | AM5: 45890 | AP5: 45710 | AQ5: 45710 | AS5: 45894 | AT5: 45894 | AW5: 45711 | AX5: 45712 | AZ5: 45897 | BA5: 45897 | BD5: 45713 | BE5: 45714 | BG5: 45898 | BH5: 45899 | BK5: 45715 | BL5: 45725 | BN5: 45904 | BO5: 46040 | BQ5: Delay dur to Water logging | BR5: 45726 | BS5: 45727 | BU5: 46040 | BV5: 46043 | BZ5: 45732 | CA5: 45735 | CC5: 46054 | CG5: 45734 | CH5: 45734 | CJ5: 46049 | CK5: 46049 | CP5: 45744 | CQ5: 45754 | CS5: =MIN(INDEX('USS SUMMARY'!R:AB,MATCH($D5,'USS SUMMARY'!D:D,0),0)) -> 46042 | CT5: 46066 | CW5: 45729 | CX5: 45736 | CZ5: 45701 | DA5: 45709 | DD5: 45729 | DE5: 45736 | DG5: 46055 | DH5: 46059 | DK5: =_xlfn.XLOOKUP(D5,CranePad!$D$4:$D$195,CranePad!$E$4:$E$195,0,0,1) -> GP Project | DL5: 45738 | DM5: 45745 | DO5: 45709 | DP5: 45724 | DS5: 45781 | DT5: 45791 | DV5: 46058 | DW5: 46078 | DZ5: 45784 | EA5: 45792 | EC5: =IF(D5='USS SUMMARY'!AE4,MIN('USS SUMMARY'!AH4:AL4),"") -> 46078 | EG5: 45792 | EH5: 45799 | EJ5: 46080 | EN5: 45800 | EO5: 45802 | EU5: 45807 | EV5: 45808 | FB5: 45748 | FC5: 45784 | FE5: 45798 | FF5: 45848 | FI5: 45767 | FJ5: =FI5+25 -> 45792 | FL5: 45900 | FM5: 45919 | FP5: 45809 | FQ5: 45812 | FW5: 45813 | FX5: 45815 | GE5: HBG- Excavation done loc alloted on30-May-25 / BIPL- Balance Work continue from 24-Aug-25
A6: =ROW(A2) -> 2 | B6: PSS-08 | C6: ASEJ6PL | D6: WTG 123 | E6: F11 | F6: MECC | G6: 45708 | H6: =VLOOKUP($D6,'Stone Column Progress'!$D$6:$E$199,2,0) -> Bauer | I6: Yes | J6: 533983 | K6: 2672250 | O6: Done | P6: Done | R6: =VLOOKUP(D6,'Stone Column Progress'!$D$6:$M$199,7,0) -> 199 | S6: =VLOOKUP(D6,'Stone Column Progress'!$D$6:$M$199,9,0) -> 199 | T6: 45696 | U6: 45706 | V6: =IF(NOT(ISBLANK(X6)), "", IF(NOT(ISBLANK(W6)), X6 + (U6 - T6), TODAY() + (U6 - T6))) | W6: 45692 | X6: 45701 | AI6: 45708 | AJ6: 45709 | AL6: 45713 | AM6: 45715 | AP6: 45710 | AQ6: 45710 | AS6: 45715 | AT6: 45716 | AW6: 45711 | AX6: 45712 | AZ6: 45717 | BA6: 45717 | BD6: 45713 | BE6: 45714 | BG6: 45718 | BH6: 45719 | BK6: 45715 | BL6: 45725 | BN6: 45720 | BO6: 45726 | BR6: 45726 | BS6: 45727 | BU6: 45727 | BV6: 45728 | BZ6: 45732 | CA6: 45735 | CC6: 45787 | CD6: 45828 | CG6: 45734 | CH6: 45734 | CJ6: 45741 | CK6: 45741 | CP6: 45744 | CQ6: 45754 | CS6: =MIN(INDEX('USS SUMMARY'!R:AB,MATCH($D6,'USS SUMMARY'!D:D,0),0)) -> 45719 | CT6: 45823 | CW6: 45729 | CX6: 45736 | CZ6: 45698 | DA6: 45711 | DD6: 45729 | DE6: 45736 | DG6: 45996 | DH6: 46000 | DK6: =_xlfn.XLOOKUP(D6,CranePad!$D$4:$D$195,CranePad!$E$4:$E$195,0,0,1) -> GP Project(Reuse) | DL6: 45738 | DM6: 45745 | DO6: 45736 | DP6: 45749 | DS6: 45787 | DT6: 45797 | DV6: 46000 | DW6: 46020 | DZ6: 45774 | EA6: 45782 | EC6: =IF(D6='USS SUMMARY'!AE5,MIN('USS SUMMARY'!AH5:AL5),"") -> 45992 | ED6: 45993 | EG6: 45798 | EH6: 45805 | EJ6: 46028 | EK6: 46032 | EN6: 45806 | EO6: 45808 | EQ6: 46032 | ER6: 46036 | EU6: 45802 | EV6: 45803 | EX6: 46006 | EY6: 46006 | FB6: 45748 | FC6: 45784 | FE6: 45799 | FF6: 45848 | FI6: 45767 | FJ6: =FI6+25 -> 45792 | FL6: 45900 | FM6: 45919 | FP6: 45804 | FQ6: 45807 | FS6: 46025 | FT6: 46041 | FW6: 45809 | FX6: 45811 | FZ6: 46080
A7: =ROW(A3) -> 3 | B7: PSS-08 | C7: ASEJ6PL | D7: WTG 143 | E7: F11 | F7: AB INFRA | G7: 45710 | H7: =VLOOKUP($D7,'Stone Column Progress'!$D$6:$E$199,2,0) -> Saritha | I7: Yes | J7: 534437 | K7: 2673958 | O7: Done | P7: Done | R7: =VLOOKUP(D7,'Stone Column Progress'!$D$6:$M$199,7,0) -> 199 | S7: =VLOOKUP(D7,'Stone Column Progress'!$D$6:$M$199,9,0) -> 199 | T7: 45707 | U7: 45716 | V7: =IF(NOT(ISBLANK(X7)), "", IF(NOT(ISBLANK(W7)), X7 + (U7 - T7), TODAY() + (U7 - T7))) | W7: 45698 | X7: 45706 | AI7: 45731 | AJ7: 45732 | AL7: 45714 | AM7: 45715 | AP7: 45733 | AQ7: 45733 | AS7: 45715 | AT7: 45716 | AW7: 45734 | AX7: 45735 | AZ7: 45716 | BA7: 45716 | BD7: 45736 | BE7: 45737 | BG7: 45718 | BH7: 45718 | BK7: 45738 | BL7: 45748 | BN7: 45721 | BO7: 45739 | BR7: 45749 | BS7: 45750 | BU7: 45743 | BV7: 45744 | BZ7: 45755 | CA7: 45758 | CC7: 45750 | CD7: 45852 | CG7: 45757 | CH7: 45757 | CJ7: 45748 | CK7: 45748 | CP7: 45767 | CQ7: 45777 | CS7: =MIN(INDEX('USS SUMMARY'!R:AB,MATCH($D7,'USS SUMMARY'!D:D,0),0)) -> 45716 | CT7: 45905 | CW7: 45752 | CX7: 45759 | CZ7: 45778 | DA7: 45795 | DD7: 45752 | DE7: 45759 | DG7: 45990 | DH7: 45993 | DK7: =_xlfn.XLOOKUP(D7,CranePad!$D$4:$D$195,CranePad!$E$4:$E$195,0,0,1) -> GP Project | DL7: 45761 | DM7: 45768 | DO7: 45796 | DP7: 45804 | DS7: 45792 | DT7: 45802 | DV7: 45996 | DW7: 46009 | DZ7: 45797 | EA7: 45805 | EC7: =IF(D7='USS SUMMARY'!AE6,MIN('USS SUMMARY'!AH6:AL6),"") -> 45827 | ED7: 45994 | EG7: 45803 | EH7: 45810 | EJ7: 46011 | EK7: 46014 | EN7: 45811 | EO7: 45813 | EQ7: 46014 | ER7: 46016 | EU7: 45815 | EV7: 45816 | EX7: 46010 | EY7: 46010 | FB7: 45748 | FC7: 45784 | FE7: 45801 | FF7: 45807 | FI7: 45767 | FJ7: =FI7+25 -> 45792 | FL7: 45900 | FM7: 45919 | FP7: 45817 | FQ7: 45820 | FS7: 46011 | FT7: 46016 | FW7: 45821 | FX7: 45823 | FZ7: 46029 | GE7: 09-Sep-25 RC 2 Reached at Loc.143, Cabin unloading hold due to water logging & wet soil, Main crane breakdown from 5-Dec-25.AC 7 Reached at loc. 143 date 5-DEC-25
A8: =ROW(A4) -> 4 | B8: PSS-08 | C8: ASEJ6PL | D8: WTG 144 | E8: F11 | F8: HBG | G8: 45801 | H8: =VLOOKUP($D8,'Stone Column Progress'!$D$6:$E$199,2,0) -> Bauer | I8: Yes | J8: 534627 | K8: 2672972 | O8: Done | P8: Done | R8: =VLOOKUP(D8,'Stone Column Progress'!$D$6:$M$199,7,0) -> 253 | S8: =VLOOKUP(D8,'Stone Column Progress'!$D$6:$M$199,9,0) -> 253 | T8: 45707 | U8: 45716 | V8: =IF(NOT(ISBLANK(X8)), "", IF(NOT(ISBLANK(W8)), X8 + (U8 - T8), TODAY() + (U8 - T8))) | W8: 45712 | X8: 45717 | AA8: YES | AB8: Keller | AC8: 45721 | AD8: 45728 | AF8: 45774 | AG8: 45799 | AI8: 45736 | AJ8: 45737 | AL8: 45804 | AM8: 45808 | AP8: 45738 | AQ8: 45738 | AS8: 45809 | AT8: 45809 | AW8: 45739 | AX8: 45740 | AZ8: 45809 | BA8: 45809 | BD8: 45741 | BE8: 45742 | BG8: 45810 | BH8: 45810 | BK8: 45743 | BL8: 45753 | BN8: 45815 | BO8: 45822 | BQ8: Hold due to water logged from 16-Jun-25 | BR8: 45754 | BS8: 45755 | BU8: 45833 | BV8: 45833 | BZ8: 45760 | CA8: 45763 | CC8: 45882 | CG8: 45762 | CH8: 45762 | CJ8: 45863 | CK8: 45863 | CP8: 45739 | CQ8: 45749 | CS8: =MIN(INDEX('USS SUMMARY'!R:AB,MATCH($D8,'USS SUMMARY'!D:D,0),0)) -> 45899 | CT8: 45997 | CW8: 45757 | CX8: 45764 | CZ8: Done | DA8: Done | DD8: 45757 | DE8: 45764 | DG8: 46041 | DH8: 46043 | DK8: =_xlfn.XLOOKUP(D8,CranePad!$D$4:$D$195,CranePad!$E$4:$E$195,0,0,1) -> GP Project | DL8: 45766 | DM8: 45773 | DO8: 45962 | DP8: 46038 | DS8: 45789 | DT8: 45800 | DV8: 46043 | DW8: 46053 | DZ8: 45774 | EA8: 45782 | EC8: =IF(D8='USS SUMMARY'!AE7,MIN('USS SUMMARY'!AH7:AL7),"") -> 45999 | ED8: 46006 | EG8: 45801 | EH8: 45808 | EJ8: 46059 | EK8: 46063 | EN8: 45809 | EO8: 45811 | EQ8: 46065 | ER8: 46068 | EU8: 45797 | EV8: 45798 | EX8: 46007 | EY8: 46007 | FB8: 45748 | FC8: 45784 | FE8: 45889 | FF8: 46016 | FI8: 45767 | FJ8: =FI8+25 -> 45792 | FL8: 45900 | FM8: 45919 | FP8: 45799 | FQ8: 45802 | FS8: 46011 | FW8: 45812 | FX8: 45814 | GE8: AC 7 Reached at loc. 143 date 5-DEC-25
A9: =ROW(A5) -> 5 | B9: PSS-08 | C9: ASEJ6PL | D9: WTG 145 | E9: F11 | F9: TEJAS | G9: 45713 | H9: =VLOOKUP($D9,'Stone Column Progress'!$D$6:$E$199,2,0) -> Bauer | I9: Yes | J9: 534816 | K9: 2671985 | O9: Done | P9: Done | R9: =VLOOKUP(D9,'Stone Column Progress'!$D$6:$M$199,7,0) -> 253 | S9: =VLOOKUP(D9,'Stone Column Progress'!$D$6:$M$199,9,0) -> 253 | T9: 45700 | U9: 45710 | V9: =IF(NOT(ISBLANK(X9)), "", IF(NOT(ISBLANK(W9)), X9 + (U9 - T9), TODAY() + (U9 - T9))) | W9: 45702 | X9: 45710 | AI9: 45712 | AJ9: 45713 | AL9: 45720 | AM9: 45722 | AP9: 45714 | AQ9: 45714 | AS9: 45723 | AT9: 45725 | AW9: 45715 | AX9: 45716 | AZ9: 45726 | BA9: 45726 | BD9: 45717 | BE9: 45718 | BG9: 45728 | BH9: 45728 | BK9: 45719 | BL9: 45729 | BN9: 45729 | BO9: 45750 | BR9: 45730 | BS9: 45731 | BU9: 45751 | BV9: 45752 | BZ9: 45736 | CA9: 45739 | CC9: 45782 | CD9: 46016 | CG9: 45738 | CH9: 45738 | CJ9: 45764 | CK9: 45764 | CP9: 45748 | CQ9: 45758 | CS9: =MIN(INDEX('USS SUMMARY'!R:AB,MATCH($D9,'USS SUMMARY'!D:D,0),0)) -> 45751 | CT9: 45992 | CW9: 45733 | CX9: 45740 | CZ9: 45791 | DA9: 45794 | DD9: 45733 | DE9: 45740 | DG9: 45881 | DH9: 45897 | DK9: =_xlfn.XLOOKUP(D9,CranePad!$D$4:$D$195,CranePad!$E$4:$E$195,0,0,1) -> GP Project | DL9: 45742 | DM9: 45749 | DO9: 45736 | DP9: 45794 | DS9: 45798 | DT9: 45809 | DV9: 45900 | DW9: 45981 | DZ9: 45778 | EA9: 45786 | EC9: =IF(D9='USS SUMMARY'!AE8,MIN('USS SUMMARY'!AH8:AL8),"") -> 45992 | ED9: 46003 | EG9: 45810 | EH9: 45817 | EJ9: 45985 | EK9: 45990 | EN9: 45818 | EO9: 45820 | EQ9: 45991 | ER9: 45993 | EU9: 45806 | EV9: =EU9+1 -> 45807 | EX9: 46008 | EY9: 46008 | FB9: 45748 | FC9: 45784 | FE9: 45809 | FF9: 46016 | FI9: 45767 | FJ9: =FI9+25 -> 45792 | FL9: 45900 | FM9: 45919 | FP9: 45798 | FQ9: 45801 | FS9: 46011 | FT9: 46016 | FW9: 45821 | FX9: 45823 | FZ9: 46029
A10: =ROW(A6) -> 6 | B10: PSS-08 | C10: ASEJ6PL | D10: WTG 230 | E10: F10 | F10: HBG | G10: 45807 | H10: =VLOOKUP($D10,'Stone Column Progress'!$D$6:$E$199,2,0) -> Bauer | I10: Yes | J10: 537216 | K10: 2675831 | O10: Done | P10: Done | R10: =VLOOKUP(D10,'Stone Column Progress'!$D$6:$M$199,7,0) -> 303 | S10: =VLOOKUP(D10,'Stone Column Progress'!$D$6:$M$199,9,0) -> 303 | T10: 45701 | U10: 45711 | V10: =IF(NOT(ISBLANK(X10)), "", IF(NOT(ISBLANK(W10)), X10 + (U10 - T10), TODAY() + (U10 - T10))) | W10: 45722 | X10: 45731 | Z10: drawing release on 28th Feb | AA10: YES | AB10: Bauer | AC10: 45716 | AD10: 45723 | AF10: 46032 | AG10: 46045 | AI10: 45726 | AJ10: =AI10+1 -> 45727 | AL10: 46072 | AM10: 46075 | AO10: Extra stone solumn | AP10: 45728 | AQ10: 45728 | AS10: 46076 | AT10: 46077 | AW10: 45729 | AX10: 45730 | AZ10: 46077 | BA10: 46077 | BD10: 45731 | BE10: 45732 | BG10: 46079 | BH10: 46079 | BK10: 45733 | BL10: 45743 | BN10: 46080 | BR10: 45744 | BS10: 45745 | BZ10: 45750 | CA10: 45753 | CG10: 45752 | CH10: 45752 | CP10: 45749 | CQ10: 45759 | CS10: =MIN(INDEX('USS SUMMARY'!R:AB,MATCH($D10,'USS SUMMARY'!D:D,0),0)) -> 0 | CW10: 45747 | CX10: 45754 | CZ10: 45737 | DA10: 45759 | DD10: 45747 | DE10: 45754 | DK10: =_xlfn.XLOOKUP(D10,CranePad!$D$4:$D$195,CranePad!$E$4:$E$195,0,0,1) -> GP Project | DL10: 45756 | DM10: 45763 | DO10: 45777 | DP10: 45798 | DS10: 45795 | DT10: 45806 | DZ10: 45792 | EA10: 45800 | EC10: =IF(D10='USS SUMMARY'!AE9,MIN('USS SUMMARY'!AH9:AL9),"") -> 0 | EG10: 45807 | EH10: 45814 | EN10: 45815 | EO10: 45817 | EU10: 45812 | EV10: 45813 | FB10: 45748 | FC10: 45784 | FE10: 45977 | FI10: 45767 | FJ10: =FI10+25 -> 45792 | FL10: 45900 | FM10: 45919 | FP10: 45814 | FQ10: 45817 | FW10: 45818 | FX10: 45820 | GE10: 50 nos Additional column finish by bauer Date 11-Feb-26 to 13-Feb-26
A11: =ROW(A7) -> 7 | B11: PSS-08 | C11: ARE3L | D11: WTG 302 | E11: F13 | F11: SHREEJI | G11: 45762 | H11: =VLOOKUP($D11,'Stone Column Progress'!$D$6:$E$199,2,0) -> Keller | I11: Yes | J11: 540111 | K11: 2672933 | O11: Done | P11: Done | R11: =VLOOKUP(D11,'Stone Column Progress'!$D$6:$M$199,7,0) -> 253 | S11: =VLOOKUP(D11,'Stone Column Progress'!$D$6:$M$199,9,0) -> 253 | T11: 45711 | U11: 45720 | V11: =IF(NOT(ISBLANK(X11)), "", IF(NOT(ISBLANK(W11)), X11 + (U11 - T11), TODAY() + (U11 - T11))) | W11: 45734 | X11: 45743 | Z11: RIG not availbale | AI11: 45735 | AJ11: 45736 | AL11: 45763 | AM11: 45765 | AP11: 45737 | AQ11: 45737 | AS11: 45766 | AT11: 45766 | AW11: 45738 | AX11: 45739 | AZ11: 45766 | BA11: 45766 | BD11: 45740 | BE11: 45741 | BG11: 45767 | BH11: 45767 | BK11: 45742 | BL11: 45752 | BN11: 45767 | BO11: 45773 | BR11: 45753 | BS11: 45754 | BU11: 45773 | BV11: 45774 | BZ11: 45759 | CA11: 45762 | CC11: 45778 | CD11: 45895 | CG11: 45761 | CH11: 45761 | CJ11: 45780 | CK11: 45780 | CP11: 45738 | CQ11: 45748 | CS11: =MIN(INDEX('USS SUMMARY'!R:AB,MATCH($D11,'USS SUMMARY'!D:D,0),0)) -> 45766 | CT11: 45771 | CW11: 45756 | CX11: 45763 | CZ11: 45795 | DA11: 45807 | DD11: 45756 | DE11: 45763 | DG11: 45797 | DH11: 45811 | DK11: =_xlfn.XLOOKUP(D11,CranePad!$D$4:$D$195,CranePad!$E$4:$E$195,0,0,1) -> Odhav | DL11: 45765 | DM11: 45772 | DO11: 45797 | DP11: 45811 | DS11: 45803 | DT11: 45813 | DV11: 45822 | DW11: 45839 | DZ11: 45778 | EA11: 45786 | EC11: =IF(D11='USS SUMMARY'!AE10,MIN('USS SUMMARY'!AH10:AL10),"") -> 45822 | ED11: 45864 | EG11: 45814 | EH11: 45821 | EJ11: 45850 | EK11: 45859 | EN11: 45822 | EO11: 45824 | EQ11: 45863 | ER11: 45864 | EU11: 45806 | EV11: =EU11+1 -> 45807 | EX11: 45891 | EY11: 45891 | FB11: 45748 | FC11: 45784 | FE11: 45818 | FF11: 45886 | FI11: 45767 | FJ11: =FI11+25 -> 45792 | FL11: 45808 | FM11: 45827 | FP11: 45798 | FQ11: 45801 | FS11: 45890 | FT11: 45893 | FW11: 45825 | FX11: 45827 | FZ11: 45897 | GA11: 45898
A12: =ROW(A8) -> 8 | B12: PSS-08 | C12: ARE3L | D12: WTG 326 | E12: F13 | F12: SHREEJI | G12: 45762 | H12: =VLOOKUP($D12,'Stone Column Progress'!$D$6:$E$199,2,0) -> Keller | I12: Yes | J12: 540754 | K12: 2673654 | O12: Done | P12: Done | R12: =VLOOKUP(D12,'Stone Column Progress'!$D$6:$M$199,7,0) -> 253 | S12: =VLOOKUP(D12,'Stone Column Progress'!$D$6:$M$199,9,0) -> 253 | T12: 45704 | U12: 45714 | V12: =IF(NOT(ISBLANK(X12)), "", IF(NOT(ISBLANK(W12)), X12 + (U12 - T12), TODAY() + (U12 - T12))) | W12: 45716 | X12: 45725 | Z12: Delay due to RIG assy | AI12: 45716 | AJ12: 45717 | AL12: 45763 | AM12: 45768 | AP12: 45718 | AQ12: 45718 | AS12: 45768 | AT12: 45769 | AW12: 45719 | AX12: 45720 | AZ12: 45769 | BA12: 45769 | BD12: 45721 | BE12: 45722 | BG12: 45769 | BH12: 45769 | BK12: 45723 | BL12: 45733 | BN12: 45770 | BO12: 45777 | BR12: 45734 | BS12: 45735 | BU12: 45777 | BV12: 45778 | BZ12: 45740 | CA12: 45743 | CC12: 45788 | CD12: 45896 | CG12: 45742 | CH12: 45742 | CJ12: 45785 | CK12: 45785 | CP12: 45752 | CQ12: 45762 | CS12: =MIN(INDEX('USS SUMMARY'!R:AB,MATCH($D12,'USS SUMMARY'!D:D,0),0)) -> 45769 | CT12: 45807 | CW12: 45737 | CX12: 45744 | CZ12: 45748 | DA12: 45765 | DD12: 45737 | DE12: 45744 | DG12: 45767 | DH12: 45797 | DK12: =_xlfn.XLOOKUP(D12,CranePad!$D$4:$D$195,CranePad!$E$4:$E$195,0,0,1) -> Harsh | DL12: 45746 | DM12: 45753 | DO12: 45767 | DP12: 45797 | DS12: 45814 | DT12: 45825 | DV12: 45815 | DW12: 45824 | DZ12: 45782 | EA12: 45790 | EC12: =IF(D12='USS SUMMARY'!AE11,MIN('USS SUMMARY'!AH11:AL11),"") -> 45828 | ED12: 45858 | EG12: 45826 | EH12: 45833 | EJ12: 45839 | EK12: 45850 | EN12: 45834 | EO12: 45836 | EQ12: 45851 | ER12: 45853 | EU12: 45830 | EV12: 45831 | EX12: 45884 | EY12: 45884 | FB12: 45748 | FC12: 45784 | FE12: 45813 | FF12: 45828 | FI12: 45767 | FJ12: =FI12+25 -> 45792 | FL12: 45808 | FM12: 45827 | FP12: 45832 | FQ12: 45835 | FS12: 45886 | FT12: 45893 | FW12: 45837 | FX12: 45838 | FZ12: 45897 | GA12: 45897
A13: =ROW(A9) -> 9 | B13: PSS-08 | C13: ARE3L | D13: WTG 327 | E13: F13 | F13: SHREEJI | G13: 45762 | H13: =VLOOKUP($D13,'Stone Column Progress'!$D$6:$E$199,2,0) -> Keller | I13: Yes | J13: 540944 | K13: 2672668 | O13: Done | P13: Done | R13: =VLOOKUP(D13,'Stone Column Progress'!$D$6:$M$199,7,0) -> 199 | S13: =VLOOKUP(D13,'Stone Column Progress'!$D$6:$M$199,9,0) -> 199 | T13: 45702 | U13: 45712 | V13: =IF(NOT(ISBLANK(X13)), "", IF(NOT(ISBLANK(W13)), X13 + (U13 - T13), TODAY() + (U13 - T13))) | W13: 45726 | X13: 45733 | Z13: Platform preparation delay | AA13: YES | AB13: Bauer | AC13: 45715 | AD13: 45693 | AF13: 45776 | AG13: 45803 | AI13: 45724 | AJ13: 45725 | AL13: 45807 | AM13: 45809 | AP13: 45725 | AQ13: 45726 | AS13: 45809 | AT13: 45809 | AW13: 45727 | AX13: 45728 | AZ13: 45810 | BA13: 45810 | BD13: 45729 | BE13: 45730 | BG13: 45810 | BH13: 45810 | BK13: 45731 | BL13: 45741 | BN13: 45811 | BO13: 45815 | BR13: 45742 | BS13: 45743 | BU13: 45816 | BV13: 45816 | BZ13: 45749 | CA13: 45752 | CC13: 45823 | CD13: 45895 | CG13: 45751 | CH13: 45751 | CJ13: 45820 | CK13: 45821 | CP13: 45762 | CQ13: 45772 | CS13: =MIN(INDEX('USS SUMMARY'!R:AB,MATCH($D13,'USS SUMMARY'!D:D,0),0)) -> 45824 | CT13: 45834 | CW13: 45735 | CX13: 45742 | CZ13: 45767 | DA13: 45778 | DD13: 45735 | DE13: 45742 | DG13: 45779 | DH13: 45803 | DK13: =_xlfn.XLOOKUP(D13,CranePad!$D$4:$D$195,CranePad!$E$4:$E$195,0,0,1) -> Harsh | DL13: 45744 | DM13: 45751 | DO13: 45779 | DP13: 45803 | DS13: 45801 | DT13: 45813 | DV13: 45823 | DW13: 45834 | DZ13: 45780 | EA13: 45788 | EC13: =IF(D13='USS SUMMARY'!AE12,MIN('USS SUMMARY'!AH12:AL12),"") -> 45848 | ED13: 45868 | EG13: 45814 | EH13: 45821 | EJ13: 45846 | EK13: 45856 | EN13: 45822 | EO13: 45824 | EQ13: 45862 | ER13: 45863 | EU13: 45818 | EV13: 45819 | EX13: 45883 | EY13: 45883 | FB13: 45748 | FC13: 45784 | FE13: 45812 | FF13: 45878 | FI13: 45767 | FJ13: =FI13+25 -> 45792 | FL13: 45808 | FM13: 45827 | FP13: 45820 | FQ13: 45823 | FS13: 45886 | FT13: 45893 | FW13: 45825 | FX13: 45826 | FZ13: 45897 | GA13: 45898
A14: =ROW(A10) -> 10 | B14: PSS-08 | C14: ARE3L | D14: WTG 351 | E14: F13 | F14: SHREEJI | G14: 45762 | H14: =VLOOKUP($D14,'Stone Column Progress'!$D$6:$E$199,2,0) -> Keller | I14: Yes | J14: 541595 | K14: 2673350 | O14: Done | P14: Done | R14: =VLOOKUP(D14,'Stone Column Progress'!$D$6:$M$199,7,0) -> 253 | S14: =VLOOKUP(D14,'Stone Column Progress'!$D$6:$M$199,9,0) -> 253 | T14: 45715 | U14: 45724 | W14: 45736 | X14: 45746 | Z14: Drawing available on 17Mar | AI14: 45744 | AJ14: 45745 | AL14: 45767 | AM14: 45770 | AP14: 45746 | AQ14: 45746 | AS14: 45770 | AT14: 45771 | AW14: 45747 | AX14: 45748 | AZ14: 45772 | BA14: 45772 | BD14: 45749 | BE14: 45750 | BG14: 45774 | BH14: 45774 | BK14: 45751 | BL14: 45761 | BN14: 45775 | BO14: 45780 | BR14: 45762 | BS14: 45763 | BU14: 45781 | BV14: 45782 | BZ14: 45768 | CA14: 45771 | CC14: 45787 | CD14: 45894 | CG14: 45770 | CH14: 45770 | CJ14: 45790 | CK14: 45790 | CP14: 45747 | CQ14: 45757 | CS14: =MIN(INDEX('USS SUMMARY'!R:AB,MATCH($D14,'USS SUMMARY'!D:D,0),0)) -> 45793 | CT14: 45810 | CW14: 45765 | CX14: 45772 | CZ14: 45799 | DA14: 45808 | DD14: 45765 | DE14: 45772 | DG14: 45816 | DH14: 45819 | DK14: =_xlfn.XLOOKUP(D14,CranePad!$D$4:$D$195,CranePad!$E$4:$E$195,0,0,1) -> Harsh | DL14: 45774 | DM14: 45781 | DO14: 45812 | DP14: 45817 | DS14: 45810 | DT14: 45822 | DV14: 45820 | DW14: 45834 | DZ14: 45777 | EA14: 45785 | EC14: =IF(D14='USS SUMMARY'!AE13,MIN('USS SUMMARY'!AH13:AL13),"") -> 45850 | ED14: 45869 | EG14: 45823 | EH14: 45830 | EJ14: 45845 | EK14: 45855 | EN14: 45831 | EO14: 45833 | EQ14: 45857 | ER14: 45861 | EU14: 45815 | EV14: 45816 | EX14: 45887 | EY14: 45887 | FB14: 45748 | FC14: 45784 | FE14: 45807 | FF14: 45823 | FI14: 45767 | FJ14: =FI14+25 -> 45792 | FL14: 45808 | FM14: 45827 | FP14: 45817 | FQ14: 45820 | FS14: 45890 | FT14: 45893 | FW14: 45834 | FX14: 45835 | FZ14: 45897 | GA14: 45897
A15: =ROW(A11) -> 11 | B15: PSS-05 | C15: AHEJ5L | D15: WTG 316 | E15: F07 | F15: MSC | G15: 45784 | H15: =VLOOKUP($D15,'Stone Column Progress'!$D$6:$E$199,2,0) -> Bauer | I15: Yes | J15: 542960 | K15: 2658138 | O15: Done | P15: Done | R15: =VLOOKUP(D15,'Stone Column Progress'!$D$6:$M$199,7,0) -> 253 | S15: =VLOOKUP(D15,'Stone Column Progress'!$D$6:$M$199,9,0) -> 253 | T15: 45747 | U15: 45756 | W15: 45756 | X15: 45763 | AA15: YES | AB15: Pinnacle | AF15: 45803 | AG15: 45817 | AI15: 45758 | AJ15: 45759 | AL15: 45813 | AM15: 45879 | AP15: 45760 | AQ15: 45760 | AS15: 45879 | AT15: 45880 | AW15: 45761 | AX15: 45762 | AZ15: 45880 | BA15: 45880 | BD15: 45763 | BE15: 45764 | BG15: 45881 | BH15: 45894 | BK15: 45765 | BL15: 45775 | BN15: 45899 | BO15: 45928 | BR15: 45776 | BS15: 45777 | BU15: 45929 | BV15: 45930 | BZ15: 45782 | CA15: 45785 | CC15: 45938 | CD15: 45976 | CG15: 45784 | CH15: 45784 | CJ15: 45944 | CK15: 45944 | CP15: 45789 | CQ15: 45799 | CS15: =MIN(INDEX('USS SUMMARY'!R:AB,MATCH($D15,'USS SUMMARY'!D:D,0),0)) -> 45879 | CT15: 45898 | CW15: 45779 | CX15: 45786 | CZ15: 45779 | DA15: 45787 | DD15: 45779 | DE15: 45786 | DG15: 45935 | DH15: 45938 | DK15: =_xlfn.XLOOKUP(D15,CranePad!$D$4:$D$195,CranePad!$E$4:$E$195,0,0,1) -> GP Project | DL15: 45788 | DM15: 45795 | DO15: 45776 | DP15: 45803 | DS15: 45827 | DT15: 45838 | DV15: 45940 | DW15: 45952 | DZ15: 45819 | EA15: 45827 | EC15: =IF(D15='USS SUMMARY'!AE54,MIN('USS SUMMARY'!AH54:AL54),"") -> 45921 | ED15: 45960 | EG15: 45839 | EH15: 45846 | EJ15: 45959 | EK15: 45971 | EN15: 45847 | EO15: 45849 | EQ15: 45971 | ER15: 45972 | EU15: 45947 | EV15: 45948 | EX15: 45940 | EY15: 45940 | FB15: 45792 | FC15: 45815 | FE15: 45821 | FF15: 45940 | FI15: 45833 | FJ15: =FI15+25 -> 45858 | FL15: 45900 | FM15: 45921 | FP15: 45949 | FQ15: 45952 | FS15: 45962 | FT15: 45972 | FW15: 45953 | FX15: 45955 | FZ15: 45972 | GA15: 45979
A16: =ROW(A12) -> 12 | B16: PSS-05 | C16: AHEJ5L | D16: WTG 177 | E16: F04 | F16: MSC | G16: 45747 | H16: =VLOOKUP($D16,'Stone Column Progress'!$D$6:$E$199,2,0) -> Bauer | I16: Yes | J16: 537727 | K16: 2660813 | O16: Done | P16: Done | R16: =VLOOKUP(D16,'Stone Column Progress'!$D$6:$M$199,7,0) -> 253 | S16: =VLOOKUP(D16,'Stone Column Progress'!$D$6:$M$199,9,0) -> 253 | T16: 45725 | U16: 45735 | W16: 45769 | X16: 45773 | AI16: 45755 | AJ16: 45756 | AL16: 45775 | AM16: 45776 | AP16: 45757 | AQ16: 45757 | AS16: 45776 | AT16: 45776 | AW16: 45758 | AX16: 45759 | AZ16: 45777 | BA16: 45777 | BD16: 45760 | BE16: 45761 | BG16: 45789 | BH16: 45790 | BK16: 45762 | BL16: 45772 | BN16: 45791 | BO16: 45797 | BR16: 45773 | BS16: 45774 | BU16: 45798 | BV16: 45799 | BZ16: 45779 | CA16: 45782 | CC16: 45817 | CD16: 45976 | CG16: 45781 | CH16: 45781 | CJ16: 45818 | CK16: 45818 | CP16: 45758 | CQ16: 45768 | CS16: =MIN(INDEX('USS SUMMARY'!R:AB,MATCH($D16,'USS SUMMARY'!D:D,0),0)) -> 45939 | CT16: 45945 | CW16: 45776 | CX16: 45783 | CZ16: 45941 | DA16: 45945 | DD16: 45776 | DE16: 45783 | DG16: 45945 | DH16: 45946 | DK16: =_xlfn.XLOOKUP(D16,CranePad!$D$4:$D$195,CranePad!$E$4:$E$195,0,0,1) -> Varudi | DL16: 45785 | DM16: 45792 | DO16: 45926 | DP16: 45944 | DS16: 45824 | DT16: 45835 | DV16: 45947 | DW16: 45959 | DZ16: 45803 | EA16: 45811 | EC16: =IF(D16='USS SUMMARY'!AE21,MIN('USS SUMMARY'!AH21:AL21),"") -> 45948 | ED16: 45959 | EG16: 45836 | EH16: 45843 | EJ16: 45965 | EK16: 45972 | EN16: 45844 | EO16: 45846 | EQ16: 45972 | ER16: 45973 | EU16: 45841 | EV16: 45842 | EX16: 45961 | EY16: 45961 | FB16: 45792 | FC16: 45815 | FE16: 45822 | FF16: 45962 | FI16: 45792 | FJ16: =FI16+25 -> 45817 | FL16: 45900 | FM16: 45921 | FP16: 45843 | FQ16: 45846 | FS16: 45961 | FT16: 45972 | FW16: 45847 | FX16: 45848 | FZ16: 45972 | GA16: 45979
A17: =ROW(A13) -> 13 | B17: PSS-08 | C17: ASEJ6PL | D17: WTG 208 | E17: F10 | F17: DNC | G17: 45762 | H17: =VLOOKUP($D17,'Stone Column Progress'!$D$6:$E$199,2,0) -> Bauer | I17: Yes | J17: 536418 | K17: 2675782 | O17: Done | P17: Done | R17: =VLOOKUP(D17,'Stone Column Progress'!$D$6:$M$199,7,0) -> 253 | S17: =VLOOKUP(D17,'Stone Column Progress'!$D$6:$M$199,9,0) -> 253 | T17: 45712 | U17: 45720 | W17: 45732 | X17: 45744 | Z17: Drawing release on 15Mar | AA17: YES | AB17: Saritha | AC17: 45722 | AD17: 45729 | AF17: 45812 | AG17: 45824 | AI17: 45732 | AJ17: 45733 | AL17: 45854 | AM17: 45863 | AP17: 45734 | AQ17: 45735 | AS17: 45864 | AT17: 45865 | AW17: 45736 | AX17: 45736 | AZ17: 45865 | BA17: 45865 | BD17: 45737 | BE17: 45738 | BG17: 45872 | BH17: 45872 | BK17: 45738 | BL17: 45745 | BN17: 45876 | BO17: 45893 | BR17: 45746 | BS17: 45747 | BU17: 45894 | BV17: 45895 | BZ17: 45748 | CA17: 45751 | CC17: 45903 | CG17: 45750 | CH17: 45750 | CJ17: 45905 | CK17: 45905 | CP17: 45759 | CQ17: 45769 | CS17: =MIN(INDEX('USS SUMMARY'!R:AB,MATCH($D17,'USS SUMMARY'!D:D,0),0)) -> 45906 | CT17: 46080 | CW17: 45744 | CX17: 45751 | CZ17: 45737 | DA17: 45763 | DD17: 45744 | DE17: 45751 | DK17: =_xlfn.XLOOKUP(D17,CranePad!$D$4:$D$195,CranePad!$E$4:$E$195,0,0,1) -> GP Project | DL17: 45753 | DM17: 45760 | DO17: 45797 | DP17: 45811 | DS17: 45807 | DT17: 45817 | DV17: 46075 | DZ17: 45789 | EA17: 45797 | EC17: =IF(D17='USS SUMMARY'!AE16,MIN('USS SUMMARY'!AH16:AL16),"") -> 0 | EG17: 45818 | EH17: 45825 | EN17: 45826 | EO17: 45828 | EU17: 45827 | EV17: 45828 | FB17: 45748 | FC17: 45784 | FI17: 45767 | FJ17: =FI17+25 -> 45792 | FL17: 45900 | FM17: 45919 | FP17: 45829 | FQ17: 45832 | FW17: 45833 | FX17: 45835
A18: =ROW(A14) -> 14 | B18: PSS-08 | C18: ASEJ6PL | D18: WTG 141 | E18: F10 | F18: DNC | G18: 45762 | H18: =VLOOKUP($D18,'Stone Column Progress'!$D$6:$E$199,2,0) -> Bauer | I18: Yes | J18: 533982 | K18: 2676416 | O18: Done | P18: Done | R18: =VLOOKUP(D18,'Stone Column Progress'!$D$6:$M$199,7,0) -> 253 | S18: =VLOOKUP(D18,'Stone Column Progress'!$D$6:$M$199,9,0) -> 253 | T18: 45705 | U18: 45715 | W18: 45763 | X18: 45773 | AI18: 45717 | AJ18: 45718 | AL18: 45812 | AM18: 45814 | AP18: 45719 | AQ18: 45719 | AS18: 45840 | AT18: 45842 | AV18: Delay due to water logging | AW18: 45720 | AX18: 45721 | AZ18: 45846 | BA18: 45846 | BD18: 45722 | BE18: 45723 | BG18: 45847 | BH18: 45847 | BK18: 45724 | BL18: 45734 | BN18: 45851 | BO18: 45866 | BR18: 45735 | BS18: 45736 | BU18: 45867 | BV18: 45868 | BZ18: 45741 | CA18: 45744 | CC18: 45882 | CG18: 45743 | CH18: 45743 | CJ18: 45883 | CK18: 45884 | CP18: 45753 | CQ18: 45763 | CS18: =MIN(INDEX('USS SUMMARY'!R:AB,MATCH($D18,'USS SUMMARY'!D:D,0),0)) -> 45864 | CT18: 45876 | CW18: 45738 | CX18: 45745 | CZ18: 45733 | DA18: 45762 | DD18: 45738 | DE18: 45745 | DG18: 46039 | DH18: 46042 | DK18: =_xlfn.XLOOKUP(D18,CranePad!$D$4:$D$195,CranePad!$E$4:$E$195,0,0,1) -> GP Project | DL18: 45747 | DM18: 45754 | DO18: 45795 | DP18: 45810 | DS18: 45791 | DT18: 45802 | DV18: 46046 | DW18: 46073 | DZ18: 45783 | EA18: 45791 | EC18: =IF(D18='USS SUMMARY'!AE17,MIN('USS SUMMARY'!AH17:AL17),"") -> 46070 | EG18: 45803 | EH18: 45810 | EJ18: 46077 | EK18: 46081 | EN18: 45811 | EO18: 45813 | EU18: 45811 | EV18: 45812 | FB18: 45748 | FC18: 45784 | FE18: 46075 | FI18: 45767 | FJ18: =FI18+25 -> 45792 | FL18: 45900 | FM18: 45919 | FP18: 45813 | FQ18: 45816 | FW18: 45817 | FX18: 45819
A19: =ROW(A15) -> 15 | B19: PSS-08 | C19: ASEJ6PL | D19: WTG 164 | E19: F10 | H19: =VLOOKUP($D19,'Stone Column Progress'!$D$6:$E$199,2,0) -> Bauer | I19: Yes | J19: 534805 | K19: 2676185 | O19: Done | P19: Done | R19: =VLOOKUP(D19,'Stone Column Progress'!$D$6:$M$199,7,0) -> 378 | S19: =VLOOKUP(D19,'Stone Column Progress'!$D$6:$M$199,9,0) -> 378 | T19: 45716 | U19: 45725 | W19: 45754 | X19: 45763 | AA19: YES | AB19: 1.Saritha 2.Bauer | AC19: 45726 | AD19: 45733 | AF19: 05-05-2025 12-2-2026 | AG19: 02-06-2025 26-02-2026 | AI19: 45734 | AJ19: 45735 | AP19: 45736 | AQ19: 45736 | AW19: 45737 | AX19: 45737 | BD19: 45738 | BE19: 45739 | BK19: 45739 | BL19: 45746 | BR19: 45746 | BS19: 45747 | BZ19: 45752 | CA19: 45755 | CG19: 45754 | CH19: 45754 | CP19: 45763 | CQ19: 45773 | CS19: =MIN(INDEX('USS SUMMARY'!R:AB,MATCH($D19,'USS SUMMARY'!D:D,0),0)) -> 0 | CW19: 45748 | CX19: 45755 | CZ19: 45733 | DA19: 45760 | DD19: 45748 | DE19: 45755 | DK19: =_xlfn.XLOOKUP(D19,CranePad!$D$4:$D$195,CranePad!$E$4:$E$195,0,0,1) -> GP Project | DL19: 45757 | DM19: 45764 | DO19: 45964 | DS19: 45803 | DT19: 45813 | DZ19: 45793 | EA19: 45801 | EC19: =IF(D19='USS SUMMARY'!AE18,MIN('USS SUMMARY'!AH18:AL18),"") -> 0 | EG19: 45814 | EH19: 45821 | EN19: 45822 | EO19: 45824 | EU19: 45826 | EV19: 45827 | FB19: 45748 | FC19: 45784 | FE19: 46075 | FI19: 45767 | FJ19: =FI19+25 -> 45792 | FL19: 45900 | FM19: 45919 | FP19: 45828 | FQ19: 45831 | FW19: 45832 | FX19: 45834
A20: =ROW(A16) -> 16 | B20: PSS-08 | C20: ARE3L | D20: WTG 352 | E20: F13 | F20: SHREEJI | G20: 45762 | H20: =VLOOKUP($D20,'Stone Column Progress'!$D$6:$E$199,2,0) -> Keller | I20: Yes | J20: 541786 | K20: 2672364 | O20: Done | P20: Done | R20: =VLOOKUP(D20,'Stone Column Progress'!$D$6:$M$199,7,0) -> 211 | S20: =VLOOKUP(D20,'Stone Column Progress'!$D$6:$M$199,9,0) -> 211 | T20: 45713 | U20: 45722 | W20: 45744 | X20: 45750 | AI20: 45723 | AJ20: 45724 | AL20: 45771 | AM20: 45773 | AP20: 45725 | AQ20: 45725 | AS20: 45773 | AT20: 45774 | AW20: 45726 | AX20: 45727 | AZ20: 45775 | BA20: 45775 | BD20: 45728 | BE20: 45729 | BG20: 45792 | BH20: 45793 | BK20: 45730 | BL20: 45740 | BN20: 45793 | BO20: 45801 | BR20: 45741 | BS20: 45742 | BU20: 45801 | BV20: 45801 | BZ20: 45747 | CA20: 45750 | CC20: 45810 | CD20: 45895 | CG20: 45749 | CH20: 45749 | CJ20: 45810 | CK20: 45810 | CP20: 45759 | CQ20: 45769 | CS20: =MIN(INDEX('USS SUMMARY'!R:AB,MATCH($D20,'USS SUMMARY'!D:D,0),0)) -> 45775 | CT20: 45812 | CW20: 45744 | CX20: 45751 | CZ20: 45805 | DA20: 45814 | DD20: 45744 | DE20: 45751 | DG20: 45808 | DH20: 45814 | DK20: =_xlfn.XLOOKUP(D20,CranePad!$D$4:$D$195,CranePad!$E$4:$E$195,0,0,1) -> Odhav | DL20: 45753 | DM20: 45760 | DO20: 45808 | DP20: 45814 | DS20: 45814 | DT20: 45825 | DV20: 45822 | DW20: 45841 | DZ20: 45789 | EA20: 45797 | EC20: =IF(D20='USS SUMMARY'!AE19,MIN('USS SUMMARY'!AH19:AL19),"") -> 45823 | ED20: 45858 | EG20: 45826 | EH20: 45833 | EJ20: 45845 | EK20: 45853 | EN20: 45834 | EO20: 45836 | EQ20: 45855 | ER20: 45856 | EU20: 45822 | EV20: 45823 | EX20: 45887 | EY20: 45887 | FB20: 45748 | FC20: 45784 | FE20: 45810 | FF20: 45823 | FI20: 45767 | FJ20: =FI20+25 -> 45792 | FL20: 45808 | FM20: 45827 | FP20: 45824 | FQ20: 45827 | FS20: 45890 | FT20: 45893 | FW20: 45837 | FX20: 45838 | FZ20: 45897 | GA20: 45897
A21: =ROW(A17) -> 17 | B21: PSS-08 | C21: ASEJ6PL | D21: WTG 186 | E21: F10 | F21: DNC | G21: 45762 | H21: =VLOOKUP($D21,'Stone Column Progress'!$D$6:$E$199,2,0) -> Bauer | I21: Yes | J21: 535604 | K21: 2675999 | O21: Done | P21: Done | R21: =VLOOKUP(D21,'Stone Column Progress'!$D$6:$M$199,7,0) -> 253 | S21: =VLOOKUP(D21,'Stone Column Progress'!$D$6:$M$199,9,0) -> 253 | T21: 45726 | U21: 45735 | W21: 45744 | X21: 45754 | AI21: 45736 | AJ21: 45737 | AL21: 45765 | AM21: 45768 | AP21: 45738 | AQ21: 45738 | AS21: 45769 | AT21: 45770 | AW21: 45739 | AX21: 45740 | AZ21: 45772 | BA21: 45772 | BD21: 45741 | BE21: 45742 | BG21: 45808 | BH21: 45808 | BK21: 45743 | BL21: 45753 | BN21: 45813 | BO21: 45828 | BR21: 45754 | BS21: 45755 | BU21: 45831 | BV21: 45832 | BZ21: 45760 | CA21: 45763 | CC21: 45895 | CD21: 46057 | CG21: 45762 | CH21: 45762 | CJ21: 45896 | CK21: 45896 | CP21: 45739 | CQ21: 45749 | CS21: =MIN(INDEX('USS SUMMARY'!R:AB,MATCH($D21,'USS SUMMARY'!D:D,0),0)) -> 45898 | CT21: 45902 | CW21: 45757 | CX21: 45764 | CZ21: Done | DA21: Done | DD21: 45757 | DE21: 45764 | DG21: 46024 | DH21: 46026 | DK21: =_xlfn.XLOOKUP(D21,CranePad!$D$4:$D$195,CranePad!$E$4:$E$195,0,0,1) -> GP Project | DL21: 45766 | DM21: 45773 | DO21: 45897 | DP21: 45903 | DS21: 45814 | DT21: 45824 | DV21: 46025 | DW21: 46037 | DZ21: 45779 | EA21: 45787 | EC21: =IF(D21='USS SUMMARY'!AE20,MIN('USS SUMMARY'!AH20:AL20),"") -> 46026 | ED21: 46073 | EG21: 45825 | EH21: 45832 | EJ21: 46042 | EK21: 46047 | EN21: 45833 | EO21: 45835 | EQ21: 46048 | ER21: 46048 | EU21: 45816 | EV21: =EU21+1 -> 45817 | FB21: 45748 | FC21: 45784 | FE21: 45977 | FI21: 45767 | FJ21: =FI21+25 -> 45792 | FL21: 45900 | FM21: 45919 | FP21: 45814 | FQ21: 45817 | FW21: 45836 | FX21: 45837
A22: =ROW(A18) -> 18 | B22: PSS-05 | C22: AHEJ5L | D22: WTG 199 | E22: F04 | F22: MSC | G22: 45747 | H22: =VLOOKUP($D22,'Stone Column Progress'!$D$6:$E$199,2,0) -> Bauer | I22: Yes | J22: 538550 | K22: 2660542 | O22: Done | P22: Done | R22: =VLOOKUP(D22,'Stone Column Progress'!$D$6:$M$199,7,0) -> 253 | S22: =VLOOKUP(D22,'Stone Column Progress'!$D$6:$M$199,9,0) -> 253 | T22: 45710 | U22: 45719 | W22: 45707 | X22: 45716 | AI22: 45739 | AJ22: 45740 | AL22: 45747 | AM22: 45748 | AP22: 45741 | AQ22: 45741 | AS22: 45748 | AT22: 45748 | AW22: 45742 | AX22: 45743 | AZ22: 45749 | BA22: 45749 | BD22: 45744 | BE22: 45745 | BG22: 45751 | BH22: 45753 | BK22: 45746 | BL22: 45756 | BN22: 45753 | BO22: 45764 | BR22: 45757 | BS22: 45758 | BU22: 45766 | BV22: 45767 | BZ22: 45763 | CA22: 45766 | CC22: 45939 | CD22: 45975 | CG22: 45765 | CH22: 45765 | CJ22: 45946 | CK22: 45946 | CP22: 45742 | CQ22: 45752 | CS22: =MIN(INDEX('USS SUMMARY'!R:AB,MATCH($D22,'USS SUMMARY'!D:D,0),0)) -> 45938 | CT22: 45946 | CW22: 45760 | CX22: 45767 | CZ22: 45946 | DA22: 45952 | DD22: 45760 | DE22: 45767 | DG22: 45939 | DH22: 45943 | DK22: =_xlfn.XLOOKUP(D22,CranePad!$D$4:$D$195,CranePad!$E$4:$E$195,0,0,1) -> SS Jadeja | DL22: 45769 | DM22: 45776 | DO22: 45940 | DP22: 45945 | DS22: 45842 | DT22: 45902 | DV22: 45948 | DW22: 45960 | DZ22: 45772 | EA22: 45780 | EC22: =IF(D22='USS SUMMARY'!AE22,MIN('USS SUMMARY'!AH22:AL22),"") -> 45954 | ED22: 45959 | EG22: 45903 | EH22: 45910 | EJ22: 45966 | EK22: 45972 | EN22: 45911 | EO22: 45913 | EQ22: 45972 | ER22: 45973 | EU22: 45897 | EV22: =EU22+1 -> 45898 | EX22: 45961 | EY22: 45961 | FB22: 45792 | FC22: 45815 | FE22: 45822 | FF22: 45963 | FI22: 45833 | FJ22: =FI22+25 -> 45858 | FL22: 45900 | FM22: 45921 | FP22: 45872 | FQ22: 45875 | FS22: 45962 | FT22: 45972 | FW22: 45914 | FX22: 45915 | FZ22: 45972 | GA22: 45979
A23: =ROW(A19) -> 19 | B23: PSS-05 | C23: AHEJ5L | D23: WTG 176 | E23: F03 | F23: MSC | G23: 45762 | H23: =VLOOKUP($D23,'Stone Column Progress'!$D$6:$E$199,2,0) -> Bauer | I23: Yes | J23: 537553 | K23: 2661818 | O23: Done | P23: Done | R23: =VLOOKUP(D23,'Stone Column Progress'!$D$6:$M$199,7,0) -> 253 | S23: =VLOOKUP(D23,'Stone Column Progress'!$D$6:$M$199,9,0) -> 253 | T23: 45739 | U23: 45749 | W23: 45763 | X23: 45768 | AI23: 45758 | AJ23: 45759 | AL23: 45773 | AM23: 45774 | AP23: 45760 | AQ23: 45760 | AS23: 45774 | AT23: 45775 | AW23: 45761 | AX23: 45762 | AZ23: 45775 | BA23: 45775 | BD23: 45763 | BE23: 45764 | BG23: 45776 | BH23: 45777 | BK23: 45765 | BL23: 45775 | BN23: 45777 | BO23: 45787 | BR23: 45776 | BS23: 45777 | BU23: 45789 | BV23: 45790 | BZ23: 45782 | CA23: 45785 | CC23: 45806 | CG23: 45784 | CH23: 45784 | CJ23: 45809 | CK23: 45809 | CP23: 45786 | CQ23: 45796 | CS23: =MIN(INDEX('USS SUMMARY'!R:AB,MATCH($D23,'USS SUMMARY'!D:D,0),0)) -> 45778 | CT23: 45813 | CW23: 45779 | CX23: 45786 | CZ23: Done | DA23: Done | DD23: 45779 | DE23: 45786 | DG23: 45940 | DH23: 45942 | DK23: =_xlfn.XLOOKUP(D23,CranePad!$D$4:$D$195,CranePad!$E$4:$E$195,0,0,1) -> GP Project | DL23: 45788 | DM23: 45795 | DO23: 45937 | DP23: 45942 | DS23: 45800 | DT23: 45811 | DV23: 45943 | DW23: 45956 | DZ23: 45806 | EA23: 45814 | EC23: =IF(D23='USS SUMMARY'!AE38,MIN('USS SUMMARY'!AH38:AL38),"") -> 45939 | ED23: 45956 | EG23: 45812 | EH23: 45819 | EJ23: 45960 | EK23: 45976 | EN23: 45820 | EO23: 45822 | EQ23: 45977 | ER23: 45979 | EU23: 45819 | EV23: 45820 | EX23: 45957 | EY23: 45957 | FB23: 45748 | FC23: 45784 | FE23: 45945 | FF23: 45980 | FI23: 45792 | FJ23: =FI23+25 -> 45817 | FL23: 45945 | FM23: 45969 | FP23: 45821 | FQ23: 45824 | FS23: 45965 | FT23: 45982 | FW23: 45825 | FX23: 45827 | FZ23: 45983 | GA23: 45987
A24: =ROW(A20) -> 20 | B24: PSS-11 | C24: AGE25CL | D24: WTG 378 | E24: F01 | F24: BHAVANI | G24: 45801 | H24: =VLOOKUP($D24,'Stone Column Progress'!$D$6:$E$199,2,0) -> Kamar/Menard | I24: Yes | J24: 542809 | K24: 2671113 | O24: Done | P24: Done | R24: =VLOOKUP(D24,'Stone Column Progress'!$D$6:$M$199,7,0) -> 253 | S24: =VLOOKUP(D24,'Stone Column Progress'!$D$6:$M$199,9,0) -> 253 | T24: 45749 | U24: 45758 | W24: 45689 | X24: 45755 | Z24: Shifted to PSS & Start this loc by menard on 1-Apr-25 | AI24: 45772 | AJ24: 45773 | AL24: 45803 | AM24: 45805 | AP24: 45774 | AQ24: 45774 | AS24: 45806 | AT24: 45807 | AW24: 45775 | AX24: 45776 | AZ24: 45808 | BA24: 45808 | BD24: 45777 | BE24: 45778 | BG24: 45816 | BH24: 45817 | BK24: 45779 | BL24: 45789 | BN24: 45818 | BO24: 45823 | BR24: 45790 | BS24: 45791 | BU24: 45829 | BV24: 45830 | BZ24: 45796 | CA24: 45799 | CC24: 45855 | CD24: 46003 | CG24: 45798 | CH24: 45798 | CJ24: 45893 | CK24: 45893 | CP24: 45785 | CQ24: 45795 | CS24: =MIN(INDEX('USS SUMMARY'!R:AB,MATCH($D24,'USS SUMMARY'!D:D,0),0)) -> 45879 | CT24: 45972 | CW24: 45793 | CX24: 45800 | CZ24: 45974 | DA24: 45977 | DD24: 45793 | DE24: 45800 | DG24: 45973 | DH24: 45977 | DK24: =_xlfn.XLOOKUP(D24,CranePad!$D$4:$D$195,CranePad!$E$4:$E$195,0,0,1) -> Odhav | DL24: 45795 | DM24: 45802 | DO24: 45967 | DP24: 45977 | DS24: 45936 | DT24: 45951 | DV24: 45981 | DW24: 45990 | DZ24: 45953 | EA24: 45961 | EC24: =IF(D24='USS SUMMARY'!AE65,MIN('USS SUMMARY'!AH65:AL65),"") -> 45974 | ED24: 45984 | EG24: 45952 | EH24: 45959 | EJ24: 45994 | EK24: 45999 | EN24: 45960 | EO24: 45962 | EQ24: 45999 | ER24: 46001 | EU24: 45968 | EV24: 45969 | EX24: 45985 | EY24: 45985 | FB24: 45935 | FC24: 45955 | FE24: 45971 | FF24: 46018 | FI24: 45925 | FJ24: =FI24+25 -> 45950 | FL24: 45960 | FM24: 45991 | FP24: 45970 | FQ24: 45973 | FS24: 46030 | FT24: 46053 | FW24: 45976 | FX24: 45977 | FZ24: 46059 | GA24: 46062
A25: =ROW(A21) -> 21 | B25: PSS-05 | C25: AHEJ5L | D25: WTG 002 | E25: F01 | F25: MSC | G25: 45706 | H25: =VLOOKUP($D25,'Stone Column Progress'!$D$6:$E$199,2,0) -> Bauer | I25: Yes | J25: 535036 | K25: 2662691 | O25: Done | P25: Done | R25: =VLOOKUP(D25,'Stone Column Progress'!$D$6:$M$199,7,0) -> 253 | S25: =VLOOKUP(D25,'Stone Column Progress'!$D$6:$M$199,9,0) -> 253 | T25: 45731 | U25: 45740 | W25: 45693 | X25: 45700 | AI25: 45742 | AJ25: 45743 | AL25: 45707 | AM25: 45708 | AP25: 45744 | AQ25: 45744 | AS25: 45708 | AT25: 45709 | AW25: 45745 | AX25: 45746 | AZ25: 45709 | BA25: 45709 | BD25: 45747 | BE25: 45748 | BG25: 45712 | BH25: 45712 | BK25: 45749 | BL25: 45759 | BN25: 45713 | BO25: 45717 | BR25: 45760 | BS25: 45761 | BU25: 45718 | BV25: 45718 | BZ25: 45766 | CA25: 45769 | CC25: 45858 | CD25: 45869 | CG25: 45768 | CH25: 45768 | CJ25: 45742 | CK25: 45742 | CP25: 45753 | CQ25: 45763 | CS25: =MIN(INDEX('USS SUMMARY'!R:AB,MATCH($D25,'USS SUMMARY'!D:D,0),0)) -> 45761 | CT25: 45813 | CW25: 45763 | CX25: 45770 | CZ25: 45723 | DA25: 45736 | DD25: 45763 | DE25: 45770 | DG25: 45935 | DH25: 45939 | DK25: =_xlfn.XLOOKUP(D25,CranePad!$D$4:$D$195,CranePad!$E$4:$E$195,0,0,1) -> SS Jadeja | DL25: 45772 | DM25: 45779 | DO25: 45736 | DP25: 45747 | DS25: 45798 | DT25: 45809 | DV25: 45941 | DW25: 45948 | DZ25: 45803 | EA25: 45811 | EC25: =IF(D25='USS SUMMARY'!AE24,MIN('USS SUMMARY'!AH24:AL24),"") -> 45920 | ED25: 45923 | EG25: 45810 | EH25: 45817 | EJ25: 45957 | EK25: 45967 | EN25: 45818 | EO25: 45820 | EQ25: 45967 | ER25: 45968 | EU25: 45821 | EV25: 45822 | EX25: 45953 | EY25: 45953 | FB25: 45748 | FC25: 45784 | FE25: 45807 | FF25: 45879 | FI25: 45792 | FJ25: =FI25+25 -> 45817 | FL25: 45945 | FM25: 45969 | FP25: 45823 | FQ25: 45826 | FS25: 45959 | FT25: 45974 | FW25: 45827 | FX25: 45828 | FZ25: 45975 | GA25: 45982
A26: =ROW(A22) -> 22 | B26: PSS-05 | C26: AHEJ5L | D26: WTG 133 | E26: F02 | F26: MSC | G26: 45762 | H26: =VLOOKUP($D26,'Stone Column Progress'!$D$6:$E$199,2,0) -> Bauer | I26: Yes | J26: 536049 | K26: 2661379 | O26: Done | P26: Done | R26: =VLOOKUP(D26,'Stone Column Progress'!$D$6:$M$199,7,0) -> 253 | S26: =VLOOKUP(D26,'Stone Column Progress'!$D$6:$M$199,9,0) -> 253 | T26: 45726 | U26: 45736 | W26: 45724 | X26: 45733 | AI26: 45756 | AJ26: 45757 | AL26: 45763 | AM26: 45764 | AP26: 45758 | AQ26: 45758 | AS26: 45764 | AT26: 45764 | AW26: 45759 | AX26: 45760 | AZ26: 45765 | BA26: 45765 | BD26: 45761 | BE26: 45762 | BG26: 45766 | BH26: 45767 | BK26: 45763 | BL26: 45773 | BN26: 45767 | BO26: 45778 | BR26: 45774 | BS26: 45775 | BU26: 45782 | BV26: 45783 | BZ26: 45780 | CA26: 45783 | CC26: 45792 | CD26: 45871 | CG26: 45782 | CH26: 45782 | CJ26: 45795 | CK26: 45795 | CP26: 45759 | CQ26: 45769 | CS26: =MIN(INDEX('USS SUMMARY'!R:AB,MATCH($D26,'USS SUMMARY'!D:D,0),0)) -> 45939 | CT26: 45944 | CW26: 45777 | CX26: 45784 | CZ26: 45956 | DA26: 45960 | DD26: 45777 | DE26: 45784 | DG26: 45954 | DH26: 45957 | DK26: =_xlfn.XLOOKUP(D26,CranePad!$D$4:$D$195,CranePad!$E$4:$E$195,0,0,1) -> GP Project | DL26: 45786 | DM26: 45793 | DO26: 45947 | DP26: 45957 | DS26: 45815 | DT26: 45825 | DV26: 45958 | DW26: 45974 | DZ26: 45804 | EA26: 45812 | EC26: =IF(D26='USS SUMMARY'!AE25,MIN('USS SUMMARY'!AH25:AL25),"") -> 45952 | ED26: 45964 | EG26: 45826 | EH26: 45833 | EJ26: 45974 | EK26: 45981 | EN26: 45834 | EO26: 45836 | EQ26: 45981 | ER26: 45982 | EU26: 45822 | EV26: 45823 | EX26: 45976 | EY26: 45976 | FB26: 45748 | FC26: 45784 | FE26: 45947 | FF26: 45981 | FI26: 45792 | FJ26: =FI26+25 -> 45817 | FL26: 45945 | FM26: 45969 | FP26: 45824 | FQ26: 45827 | FS26: 45979 | FT26: 45982 | FW26: 45837 | FX26: 45838 | FZ26: 45983 | GA26: 45987
A27: =ROW(A23) -> 23 | B27: PSS-05 | C27: AHEJ5L | D27: WTG 290 | E27: F07 | F27: AB INFRA | G27: 45716 | H27: =VLOOKUP($D27,'Stone Column Progress'!$D$6:$E$199,2,0) -> Bauer | I27: Yes | J27: 541903 | K27: 2659403 | O27: Done | P27: Done | R27: =VLOOKUP(D27,'Stone Column Progress'!$D$6:$M$199,7,0) -> 253 | S27: =VLOOKUP(D27,'Stone Column Progress'!$D$6:$M$199,9,0) -> 253 | T27: 45717 | U27: 45726 | W27: 45705 | X27: 45715 | AI27: 45731 | AJ27: 45732 | AL27: 45727 | AM27: 45729 | AP27: 45733 | AQ27: 45733 | AS27: 45732 | AT27: 45732 | AW27: 45734 | AX27: 45735 | AZ27: 45732 | BA27: 45733 | BD27: 45736 | BE27: 45737 | BG27: 45734 | BH27: 45734 | BK27: 45738 | BL27: 45748 | BN27: 45737 | BO27: 45744 | BR27: 45749 | BS27: 45750 | BU27: 45746 | BV27: 45747 | BZ27: 45755 | CA27: 45758 | CC27: 45758 | CD27: 45836 | CG27: 45757 | CH27: 45757 | CJ27: 45763 | CK27: 45763 | CP27: 45742 | CQ27: 45752 | CS27: =MIN(INDEX('USS SUMMARY'!R:AB,MATCH($D27,'USS SUMMARY'!D:D,0),0)) -> 45730 | CT27: 45780 | CW27: 45752 | CX27: 45759 | CZ27: Done | DA27: Done | DD27: 45752 | DE27: 45759 | DG27: 45880 | DH27: 45887 | DK27: =_xlfn.XLOOKUP(D27,CranePad!$D$4:$D$195,CranePad!$E$4:$E$195,0,0,1) -> GP Project | DL27: 45761 | DM27: 45768 | DO27: 45806 | DP27: 45845 | DS27: 45832 | DT27: 45853 | DV27: 45892 | DW27: 45930 | DZ27: 45792 | EA27: 45800 | EC27: =IF(D27='USS SUMMARY'!AE26,MIN('USS SUMMARY'!AH26:AL26),"") -> 45882 | ED27: 45915 | EG27: 45854 | EH27: 45861 | EJ27: 45931 | EK27: 45939 | EN27: 45862 | EO27: 45864 | EQ27: 45940 | ER27: 45941 | EU27: 45875 | EV27: 45876 | EX27: 45921 | EY27: 45921 | FB27: 45792 | FC27: 45815 | FE27: 45803 | FF27: 45946 | FI27: 45833 | FJ27: =FI27+25 -> 45858 | FL27: 45900 | FM27: 45921 | FP27: 45877 | FQ27: 45880 | FS27: 45928 | FT27: 45930 | FW27: 45881 | FX27: 45882 | FZ27: 45947 | GA27: 45957
A28: =ROW(A24) -> 24 | B28: PSS-05 | C28: AHEJ5L | D28: WTG 315 | E28: F07 | F28: SHREERAM | G28: 45708 | H28: =VLOOKUP($D28,'Stone Column Progress'!$D$6:$E$199,2,0) -> Bauer | I28: Yes | J28: 542753 | K28: 2659107 | O28: Done | P28: Done | R28: =VLOOKUP(D28,'Stone Column Progress'!$D$6:$M$199,7,0) -> 253 | S28: =VLOOKUP(D28,'Stone Column Progress'!$D$6:$M$199,9,0) -> 253 | T28: 45727 | U28: 45736 | W28: 45693 | X28: 45703 | AI28: 45738 | AJ28: 45739 | AL28: 45711 | AM28: 45712 | AP28: 45740 | AQ28: 45740 | AS28: 45713 | AT28: 45713 | AW28: 45741 | AX28: 45742 | AZ28: 45713 | BA28: 45713 | BD28: 45743 | BE28: 45744 | BG28: 45715 | BH28: 45715 | BK28: 45745 | BL28: 45755 | BN28: 45716 | BO28: 45727 | BR28: 45756 | BS28: 45757 | BU28: 45729 | BV28: 45729 | BZ28: 45762 | CA28: 45765 | CC28: 45735 | CD28: 45958 | CG28: 45764 | CH28: 45764 | CJ28: 45734 | CK28: 45734 | CP28: 45741 | CQ28: 45751 | CS28: =MIN(INDEX('USS SUMMARY'!R:AB,MATCH($D28,'USS SUMMARY'!D:D,0),0)) -> 45766 | CT28: 45868 | CW28: 45759 | CX28: 45766 | CZ28: 45734 | DA28: 45746 | DD28: 45759 | DE28: 45766 | DG28: 45746 | DH28: 45767 | DK28: =_xlfn.XLOOKUP(D28,CranePad!$D$4:$D$195,CranePad!$E$4:$E$195,0,0,1) -> GP Project | DL28: 45768 | DM28: 45775 | DO28: 45746 | DP28: 45767 | DS28: 45805 | DT28: 45815 | DV28: 45899 | DW28: 45912 | DZ28: 45781 | EA28: 45789 | EC28: =IF(D28='USS SUMMARY'!AE27,MIN('USS SUMMARY'!AH27:AL27),"") -> 45881 | ED28: 45918 | EG28: 45816 | EH28: 45823 | EJ28: 45914 | EK28: 45923 | EN28: 45824 | EO28: 45826 | EQ28: 45923 | ER28: 45924 | EU28: 45807 | EV28: =EU28+1 -> 45808 | EX28: 45920 | EY28: 45920 | FB28: 45748 | FC28: 45784 | FE28: 45800 | FF28: 45903 | FI28: 45792 | FJ28: =FI28+25 -> 45817 | FL28: 45900 | FM28: 45921 | FP28: 45806 | FQ28: 45809 | FS28: 45919 | FT28: 45925 | FW28: 45827 | FX28: 45829 | FZ28: 45945 | GA28: 45951
A29: =ROW(A25) -> 25 | B29: PSS-05 | C29: AHEJ5L | D29: WTG 266 | E29: F06 | F29: C&B | G29: 45708 | H29: =VLOOKUP($D29,'Stone Column Progress'!$D$6:$E$199,2,0) -> Bauer | I29: Yes | J29: 541076 | K29: 2659675 | O29: Done | P29: Done | R29: =VLOOKUP(D29,'Stone Column Progress'!$D$6:$M$199,7,0) -> 253 | S29: =VLOOKUP(D29,'Stone Column Progress'!$D$6:$M$199,9,0) -> 253 | T29: 45740 | U29: 45749 | W29: 45695 | X29: 45705 | AI29: 45757 | AJ29: 45758 | AL29: 45713 | AM29: 45715 | AP29: 45759 | AQ29: 45759 | AS29: 45715 | AT29: 45716 | AW29: 45760 | AX29: 45761 | AZ29: 45716 | BA29: 45716 | BD29: 45762 | BE29: 45763 | BG29: 45722 | BH29: 45723 | BK29: 45764 | BL29: 45774 | BN29: 45723 | BO29: 45737 | BR29: 45775 | BS29: 45776 | BU29: 45738 | BV29: 45740 | BZ29: 45781 | CA29: 45784 | CC29: 45747 | CD29: 45811 | CG29: 45783 | CH29: 45783 | CJ29: 45743 | CK29: 45743 | CP29: 45760 | CQ29: 45770 | CS29: =MIN(INDEX('USS SUMMARY'!R:AB,MATCH($D29,'USS SUMMARY'!D:D,0),0)) -> 45740 | CT29: 45817 | CW29: 45778 | CX29: 45785 | CZ29: 45729 | DA29: 45745 | DD29: 45778 | DE29: 45785 | DG29: 45887 | DH29: 45893 | DK29: =_xlfn.XLOOKUP(D29,CranePad!$D$4:$D$195,CranePad!$E$4:$E$195,0,0,1) -> GP Project | DL29: 45787 | DM29: 45794 | DO29: 45747 | DP29: 45758 | DS29: 45857 | DT29: 45880 | DV29: 45897 | DW29: 45926 | DZ29: 45820 | EA29: 45828 | EC29: =IF(D29='USS SUMMARY'!AE28,MIN('USS SUMMARY'!AH28:AL28),"") -> 45880 | ED29: 45919 | EG29: 45881 | EH29: 45888 | EJ29: 45927 | EK29: 45932 | EN29: 45889 | EO29: 45891 | EQ29: 45932 | ER29: 45934 | EU29: 45958 | EV29: 45959 | EX29: 45919 | EY29: 45919 | FB29: 45792 | FC29: 45815 | FE29: 45809 | FF29: 45810 | FI29: 45833 | FJ29: =FI29+25 -> 45858 | FL29: 45900 | FM29: 45921 | FP29: 45960 | FQ29: 45963 | FS29: 45928 | FT29: 45929 | FW29: 45964 | FX29: 45966 | FZ29: 45947 | GA29: 45957
A30: =ROW(A26) -> 26 | B30: PSS-05 | C30: AHEJ5L | D30: WTG 221 | E30: F04 | F30: MSC | G30: 45747 | H30: =VLOOKUP($D30,'Stone Column Progress'!$D$6:$E$199,2,0) -> Bauer | I30: Yes | J30: 539395 | K30: 2660244 | O30: Done | P30: Done | R30: =VLOOKUP(D30,'Stone Column Progress'!$D$6:$M$199,7,0) -> 253 | S30: =VLOOKUP(D30,'Stone Column Progress'!$D$6:$M$199,9,0) -> 253 | T30: 45720 | U30: 45729 | W30: 45706 | X30: 45717 | AA30: YES | AB30: Pinnacle | AC30: 45732 | AD30: 45738 | AF30: 45939 | AG30: 45947 | AI30: 45741 | AJ30: 45743 | AL30: 45965 | AM30: 45967 | AP30: 45744 | AQ30: 45744 | AS30: 45968 | AT30: 45968 | AW30: 45745 | AX30: 45745 | AZ30: 45968 | BA30: 45968 | BD30: 45746 | BE30: 45747 | BG30: 45972 | BH30: 45972 | BK30: 45748 | BL30: 45756 | BN30: 45972 | BO30: 45976 | BR30: 45757 | BS30: 45758 | BU30: 45977 | BV30: 45977 | BZ30: 45761 | CA30: 45764 | CC30: 45979 | CD30: 46004 | CG30: 45763 | CH30: 45763 | CJ30: 45979 | CK30: 45979 | CP30: 45765 | CQ30: 45775 | CS30: =MIN(INDEX('USS SUMMARY'!R:AB,MATCH($D30,'USS SUMMARY'!D:D,0),0)) -> 45982 | CT30: 45989 | CW30: 45752 | CX30: 45759 | CZ30: 45725 | DA30: 45740 | DD30: 45752 | DE30: 45759 | DG30: 45979 | DH30: 45985 | DK30: =_xlfn.XLOOKUP(D30,CranePad!$D$4:$D$195,CranePad!$E$4:$E$195,0,0,1) -> GP Project | DL30: 45761 | DM30: 45768 | DO30: 45741 | DP30: 45747 | DS30: 45805 | DT30: 45815 | DV30: 45986 | DW30: 45991 | DZ30: 45804 | EA30: 45812 | EC30: =IF(D30='USS SUMMARY'!AE29,MIN('USS SUMMARY'!AH29:AL29),"") -> 45689 | ED30: 45993 | EG30: 45816 | EH30: 45823 | EJ30: 45994 | EK30: 45998 | EN30: 45824 | EO30: 45826 | EQ30: 45998 | ER30: 46000 | EU30: 45817 | EV30: 45818 | EX30: 45994 | EY30: 45994 | FB30: 45748 | FC30: 45784 | FE30: 45807 | FF30: 45986 | FI30: 45792 | FJ30: =FI30+25 -> 45817 | FL30: 45900 | FM30: 45921 | FP30: 45819 | FQ30: 45822 | FS30: 45998 | FT30: 46006 | FW30: 45827 | FX30: 45829 | FZ30: 46006 | GA30: 46015
A31: =ROW(A27) -> 27 | B31: PSS-05 | C31: AHEJ5L | D31: WTG 243 | E31: F06 | F31: MSC | G31: 45758 | H31: =VLOOKUP($D31,'Stone Column Progress'!$D$6:$E$199,2,0) -> Bauer | I31: Yes | J31: 540229 | K31: 2659973 | O31: Done | P31: Done | R31: =VLOOKUP(D31,'Stone Column Progress'!$D$6:$M$199,7,0) -> 253 | S31: =VLOOKUP(D31,'Stone Column Progress'!$D$6:$M$199,9,0) -> 253 | T31: 45730 | U31: 45739 | W31: 45717 | X31: 45726 | AI31: 45747 | AJ31: 45748 | AL31: 45758 | AM31: 45759 | AP31: 45749 | AQ31: 45749 | AS31: 45759 | AT31: 45760 | AW31: 45750 | AX31: 45751 | AZ31: 45760 | BA31: 45760 | BD31: 45752 | BE31: 45753 | BG31: 45762 | BH31: 45762 | BK31: 45754 | BL31: 45764 | BN31: 45763 | BO31: 45768 | BR31: 45765 | BS31: 45766 | BU31: 45769 | BV31: 45769 | BZ31: 45771 | CA31: 45774 | CC31: 45773 | CD31: 45904 | CG31: 45773 | CH31: 45773 | CJ31: 45778 | CK31: 45778 | CP31: 45750 | CQ31: 45760 | CS31: =MIN(INDEX('USS SUMMARY'!R:AB,MATCH($D31,'USS SUMMARY'!D:D,0),0)) -> 45759 | CT31: 45800 | CW31: 45768 | CX31: 45775 | CZ31: 45733 | DA31: 45746 | DD31: 45768 | DE31: 45775 | DG31: 45863 | DH31: 45880 | DK31: =_xlfn.XLOOKUP(D31,CranePad!$D$4:$D$195,CranePad!$E$4:$E$195,0,0,1) -> GP Project | DL31: 45777 | DM31: 45784 | DO31: 45745 | DP31: 45751 | DS31: 45824 | DT31: 45844 | DV31: 45880 | DW31: 45891 | DZ31: 45805 | EA31: 45813 | EC31: =IF(D31='USS SUMMARY'!AE30,MIN('USS SUMMARY'!AH30:AL30),"") -> 45882 | ED31: 45918 | EG31: 45845 | EH31: 45852 | EJ31: 45895 | EK31: 45904 | EN31: 45853 | EO31: 45855 | EQ31: 45904 | ER31: 45905 | EU31: 45858 | EV31: 45859 | EX31: 45918 | EY31: 45918 | FB31: 45792 | FC31: 45815 | FE31: 45821 | FF31: 45923 | FI31: 45792 | FJ31: =FI31+25 -> 45817 | FL31: 45900 | FM31: 45921 | FP31: 45860 | FQ31: 45863 | FS31: 45919 | FT31: 45923 | FW31: 45864 | FX31: 45866 | FZ31: 45944 | GA31: 45951
A32: =ROW(A28) -> 28 | B32: PSS-05 | C32: AHEJ5L | D32: WTG 175 | E32: F03 | F32: MSC | G32: 45762 | H32: =VLOOKUP($D32,'Stone Column Progress'!$D$6:$E$199,2,0) -> Saritha | I32: Yes | J32: 537363 | K32: 2662804 | O32: Done | P32: Done | R32: =VLOOKUP(D32,'Stone Column Progress'!$D$6:$M$199,7,0) -> 253 | S32: =VLOOKUP(D32,'Stone Column Progress'!$D$6:$M$199,9,0) -> 253 | T32: 45728 | U32: 45738 | W32: 45748 | X32: 45794 | AI32: 45740 | AJ32: 45741 | AL32: 45799 | AM32: 45800 | AP32: 45742 | AQ32: 45742 | AS32: 45801 | AT32: 45801 | AW32: 45743 | AX32: 45744 | AZ32: 45801 | BA32: 45801 | BD32: 45745 | BE32: 45746 | BG32: 45803 | BH32: 45803 | BK32: 45747 | BL32: 45757 | BN32: 45804 | BO32: 45812 | BR32: 45758 | BS32: 45759 | BU32: 45813 | BV32: 45814 | BZ32: 45764 | CA32: 45767 | CC32: 45815 | CG32: 45766 | CH32: 45766 | CJ32: 45816 | CK32: 45816 | CP32: 45743 | CQ32: 45753 | CS32: =MIN(INDEX('USS SUMMARY'!R:AB,MATCH($D32,'USS SUMMARY'!D:D,0),0)) -> 45801 | CT32: 45805 | CW32: 45761 | CX32: 45768 | CZ32: 45956 | DA32: 45959 | DD32: 45761 | DE32: 45768 | DG32: 45956 | DH32: 45959 | DK32: =_xlfn.XLOOKUP(D32,CranePad!$D$4:$D$195,CranePad!$E$4:$E$195,0,0,1) -> GP Project | DL32: 45770 | DM32: 45777 | DO32: 45941 | DP32: 45950 | DS32: 45816 | DT32: 45826 | DV32: 45962 | DW32: 45977 | DZ32: 45778 | EA32: 45786 | EC32: =IF(D32='USS SUMMARY'!AE37,MIN('USS SUMMARY'!AH37:AL37),"") -> 45962 | ED32: 45964 | EG32: 45827 | EH32: 45833 | EJ32: 45978 | EK32: 45982 | EN32: 45834 | EO32: 45836 | EQ32: 45982 | ER32: 45983 | EU32: 45823 | EV32: =EU32+1 -> 45824 | EX32: 45966 | EY32: 45966 | FB32: 45748 | FC32: 45784 | FE32: 45949 | FF32: 45976 | FI32: 45792 | FJ32: =FI32+25 -> 45817 | FL32: 45945 | FM32: 45969 | FP32: 45798 | FQ32: 45801 | FS32: 45978 | FT32: 45982 | FW32: 45837 | FX32: 45838 | FZ32: 45983 | GA32: 45987
A33: =ROW(A29) -> 29 | B33: PSS-05 | C33: AHEJ5L | D33: WTG 132 | E33: F01 | F33: MSC | G33: 45762 | H33: =VLOOKUP($D33,'Stone Column Progress'!$D$6:$E$199,2,0) -> Bauer | I33: Yes | J33: 535878 | K33: 2662387 | O33: Done | P33: Done | R33: =VLOOKUP(D33,'Stone Column Progress'!$D$6:$M$199,7,0) -> 253 | S33: =VLOOKUP(D33,'Stone Column Progress'!$D$6:$M$199,9,0) -> 253 | T33: 45737 | U33: 45746 | W33: 45715 | X33: 45723 | AI33: 45748 | AJ33: 45749 | AL33: 45763 | AM33: 45764 | AP33: 45750 | AQ33: 45750 | AS33: 45764 | AT33: 45764 | AW33: 45751 | AX33: 45752 | AZ33: 45766 | BA33: 45766 | BD33: 45753 | BE33: 45754 | BG33: 45770 | BH33: 45770 | BK33: 45755 | BL33: 45765 | BN33: 45771 | BO33: 45777 | BR33: 45766 | BS33: 45767 | BU33: 45779 | BV33: 45780 | BZ33: 45772 | CA33: 45775 | CC33: 45789 | CG33: 45774 | CH33: 45774 | CJ33: 45794 | CK33: 45794 | CP33: 45751 | CQ33: 45761 | CS33: =MIN(INDEX('USS SUMMARY'!R:AB,MATCH($D33,'USS SUMMARY'!D:D,0),0)) -> 45778 | CT33: 45937 | CW33: 45769 | CX33: 45776 | CZ33: Done | DA33: Done | DD33: 45769 | DE33: 45776 | DG33: 45940 | DH33: 45941 | DK33: =_xlfn.XLOOKUP(D33,CranePad!$D$4:$D$195,CranePad!$E$4:$E$195,0,0,1) -> GP Project | DL33: 45778 | DM33: 45785 | DO33: 45777 | DP33: 45803 | DS33: 45810 | DT33: 45820 | DV33: 45941 | DW33: 45949 | DZ33: 45801 | EA33: 45809 | EC33: =IF(D33='USS SUMMARY'!AE32,MIN('USS SUMMARY'!AH32:AL32),"") -> 45931 | ED33: 45945 | EG33: 45821 | EH33: 45827 | EJ33: 45955 | EK33: 45963 | EN33: 45828 | EO33: 45830 | EQ33: 45963 | ER33: 45964 | EU33: 45824 | EV33: 45825 | EX33: 45953 | EY33: 45953 | FB33: 45748 | FC33: 45784 | FE33: 45804 | FF33: 45962 | FI33: 45792 | FJ33: =FI33+25 -> 45817 | FL33: 45945 | FM33: 45969 | FP33: 45826 | FQ33: 45829 | FS33: 45959 | FT33: 45974 | FW33: 45831 | FX33: 45832 | FZ33: 45975 | GA33: 45982
A34: =ROW(A30) -> 30 | B34: PSS-05 | C34: AHEJ5L | D34: WTG 153 | E34: F02 | F34: MSC | G34: 45762 | H34: =VLOOKUP($D34,'Stone Column Progress'!$D$6:$E$199,2,0) -> Bauer | I34: Yes | J34: 536712 | K34: 2662122 | O34: Done | P34: Done | R34: =VLOOKUP(D34,'Stone Column Progress'!$D$6:$M$199,7,0) -> 253 | S34: =VLOOKUP(D34,'Stone Column Progress'!$D$6:$M$199,9,0) -> 253 | T34: 45739 | U34: 45748 | W34: 45796 | X34: 45803 | AI34: 45750 | AJ34: 45751 | AL34: 45804 | AM34: 45805 | AP34: 45752 | AQ34: 45752 | AS34: 45806 | AT34: 45807 | AW34: 45753 | AX34: 45754 | AZ34: 45810 | BA34: 45810 | BD34: 45755 | BE34: 45756 | BG34: 45829 | BH34: 45830 | BK34: 45757 | BL34: 45767 | BN34: 45831 | BO34: 45836 | BR34: 45768 | BS34: 45769 | BU34: 45839 | BV34: 45840 | BZ34: 45774 | CA34: 45777 | CC34: 45844 | CG34: 45776 | CH34: 45776 | CJ34: 45847 | CK34: 45847 | CP34: 45761 | CQ34: 45771 | CS34: =MIN(INDEX('USS SUMMARY'!R:AB,MATCH($D34,'USS SUMMARY'!D:D,0),0)) -> 45810 | CT34: 45929 | CW34: 45771 | CX34: 45778 | CZ34: Done | DA34: Done | DD34: 45771 | DE34: 45778 | DG34: 45947 | DH34: 45961 | DK34: =_xlfn.XLOOKUP(D34,CranePad!$D$4:$D$195,CranePad!$E$4:$E$195,0,0,1) -> GP Project | DL34: 45780 | DM34: 45787 | DO34: 45934 | DP34: 45943 | DS34: 45821 | DT34: 45831 | DV34: 45958 | DW34: 45976 | DZ34: 45821 | EA34: 45829 | EC34: =IF(D34='USS SUMMARY'!AE34,MIN('USS SUMMARY'!AH34:AL34),"") -> 45938 | ED34: 45946 | EG34: 45832 | EH34: 45838 | EJ34: 45978 | EK34: 45983 | EN34: 45839 | EO34: 45841 | EQ34: 45983 | ER34: 45984 | EU34: 45874 | EV34: 45875 | EX34: 45954 | EY34: 45954 | FB34: 45792 | FC34: 45815 | FE34: 45881 | FF34: 45955 | FI34: 45833 | FJ34: =FI34+25 -> 45858 | FL34: 45945 | FM34: 45969 | FP34: 45876 | FQ34: 45879 | FS34: 45978 | FT34: 45982 | FW34: 45880 | FX34: 45882 | FZ34: 45982 | GA34: 45987
A35: =ROW(A31) -> 31 | B35: PSS-05 | C35: AHEJ5L | D35: WTG 197 | E35: F03 | F35: MSC | G35: 45762 | H35: =VLOOKUP($D35,'Stone Column Progress'!$D$6:$E$199,2,0) -> Bauer | I35: Yes | J35: 538197 | K35: 2662539 | O35: Done | P35: Done | R35: =VLOOKUP(D35,'Stone Column Progress'!$D$6:$M$199,7,0) -> 253 | S35: =VLOOKUP(D35,'Stone Column Progress'!$D$6:$M$199,9,0) -> 253 | T35: 45727 | U35: 45736 | W35: 45774 | X35: 45780 | AI35: 45745 | AJ35: 45746 | AL35: 45783 | AM35: 45784 | AP35: 45747 | AQ35: 45747 | AS35: 45785 | AT35: 45785 | AW35: 45748 | AX35: 45749 | AZ35: 45790 | BA35: 45790 | BD35: 45750 | BE35: 45751 | BG35: 45794 | BH35: 45794 | BK35: 45752 | BL35: 45762 | BN35: 45795 | BO35: 45821 | BR35: 45763 | BS35: 45764 | BU35: 45824 | BV35: 45825 | BZ35: 45769 | CA35: 45772 | CC35: 45956 | CG35: 45771 | CH35: 45771 | CJ35: 45957 | CK35: 45957 | CP35: 45796 | CQ35: 45806 | CS35: =MIN(INDEX('USS SUMMARY'!R:AB,MATCH($D35,'USS SUMMARY'!D:D,0),0)) -> 45784 | CT35: 45869 | CW35: 45766 | CX35: 45773 | CZ35: Done | DA35: Done | DD35: 45766 | DE35: 45773 | DG35: 45966 | DH35: 45969 | DK35: =_xlfn.XLOOKUP(D35,CranePad!$D$4:$D$195,CranePad!$E$4:$E$195,0,0,1) -> GP Project | DL35: 45775 | DM35: 45782 | DO35: 45942 | DP35: 45962 | DS35: 45839 | DT35: 45879 | DV35: 45969 | DW35: 45978 | DZ35: 45826 | EA35: 45834 | EC35: =IF(D35='USS SUMMARY'!AE41,MIN('USS SUMMARY'!AH41:AL41),"") -> 45973 | ED35: 45977 | EG35: 45880 | EH35: 45887 | EJ35: 45980 | EK35: 45983 | EN35: 45888 | EO35: 45890 | EQ35: 45983 | ER35: 45984 | EU35: 45934 | EV35: 45935 | EX35: 45978 | EY35: 45978 | FB35: 45792 | FC35: 45815 | FE35: 45954 | FF35: 45981 | FI35: 45833 | FJ35: =FI35+25 -> 45858 | FL35: 45945 | FM35: 45969 | FP35: 45936 | FQ35: 45939 | FS35: 45979 | FT35: 45982 | FW35: 45940 | FX35: 45942 | FZ35: 45983 | GA35: 45987
A36: =ROW(A32) -> 32 | B36: PSS-05 | C36: AHEJ5L | D36: WTG 155 | E36: F05 | F36: MSC | G36: 45801 | H36: =VLOOKUP($D36,'Stone Column Progress'!$D$6:$E$199,2,0) -> Bauer | I36: Yes | J36: 537091 | K36: 2660149 | O36: Done | P36: Done | R36: =VLOOKUP(D36,'Stone Column Progress'!$D$6:$M$199,7,0) -> 253 | S36: =VLOOKUP(D36,'Stone Column Progress'!$D$6:$M$199,9,0) -> 253 | T36: 45727 | U36: 45737 | W36: 45757 | X36: 45800 | AI36: 45739 | AJ36: 45740 | AL36: 45802 | AM36: 45803 | AP36: 45741 | AQ36: 45741 | AS36: 45804 | AT36: 45804 | AW36: 45742 | AX36: 45743 | AZ36: 45804 | BA36: 45804 | BD36: 45744 | BE36: 45745 | BG36: 45813 | BH36: 45814 | BK36: 45746 | BL36: 45756 | BN36: 45814 | BO36: 45820 | BR36: 45757 | BS36: 45758 | BU36: 45821 | BV36: 45822 | BZ36: 45763 | CA36: 45766 | CC36: 45842 | CG36: 45765 | CH36: 45765 | CJ36: 45843 | CK36: 45843 | CP36: 45742 | CQ36: 45752 | CS36: =MIN(INDEX('USS SUMMARY'!R:AB,MATCH($D36,'USS SUMMARY'!D:D,0),0)) -> 45925 | CT36: 45941 | CW36: 45760 | CX36: 45767 | CZ36: Done | DA36: Done | DD36: 45760 | DE36: 45767 | DG36: 45930 | DH36: 45932 | DK36: =_xlfn.XLOOKUP(D36,CranePad!$D$4:$D$195,CranePad!$E$4:$E$195,0,0,1) -> GP Project | DL36: 45769 | DM36: 45776 | DO36: 45923 | DP36: 45934 | DS36: 45826 | DT36: 45843 | DV36: 45935 | DW36: 45944 | DZ36: 45772 | EA36: 45780 | EC36: =IF(D36='USS SUMMARY'!AE35,MIN('USS SUMMARY'!AH35:AL35),"") -> 45946 | ED36: 45956 | EG36: 45844 | EH36: 45851 | EJ36: 45955 | EK36: 45961 | EN36: 45852 | EO36: 45854 | EQ36: 45961 | ER36: 45962 | EU36: 45835 | EV36: =EU36+1 -> 45836 | EX36: 45965 | EY36: 45965 | FB36: 45792 | FC36: 45815 | FE36: 45806 | FF36: 45947 | FI36: 45792 | FJ36: =FI36+25 -> 45817 | FL36: 45945 | FM36: 45969 | FP36: 45827 | FQ36: 45830 | FS36: 45966 | FT36: 45974 | FW36: 45855 | FX36: 45857 | FZ36: 45975 | GA36: 45982
A37: =ROW(A33) -> 33 | B37: PSS-05 | C37: AHEJ5L | D37: WTG 156 | E37: F05 | F37: MSC | G37: 45801 | H37: =VLOOKUP($D37,'Stone Column Progress'!$D$6:$E$199,2,0) -> Bauer | I37: Yes | J37: 537281 | K37: 2659163 | O37: Done | P37: Done | R37: =VLOOKUP(D37,'Stone Column Progress'!$D$6:$M$199,7,0) -> 253 | S37: =VLOOKUP(D37,'Stone Column Progress'!$D$6:$M$199,9,0) -> 253 | T37: 45738 | U37: 45747 | W37: 45793 | X37: 45797 | AI37: 45749 | AJ37: 45750 | AL37: 45801 | AM37: 45802 | AP37: 45751 | AQ37: 45751 | AS37: 45802 | AT37: 45803 | AW37: 45752 | AX37: 45753 | AZ37: 45803 | BA37: 45803 | BD37: 45754 | BE37: 45755 | BG37: 45808 | BH37: 45809 | BK37: 45756 | BL37: 45766 | BN37: 45810 | BO37: 45816 | BR37: 45767 | BS37: 45768 | BU37: 45819 | BV37: 45820 | BZ37: 45773 | CA37: 45776 | CC37: 45831 | CG37: 45775 | CH37: 45775 | CJ37: 45841 | CK37: 45841 | CP37: 45752 | CQ37: 45762 | CS37: =MIN(INDEX('USS SUMMARY'!R:AB,MATCH($D37,'USS SUMMARY'!D:D,0),0)) -> 45803 | CT37: 45808 | CW37: 45770 | CX37: 45777 | CZ37: Done | DA37: Done | DD37: 45770 | DE37: 45777 | DG37: 45925 | DH37: 45928 | DK37: =_xlfn.XLOOKUP(D37,CranePad!$D$4:$D$195,CranePad!$E$4:$E$195,0,0,1) -> GP Project | DL37: 45779 | DM37: 45786 | DO37: 45920 | DP37: 45930 | DS37: 45828 | DT37: 45851 | DV37: 45931 | DW37: 45940 | DZ37: 45782 | EA37: 45790 | EC37: =IF(D37='USS SUMMARY'!AE36,MIN('USS SUMMARY'!AH36:AL36),"") -> 45933 | ED37: 45956 | EG37: 45852 | EH37: 45859 | EJ37: 45944 | EK37: 45958 | EN37: 45860 | EO37: 45862 | EQ37: 45958 | ER37: 45959 | EU37: 45843 | EV37: =EU37+1 -> 45844 | EX37: 45947 | EY37: 45947 | FB37: 45792 | FC37: 45815 | FE37: 45920 | FF37: 45948 | FI37: 45792 | FJ37: =FI37+25 -> 45817 | FL37: 45945 | FM37: 45969 | FP37: 45837 | FQ37: 45840 | FS37: 45967 | FT37: 45974 | FW37: 45863 | FX37: 45865 | FZ37: 45975 | GA37: 45982
A38: =ROW(A34) -> 34 | B38: PSS-05 | C38: AHEJ5L | D38: WTG 131 | E38: F03 | F38: MSC | G38: 45762 | H38: =VLOOKUP($D38,'Stone Column Progress'!$D$6:$E$199,2,0) -> Bauer | I38: Yes | J38: 535688 | K38: 2663373 | O38: Done | P38: Done | R38: =VLOOKUP(D38,'Stone Column Progress'!$D$6:$M$199,7,0) -> 253 | S38: =VLOOKUP(D38,'Stone Column Progress'!$D$6:$M$199,9,0) -> 253 | T38: 45707 | U38: 45716 | W38: 45672 | X38: 45681 | AA38: YES | AB38: Keller | AC38: 45723 | AD38: 45730 | AF38: 45803 | AG38: 45811 | AI38: 45736 | AJ38: 45737 | AL38: 45833 | AM38: 45864 | AP38: 45738 | AQ38: 45738 | AS38: 45865 | AT38: 45865 | AW38: 45739 | AX38: 45740 | AZ38: 45868 | BA38: 45868 | BD38: 45741 | BE38: 45742 | BG38: 45870 | BH38: 45870 | BK38: 45743 | BL38: 45753 | BN38: 45874 | BO38: 45881 | BR38: 45754 | BS38: 45755 | BU38: 45900 | BV38: 45901 | BZ38: 45760 | CA38: 45763 | CC38: 45944 | CG38: 45762 | CH38: 45762 | CJ38: 45946 | CK38: 45946 | CP38: 45762 | CQ38: 45772 | CS38: =MIN(INDEX('USS SUMMARY'!R:AB,MATCH($D38,'USS SUMMARY'!D:D,0),0)) -> 45949 | CT38: 45959 | CW38: 45757 | CX38: 45764 | CZ38: 45754 | DA38: 45767 | DD38: 45757 | DE38: 45764 | DG38: 45955 | DH38: 45959 | DK38: =_xlfn.XLOOKUP(D38,CranePad!$D$4:$D$195,CranePad!$E$4:$E$195,0,0,1) -> GP Project | DL38: 45766 | DM38: 45773 | DO38: 45768 | DP38: 45787 | DS38: 45805 | DT38: 45815 | DV38: 45956 | DW38: 45977 | DZ38: 45812 | EA38: 45820 | EC38: =IF(D38='USS SUMMARY'!AE31,MIN('USS SUMMARY'!AH31:AL31),"") -> 45962 | ED38: 45964 | EG38: 45816 | EH38: 45823 | EJ38: 45980 | EK38: 45983 | EN38: 45824 | EO38: 45826 | EQ38: 45983 | ER38: 45985 | EU38: 45825 | EV38: 45826 | EX38: 45967 | EY38: 45967 | FB38: 45748 | FC38: 45784 | FE38: 45811 | FF38: 45979 | FI38: 45792 | FJ38: =FI38+25 -> 45817 | FL38: 45945 | FM38: 45969 | FP38: 45827 | FQ38: 45830 | FS38: 45978 | FT38: 45982 | FW38: 45831 | FX38: 45833 | FZ38: 45983 | GA38: 45987
A39: =ROW(A35) -> 35 | B39: PSS-05 | C39: AHEJ5L | D39: WTG 152 | E39: F02 | F39: MSC | G39: 45762 | H39: =VLOOKUP($D39,'Stone Column Progress'!$D$6:$E$199,2,0) -> Bauer | I39: Yes | J39: 536522 | K39: 2663108 | O39: Done | P39: Done | R39: =VLOOKUP(D39,'Stone Column Progress'!$D$6:$M$199,7,0) -> 253 | S39: =VLOOKUP(D39,'Stone Column Progress'!$D$6:$M$199,9,0) -> 253 | T39: 45717 | U39: 45726 | W39: 45782 | X39: 45796 | AI39: 45746 | AJ39: 45747 | AL39: 45806 | AM39: 45807 | AP39: 45748 | AQ39: 45748 | AS39: 45808 | AT39: 45808 | AW39: 45749 | AX39: 45750 | AZ39: 45814 | BA39: 45814 | BD39: 45751 | BE39: 45752 | BG39: 45874 | BH39: 45874 | BK39: 45753 | BL39: 45763 | BN39: 45876 | BO39: 45926 | BR39: 45764 | BS39: 45765 | BU39: 45927 | BV39: 45928 | BZ39: 45770 | CA39: 45773 | CC39: 45941 | CG39: 45772 | CH39: 45772 | CJ39: 45954 | CK39: 45954 | CP39: 45749 | CQ39: 45759 | CS39: =MIN(INDEX('USS SUMMARY'!R:AB,MATCH($D39,'USS SUMMARY'!D:D,0),0)) -> 45809 | CT39: 45822 | CW39: 45767 | CX39: 45774 | CZ39: Done | DA39: Done | DD39: 45767 | DE39: 45774 | DG39: 45947 | DH39: 45953 | DK39: =_xlfn.XLOOKUP(D39,CranePad!$D$4:$D$195,CranePad!$E$4:$E$195,0,0,1) -> GP Project | DL39: 45776 | DM39: 45783 | DO39: 45935 | DP39: 45944 | DS39: 45829 | DT39: 45847 | DV39: 45951 | DW39: 45974 | DZ39: 45779 | EA39: 45787 | EC39: =IF(D39='USS SUMMARY'!AE33,MIN('USS SUMMARY'!AH33:AL33),"") -> 45958 | ED39: 45976 | EG39: 45848 | EH39: 45855 | EJ39: 45975 | EK39: 45982 | EN39: 45856 | EO39: 45858 | EQ39: 45982 | ER39: 45985 | EU39: 45887 | EV39: 45888 | EX39: 45966 | EY39: 45966 | FB39: 45792 | FC39: 45815 | FE39: 45885 | FF39: 45954 | FI39: 45833 | FJ39: =FI39+25 -> 45858 | FL39: 45945 | FM39: 45969 | FP39: 45889 | FQ39: 45892 | FS39: 45978 | FT39: 45982 | FW39: 45893 | FX39: 45895 | FZ39: 45982 | GA39: 45987
A40: =ROW(A36) -> 36 | B40: PSS-05 | C40: AHEJ5L | D40: WTG 178 | E40: F04 | F40: MSC | G40: 45747 | H40: =VLOOKUP($D40,'Stone Column Progress'!$D$6:$E$199,2,0) -> Bauer | I40: Yes | J40: 537933 | K40: 2659845 | O40: Done | P40: Done | R40: =VLOOKUP(D40,'Stone Column Progress'!$D$6:$M$199,7,0) -> 253 | S40: =VLOOKUP(D40,'Stone Column Progress'!$D$6:$M$199,9,0) -> 253 | T40: 45724 | U40: 45735 | W40: 45780 | X40: 45798 | AA40: YES | AB40: Keller | AF40: 45809 | AG40: 45821 | AI40: 45737 | AJ40: 45738 | AL40: 45827 | AM40: 45828 | AP40: 45739 | AQ40: 45739 | AS40: 45828 | AT40: 45829 | AW40: 45740 | AX40: 45741 | AZ40: 45829 | BA40: 45829 | BD40: 45742 | BE40: 45743 | BG40: 45834 | BH40: 45834 | BK40: 45744 | BL40: 45754 | BN40: 45840 | BO40: 45860 | BR40: 45755 | BS40: 45756 | BU40: 45860 | BV40: 45861 | BZ40: 45761 | CA40: 45764 | CC40: 45868 | CD40: 45885 | CG40: 45763 | CH40: 45763 | CJ40: 45879 | CK40: 45879 | CP40: 45788 | CQ40: 45798 | CS40: =MIN(INDEX('USS SUMMARY'!R:AB,MATCH($D40,'USS SUMMARY'!D:D,0),0)) -> 45828 | CT40: 45874 | CW40: 45758 | CX40: 45765 | CZ40: Done | DA40: Done | DD40: 45758 | DE40: 45765 | DG40: 45936 | DH40: 45938 | DK40: =_xlfn.XLOOKUP(D40,CranePad!$D$4:$D$195,CranePad!$E$4:$E$195,0,0,1) -> GP Project | DL40: 45767 | DM40: 45774 | DO40: 45894 | DP40: 45919 | DS40: 45812 | DT40: 45823 | DV40: 45938 | DW40: 45945 | DZ40: 45808 | EA40: 45816 | EC40: =IF(D40='USS SUMMARY'!AE39,MIN('USS SUMMARY'!AH39:AL39),"") -> 45922 | ED40: 45936 | EG40: 45824 | EH40: 45831 | EJ40: 45945 | EK40: 45950 | EN40: 45832 | EO40: 45834 | EQ40: 45950 | ER40: 45951 | EU40: 45826 | EV40: 45827 | EX40: 45941 | EY40: 45941 | FB40: 45748 | FC40: 45784 | FE40: 45809 | FF40: 45949 | FI40: 45792 | FJ40: =FI40+25 -> 45817 | FL40: 45900 | FM40: 45921 | FP40: 45828 | FQ40: 45831 | FS40: 45949 | FT40: 45952 | FW40: 45835 | FX40: 45837 | FZ40: 45953 | GA40: 45957
A41: =ROW(A37) -> 37 | B41: PSS-05 | C41: AHEJ5L | D41: WTG 179 | E41: F05 | F41: MSC | G41: 45801 | H41: =VLOOKUP($D41,'Stone Column Progress'!$D$6:$E$199,2,0) -> Bauer | I41: Yes | J41: 538123 | K41: 2658859 | O41: Done | P41: Done | R41: =VLOOKUP(D41,'Stone Column Progress'!$D$6:$M$199,7,0) -> 253 | S41: =VLOOKUP(D41,'Stone Column Progress'!$D$6:$M$199,9,0) -> 253 | T41: 45736 | U41: 45746 | W41: 45776 | X41: 45792 | AI41: 45748 | AJ41: 45749 | AL41: 45803 | AM41: 45804 | AP41: 45750 | AQ41: 45750 | AS41: 45804 | AT41: 45804 | AW41: 45751 | AX41: 45752 | AZ41: 45805 | BA41: 45805 | BD41: 45753 | BE41: 45754 | BG41: 45817 | BH41: 45818 | BK41: 45755 | BL41: 45765 | BN41: 45819 | BO41: 45826 | BR41: 45766 | BS41: 45767 | BU41: 45828 | BV41: 45828 | BZ41: 45772 | CA41: 45775 | CC41: 45833 | CD41: 45977 | CG41: 45774 | CH41: 45774 | CJ41: 45842 | CK41: 45842 | CP41: 45784 | CQ41: 45794 | CS41: =MIN(INDEX('USS SUMMARY'!R:AB,MATCH($D41,'USS SUMMARY'!D:D,0),0)) -> 45807 | CT41: 45821 | CW41: 45769 | CX41: 45776 | CZ41: Done | DA41: Done | DD41: 45769 | DE41: 45776 | DG41: 45890 | DH41: 45928 | DK41: =_xlfn.XLOOKUP(D41,CranePad!$D$4:$D$195,CranePad!$E$4:$E$195,0,0,1) -> GP Project | DL41: 45778 | DM41: 45785 | DO41: 45817 | DP41: 45835 | DS41: 45824 | DT41: 45848 | DV41: 45924 | DW41: 45938 | DZ41: 45809 | EA41: 45817 | EC41: =IF(D41='USS SUMMARY'!AE40,MIN('USS SUMMARY'!AH40:AL40),"") -> 45927 | ED41: 45939 | EG41: 45849 | EH41: 45856 | EJ41: 45940 | EK41: 45947 | EN41: 45857 | EO41: 45859 | EQ41: 45957 | ER41: 45959 | EU41: 45912 | EV41: 45913 | EX41: 45939 | EY41: 45939 | FB41: 45792 | FC41: 45815 | FE41: 45816 | FF41: 45963 | FI41: 45833 | FJ41: =FI41+25 -> 45858 | FL41: 45945 | FM41: 45969 | FP41: 45914 | FQ41: 45917 | FS41: 45960 | FT41: 45974 | FW41: 45918 | FX41: 45919 | FZ41: 45975 | GA41: 45982
A42: =ROW(A38) -> 38 | B42: PSS-08 | C42: ASEJ6PL | D42: WTG 400 | E42: F12 | F42: SHREEJI | G42: 45762 | H42: =VLOOKUP($D42,'Stone Column Progress'!$D$6:$E$199,2,0) -> Keller | I42: Yes | J42: 543080 | K42: 2673767 | O42: Done | P42: Done | R42: =VLOOKUP(D42,'Stone Column Progress'!$D$6:$M$199,7,0) -> 253 | S42: =VLOOKUP(D42,'Stone Column Progress'!$D$6:$M$199,9,0) -> 253 | T42: 45714 | U42: 45723 | W42: 45759 | X42: 45812 | AI42: 45724 | AJ42: 45725 | AL42: 45819 | AM42: 45827 | AP42: 45726 | AQ42: 45726 | AS42: 45828 | AT42: 45829 | AW42: 45727 | AX42: 45728 | AZ42: 45830 | BA42: 45830 | BD42: 45729 | BE42: 45730 | BG42: 45831 | BH42: 45831 | BK42: 45731 | BL42: 45741 | BN42: 45833 | BO42: 45847 | BR42: 45742 | BS42: 45743 | BU42: 45848 | BV42: 45849 | BZ42: 45748 | CA42: 45751 | CC42: 45861 | CD42: 45992 | CG42: 45750 | CH42: 45750 | CJ42: 45855 | CK42: 45855 | CP42: 45755 | CQ42: 45765 | CS42: =MIN(INDEX('USS SUMMARY'!R:AB,MATCH($D42,'USS SUMMARY'!D:D,0),0)) -> 45962 | CT42: 45966 | CW42: 45745 | CX42: 45752 | CZ42: 45959 | DA42: 45960 | DD42: 45745 | DE42: 45752 | DG42: 45957 | DH42: 45959 | DK42: =_xlfn.XLOOKUP(D42,CranePad!$D$4:$D$195,CranePad!$E$4:$E$195,0,0,1) -> Odhav | DL42: 45754 | DM42: 45761 | DO42: 45903 | DP42: 45958 | DS42: 45810 | DT42: 45820 | DV42: 45960 | DW42: 45974 | DZ42: 45775 | EA42: 45783 | EC42: =IF(D42='USS SUMMARY'!AE15,MIN('USS SUMMARY'!AH15:AL15),"") -> 45968 | ED42: 45974 | EG42: 45821 | EH42: 45828 | EJ42: 45974 | EK42: 45980 | EN42: 45829 | EO42: 45831 | EQ42: 45986 | ER42: 45988 | EU42: 45813 | EV42: 45814 | EX42: 45975 | EY42: 45975 | FB42: 45748 | FC42: 45784 | FE42: 45811 | FF42: 45823 | FI42: 45767 | FJ42: =FI42+25 -> 45792 | FL42: 45900 | FM42: 45919 | FP42: 45815 | FQ42: 45818 | FS42: 45986 | FT42: 45990 | FW42: 45832 | FX42: 45834 | FZ42: 45994
A43: =ROW(A39) -> 39 | B43: PSS-05 | C43: AHEJ5L | D43: WTG 198 | E43: F03 | F43: MSC | G43: 45762 | H43: =VLOOKUP($D43,'Stone Column Progress'!$D$6:$E$199,2,0) -> Bauer | I43: Yes | J43: 538387 | K43: 2661553 | O43: Done | P43: Done | R43: =VLOOKUP(D43,'Stone Column Progress'!$D$6:$M$199,7,0) -> 451 | S43: =VLOOKUP(D43,'Stone Column Progress'!$D$6:$M$199,9,0) -> 451 | T43: 45737 | U43: 45746 | W43: 45717 | X43: 45762 | Z43: Rig shifted to PSS | AA43: YES | AB43: ITDC/Bauer | AC43: 45750 | AD43: 45757 | AF43: 29-May-25 2-Nov-25 | AG43: 09-Jun-25 14-Nov-25 | AI43: 45760 | AJ43: 45761 | AL43: 45977 | AM43: 45978 | AP43: 45762 | AQ43: 45762 | AS43: 45978 | AT43: 45979 | AW43: 45763 | AX43: 45764 | AZ43: 45979 | BA43: 45979 | BD43: 45765 | BE43: 45765 | BG43: 45979 | BH43: 45981 | BK43: 45766 | BL43: 45776 | BN43: 45981 | BO43: 45984 | BR43: 45777 | BS43: 45777 | BU43: 45985 | BV43: 45986 | BZ43: 45780 | CA43: 45785 | CC43: 45994 | CD43: 46006 | CG43: 45784 | CH43: 45784 | CJ43: 45995 | CK43: 45995 | CP43: 45789 | CQ43: 45799 | CS43: =MIN(INDEX('USS SUMMARY'!R:AB,MATCH($D43,'USS SUMMARY'!D:D,0),0)) -> 45979 | CT43: 45990 | CW43: 45769 | CX43: 45776 | CZ43: Done | DA43: Done | DD43: 45769 | DE43: 45776 | DG43: 45991 | DH43: 45993 | DK43: =_xlfn.XLOOKUP(D43,CranePad!$D$4:$D$195,CranePad!$E$4:$E$195,0,0,1) -> Varudi | DL43: 45778 | DM43: 45785 | DO43: 45799 | DP43: 45810 | DS43: 45812 | DT43: 45823 | DV43: 45992 | DW43: 46004 | DZ43: 45809 | EA43: 45817 | EC43: =IF(D43='USS SUMMARY'!AE42,MIN('USS SUMMARY'!AH42:AL42),"") -> 45991 | ED43: 45996 | EG43: 45824 | EH43: 45831 | EJ43: 46006 | EK43: 46008 | EN43: 45832 | EO43: 45834 | EQ43: 46008 | ER43: 46009 | EU43: 45827 | EV43: 45828 | EX43: 45997 | EY43: 45997 | FB43: 45748 | FC43: 45784 | FE43: 45956 | FF43: 45980 | FI43: 45792 | FJ43: =FI43+25 -> 45817 | FL43: 45945 | FM43: 45969 | FP43: 45829 | FQ43: 45832 | FS43: 46006 | FT43: 46010 | FW43: 45835 | FX43: 45837 | FZ43: 46010 | GA43: 46015 | GE43: Location falling under transmission line, due to that loc. co-ordinates change
A44: =ROW(A40) -> 40 | B44: PSS-05 | C44: AHEJ5L | D44: WTG 200 | E44: F04 | F44: MSC | G44: 45747 | H44: =VLOOKUP($D44,'Stone Column Progress'!$D$6:$E$199,2,0) -> Bauer | I44: Yes | J44: 538767 | K44: 2659580 | O44: Done | P44: Done | R44: =VLOOKUP(D44,'Stone Column Progress'!$D$6:$M$199,7,0) -> 253 | S44: =VLOOKUP(D44,'Stone Column Progress'!$D$6:$M$199,9,0) -> 253 | T44: 45708 | U44: 45717 | W44: 45727 | X44: 45737 | Z44: RIG shifting from Loc.243 | AI44: 45737 | AJ44: 45738 | AL44: 45749 | AM44: 45750 | AP44: 45739 | AQ44: 45739 | AS44: 45750 | AT44: 45750 | AW44: 45740 | AX44: 45741 | AZ44: 45751 | BA44: 45751 | BD44: 45742 | BE44: 45743 | BG44: 45752 | BH44: 45753 | BK44: 45744 | BL44: 45754 | BN44: 45753 | BO44: 45759 | BR44: 45755 | BS44: 45756 | BU44: 45760 | BV44: 45761 | BZ44: 45761 | CA44: 45764 | CC44: 45764 | CD44: 45886 | CG44: 45763 | CH44: 45763 | CJ44: 45778 | CK44: 45778 | CP44: 45768 | CQ44: 45778 | CS44: =MIN(INDEX('USS SUMMARY'!R:AB,MATCH($D44,'USS SUMMARY'!D:D,0),0)) -> 45761 | CT44: 45821 | CW44: 45758 | CX44: 45765 | CZ44: Done | DA44: Done | DD44: 45758 | DE44: 45765 | DG44: 45940 | DH44: 45942 | DK44: =_xlfn.XLOOKUP(D44,CranePad!$D$4:$D$195,CranePad!$E$4:$E$195,0,0,1) -> Varudi | DL44: 45767 | DM44: 45774 | DO44: 45746 | DP44: 45758 | DS44: 45816 | DT44: 45826 | DV44: 45931 | DW44: 45943 | DZ44: 45803 | EA44: 45811 | EC44: =IF(D44='USS SUMMARY'!AE43,MIN('USS SUMMARY'!AH43:AL43),"") -> 45918 | ED44: 45943 | EG44: 45827 | EH44: 45833 | EJ44: 45945 | EK44: 45950 | EN44: 45834 | EO44: 45836 | EQ44: 45950 | ER44: 45951 | EU44: 45831 | EV44: 45832 | EX44: 45948 | EY44: 45948 | FB44: 45748 | FC44: 45784 | FE44: 45803 | FF44: 45949 | FI44: 45792 | FJ44: =FI44+25 -> 45817 | FL44: 45900 | FM44: 45921 | FP44: 45833 | FQ44: 45836 | FS44: 45949 | FT44: 45952 | FW44: 45837 | FX44: 45838 | FZ44: 45953 | GA44: 45957
A45: =ROW(A41) -> 41 | B45: PSS-05 | C45: AHEJ5L | D45: WTG 201 | E45: F08 | F45: ODHAV | G45: 45779 | H45: =VLOOKUP($D45,'Stone Column Progress'!$D$6:$E$199,2,0) -> Bauer | I45: Yes | J45: 538957 | K45: 2658594 | O45: Done | P45: Done | R45: =VLOOKUP(D45,'Stone Column Progress'!$D$6:$M$199,7,0) -> 253 | S45: =VLOOKUP(D45,'Stone Column Progress'!$D$6:$M$199,9,0) -> 253 | T45: 45747 | U45: 45757 | W45: 45762 | X45: 45768 | AI45: 45758 | AJ45: 45759 | AL45: 45780 | AM45: 45781 | AP45: 45760 | AQ45: 45760 | AS45: 45781 | AT45: 45782 | AW45: 45761 | AX45: 45762 | AZ45: 45783 | BA45: 45783 | BD45: 45763 | BE45: 45764 | BG45: 45806 | BH45: 45806 | BK45: 45765 | BL45: 45775 | BN45: 45806 | BO45: 45821 | BR45: 45776 | BS45: 45777 | BU45: 45823 | BV45: 45824 | BZ45: 45782 | CA45: 45785 | CC45: 45834 | CD45: 45958 | CG45: 45784 | CH45: 45784 | CJ45: 45865 | CK45: 45865 | CP45: 45794 | CQ45: 45804 | CS45: =MIN(INDEX('USS SUMMARY'!R:AB,MATCH($D45,'USS SUMMARY'!D:D,0),0)) -> 45783 | CT45: 45916 | CW45: 45779 | CX45: 45786 | CZ45: 45689 | DA45: 45708 | DD45: 45779 | DE45: 45786 | DG45: 45890 | DH45: 45896 | DK45: =_xlfn.XLOOKUP(D45,CranePad!$D$4:$D$195,CranePad!$E$4:$E$195,0,0,1) -> Varudi | DL45: 45788 | DM45: 45795 | DO45: 45902 | DP45: 45920 | DS45: 45889 | DT45: 45942 | DV45: 45921 | DW45: 45932 | DZ45: 45824 | EA45: 45832 | EC45: =IF(D45='USS SUMMARY'!AE44,MIN('USS SUMMARY'!AH44:AL44),"") -> 45916 | ED45: 45922 | EG45: 45943 | EH45: 45950 | EJ45: 45933 | EK45: 45945 | EN45: 45951 | EO45: 45953 | EQ45: 45945 | ER45: 45947 | EU45: 45962 | EV45: 45963 | EX45: 45948 | EY45: 45948 | FB45: 45792 | FC45: 45815 | FE45: 45942 | FF45: 45950 | FI45: 45833 | FJ45: =FI45+25 -> 45858 | FL45: 45900 | FM45: 45921 | FP45: 45964 | FQ45: 45967 | FS45: 45949 | FT45: 45952 | FW45: 45968 | FX45: 45970 | FZ45: 45953 | GA45: 45957
A46: =ROW(A42) -> 42 | B46: PSS-05 | C46: AHEJ5L | D46: WTG 222 | E46: F06 | F46: MSC | G46: 45762 | H46: =VLOOKUP($D46,'Stone Column Progress'!$D$6:$E$199,2,0) -> Bauer | I46: Yes | J46: 539608 | K46: 2659276 | O46: Done | P46: Done | R46: =VLOOKUP(D46,'Stone Column Progress'!$D$6:$M$199,7,0) -> 253 | S46: =VLOOKUP(D46,'Stone Column Progress'!$D$6:$M$199,9,0) -> 253 | T46: 45718 | U46: 45727 | W46: 45737 | X46: 45750 | Z46: Drawing release on 17Mar | AI46: 45747 | AJ46: 45748 | AL46: 45762 | AM46: 45763 | AP46: 45749 | AQ46: 45749 | AS46: 45763 | AT46: 45763 | AW46: 45750 | AX46: 45751 | AZ46: 45763 | BA46: 45763 | BD46: 45752 | BE46: 45753 | BG46: 45766 | BH46: 45767 | BK46: 45754 | BL46: 45764 | BN46: 45768 | BO46: 45783 | BR46: 45765 | BS46: 45766 | BU46: 45784 | BV46: 45785 | BZ46: 45771 | CA46: 45774 | CC46: 45793 | CD46: 45903 | CG46: 45773 | CH46: 45773 | CJ46: 45797 | CK46: 45797 | CP46: 45788 | CQ46: 45798 | CS46: =MIN(INDEX('USS SUMMARY'!R:AB,MATCH($D46,'USS SUMMARY'!D:D,0),0)) -> 45762 | CT46: 45800 | CW46: 45768 | CX46: 45775 | CZ46: 45689 | DA46: 45708 | DD46: 45768 | DE46: 45775 | DG46: 45859 | DH46: 45878 | DK46: =_xlfn.XLOOKUP(D46,CranePad!$D$4:$D$195,CranePad!$E$4:$E$195,0,0,1) -> Varudi | DL46: 45777 | DM46: 45784 | DO46: 45759 | DP46: 45776 | DS46: 45829 | DT46: 45870 | DV46: 45878 | DW46: 45886 | DZ46: 45818 | EA46: 45826 | EC46: =IF(D46='USS SUMMARY'!AE45,MIN('USS SUMMARY'!AH45:AL45),"") -> 45880 | ED46: 45919 | EG46: 45871 | EH46: 45878 | EJ46: 45887 | EK46: 45893 | EN46: 45879 | EO46: 45881 | EQ46: 45900 | ER46: 45902 | EU46: 45906 | EV46: 45907 | EX46: 45918 | EY46: 45918 | FB46: 45792 | FC46: 45815 | FE46: 45858 | FF46: 45923 | FI46: 45833 | FJ46: =FI46+25 -> 45858 | FL46: 45900 | FM46: 45921 | FP46: 45908 | FQ46: 45911 | FS46: 45919 | FT46: 45923 | FW46: 45912 | FX46: 45914 | FZ46: 45944 | GA46: 45951
A47: =ROW(A43) -> 43 | B47: PSS-05 | C47: AHEJ5L | D47: WTG 223 | E47: F08 | F47: MSC | G47: 45784 | H47: =VLOOKUP($D47,'Stone Column Progress'!$D$6:$E$199,2,0) -> Bauer | I47: Yes | J47: 539798 | K47: 2658290 | O47: Done | P47: Done | R47: =VLOOKUP(D47,'Stone Column Progress'!$D$6:$M$199,7,0) -> 253 | S47: =VLOOKUP(D47,'Stone Column Progress'!$D$6:$M$199,9,0) -> 253 | T47: 45708 | U47: 45717 | W47: 45750 | X47: 45761 | AI47: 45737 | AJ47: 45738 | AL47: 45794 | AM47: 45795 | AP47: 45739 | AQ47: 45739 | AS47: 45796 | AT47: 45796 | AW47: 45740 | AX47: 45741 | AZ47: 45796 | BA47: 45796 | BD47: 45742 | BE47: 45743 | BG47: 45798 | BH47: 45798 | BK47: 45744 | BL47: 45754 | BN47: 45800 | BO47: 45807 | BR47: 45755 | BS47: 45756 | BU47: 45809 | BV47: 45810 | BZ47: 45761 | CA47: 45764 | CC47: 45816 | CD47: 45882 | CG47: 45763 | CH47: 45763 | CJ47: 45815 | CK47: 45815 | CP47: 45768 | CQ47: 45778 | CS47: =MIN(INDEX('USS SUMMARY'!R:AB,MATCH($D47,'USS SUMMARY'!D:D,0),0)) -> 45796 | CT47: 45799 | CW47: 45758 | CX47: 45765 | CZ47: 45759 | DA47: 45770 | DD47: 45758 | DE47: 45765 | DG47: 45772 | DH47: 45780 | DK47: =_xlfn.XLOOKUP(D47,CranePad!$D$4:$D$195,CranePad!$E$4:$E$195,0,0,1) -> Varudi | DL47: 45767 | DM47: 45774 | DO47: 45772 | DP47: 45782 | DS47: 45805 | DT47: 45815 | DV47: 45940 | DW47: 45948 | DZ47: 45803 | EA47: 45811 | EC47: =IF(D47='USS SUMMARY'!AE46,MIN('USS SUMMARY'!AH46:AL46),"") -> 45941 | ED47: 45941 | EG47: 45816 | EH47: 45822 | EJ47: 45946 | EK47: 45952 | EN47: 45823 | EO47: 45825 | EQ47: 45952 | ER47: 45953 | EU47: 45826 | EV47: 45827 | EX47: 45949 | EY47: 45949 | FB47: 45748 | FC47: 45784 | FE47: 45820 | FF47: 45949 | FI47: 45792 | FJ47: =FI47+25 -> 45817 | FL47: 45900 | FM47: 45921 | FP47: 45828 | FQ47: 45831 | FS47: 45949 | FT47: 45952 | FW47: 45832 | FX47: 45833 | FZ47: 45953 | GA47: 45957
A48: =ROW(A44) -> 44 | B48: PSS-05 | C48: AHEJ5L | D48: WTG 244 | E48: F06 | F48: MSC | G48: 45762 | H48: =VLOOKUP($D48,'Stone Column Progress'!$D$6:$E$199,2,0) -> Bauer | I48: Yes | J48: 540442 | K48: 2659011 | O48: Done | P48: Done | R48: =VLOOKUP(D48,'Stone Column Progress'!$D$6:$M$199,7,0) -> 253 | S48: =VLOOKUP(D48,'Stone Column Progress'!$D$6:$M$199,9,0) -> 253 | T48: 45728 | U48: 45737 | W48: 45717 | X48: 45729 | AA48: YES | AB48: ITDC | AC48: 45740 | AD48: 45757 | AF48: 45776 | AG48: 45801 | AI48: 45760 | AJ48: 45761 | AL48: 45811 | AM48: 45812 | AP48: 45762 | AQ48: 45762 | AS48: 45813 | AT48: 45813 | AW48: 45763 | AX48: 45763 | AZ48: 45814 | BA48: 45814 | BD48: 45764 | BE48: 45764 | BG48: 45821 | BH48: 45821 | BK48: 45765 | BL48: 45773 | BN48: 45822 | BO48: 45829 | BR48: 45774 | BS48: 45775 | BU48: 45831 | BV48: 45831 | BZ48: 45779 | CA48: 45784 | CC48: 45840 | CD48: 45881 | CG48: 45783 | CH48: 45783 | CJ48: 45846 | CK48: 45846 | CP48: 45785 | CQ48: 45795 | CS48: =MIN(INDEX('USS SUMMARY'!R:AB,MATCH($D48,'USS SUMMARY'!D:D,0),0)) -> 45812 | CT48: 45876 | CW48: 45760 | CX48: 45767 | CZ48: 45689 | DA48: 45703 | DD48: 45760 | DE48: 45767 | DG48: 45850 | DH48: 45864 | DK48: =_xlfn.XLOOKUP(D48,CranePad!$D$4:$D$195,CranePad!$E$4:$E$195,0,0,1) -> GP Project | DL48: 45769 | DM48: 45776 | DO48: 45746 | DP48: 45758 | DS48: 45816 | DT48: 45826 | DV48: 45866 | DW48: 45876 | DZ48: 45805 | EA48: 45813 | EC48: =IF(D48='USS SUMMARY'!AE47,MIN('USS SUMMARY'!AH47:AL47),"") -> 45882 | ED48: 45919 | EG48: 45827 | EH48: 45833 | EJ48: 45887 | EK48: 45898 | EM48: Delay due to material non available | EN48: 45834 | EO48: 45836 | EQ48: 45899 | ER48: 45902 | EU48: 45828 | EV48: 45829 | EX48: 45920 | EY48: 45920 | FB48: 45792 | FC48: 45815 | FE48: 45825 | FF48: 45898 | FI48: 45792 | FJ48: =FI48+25 -> 45817 | FL48: 45900 | FM48: 45921 | FP48: 45830 | FQ48: 45833 | FS48: 45919 | FT48: 45925 | FW48: 45837 | FX48: 45838 | FZ48: 45944 | GA48: 45951
A49: =ROW(A45) -> 45 | B49: PSS-05 | C49: AHEJ5L | D49: WTG 245 | E49: F08 | F49: AB INFRA | G49: 45779 | H49: =VLOOKUP($D49,'Stone Column Progress'!$D$6:$E$199,2,0) -> Bauer | I49: Yes | J49: 540632 | K49: 2658025 | O49: Done | P49: Done | R49: =VLOOKUP(D49,'Stone Column Progress'!$D$6:$M$199,7,0) -> 253 | S49: =VLOOKUP(D49,'Stone Column Progress'!$D$6:$M$199,9,0) -> 253 | T49: 45718 | U49: 45727 | W49: 45769 | X49: 45775 | AI49: 45747 | AJ49: 45748 | AL49: 45780 | AM49: 45782 | AP49: 45749 | AQ49: 45749 | AS49: 45783 | AT49: 45784 | AW49: 45750 | AX49: 45751 | AZ49: 45784 | BA49: 45784 | BD49: 45752 | BE49: 45753 | BG49: 45791 | BH49: 45791 | BK49: 45754 | BL49: 45764 | BN49: 45792 | BO49: 45805 | BR49: 45765 | BS49: 45766 | BU49: 45806 | BV49: 45806 | BZ49: 45771 | CA49: 45774 | CC49: 45810 | CD49: 45881 | CG49: 45773 | CH49: 45773 | CJ49: 45810 | CK49: 45810 | CP49: 45783 | CQ49: 45793 | CS49: =MIN(INDEX('USS SUMMARY'!R:AB,MATCH($D49,'USS SUMMARY'!D:D,0),0)) -> 45784 | CT49: 45818 | CW49: 45768 | CX49: 45775 | CZ49: 45740 | DA49: 45789 | DD49: 45768 | DE49: 45775 | DG49: 45921 | DH49: 45926 | DK49: =_xlfn.XLOOKUP(D49,CranePad!$D$4:$D$195,CranePad!$E$4:$E$195,0,0,1) -> GP Project | DL49: 45777 | DM49: 45784 | DO49: 45813 | DP49: 45833 | DS49: 45828 | DT49: 45848 | DV49: 45928 | DW49: 45938 | DZ49: 45823 | EA49: 45831 | EC49: =IF(D49='USS SUMMARY'!AE48,MIN('USS SUMMARY'!AH48:AL48),"") -> 45880 | ED49: 45939 | EG49: 45849 | EH49: 45856 | EJ49: 45940 | EK49: 45948 | EN49: 45857 | EO49: 45859 | EQ49: 45948 | ER49: 45949 | EU49: 45981 | EV49: 45982 | EX49: 45939 | EY49: 45939 | FB49: 45792 | FC49: 45815 | FE49: 45821 | FF49: 45950 | FI49: 45833 | FJ49: =FI49+25 -> 45858 | FL49: 45900 | FM49: 45921 | FP49: 45983 | FQ49: 45986 | FS49: 45943 | FT49: 45952 | FW49: 45987 | FX49: 45989 | FZ49: 45953 | GA49: 45957
A50: =ROW(A46) -> 46 | B50: PSS-05 | C50: AHEJ5L | D50: WTG 267 | E50: F06 | F50: MSC | G50: 45762 | H50: =VLOOKUP($D50,'Stone Column Progress'!$D$6:$E$199,2,0) -> Bauer | I50: Yes | J50: 541284 | K50: 2658707 | O50: Done | P50: Done | R50: =VLOOKUP(D50,'Stone Column Progress'!$D$6:$M$199,7,0) -> 253 | S50: =VLOOKUP(D50,'Stone Column Progress'!$D$6:$M$199,9,0) -> 253 | T50: 45738 | U50: 45747 | W50: 45732 | X50: 45744 | AA50: YES | AB50: Pinnacle | AC50: 45750 | AD50: 45758 | AF50: 45771 | AG50: 45800 | AI50: 45761 | AJ50: 45762 | AL50: 45816 | AM50: 45817 | AP50: 45763 | AQ50: 45763 | AS50: 45817 | AT50: 45817 | AW50: 45764 | AX50: 45764 | AZ50: 45817 | BA50: 45817 | BD50: 45765 | BE50: 45765 | BG50: 45822 | BH50: 45823 | BK50: 45766 | BL50: 45775 | BN50: 45824 | BO50: 45854 | BR50: 45776 | BS50: 45777 | BU50: 45854 | BV50: 45855 | BZ50: 45782 | CA50: 45788 | CC50: 45869 | CD50: 45884 | CG50: 45787 | CH50: 45787 | CJ50: 45870 | CK50: 45870 | CP50: 45789 | CQ50: 45799 | CS50: =MIN(INDEX('USS SUMMARY'!R:AB,MATCH($D50,'USS SUMMARY'!D:D,0),0)) -> 45817 | CT50: 45820 | CW50: 45771 | CX50: 45778 | CZ50: 45689 | DA50: 45700 | DD50: 45771 | DE50: 45778 | DG50: 45859 | DH50: 45878 | DK50: =_xlfn.XLOOKUP(D50,CranePad!$D$4:$D$195,CranePad!$E$4:$E$195,0,0,1) -> Varudi | DL50: 45780 | DM50: 45787 | DO50: 45758 | DP50: 45775 | DS50: 45854 | DT50: 45901 | DV50: 45878 | DW50: 45886 | DZ50: 45809 | EA50: 45817 | EC50: =IF(D50='USS SUMMARY'!AE49,MIN('USS SUMMARY'!AH49:AL49),"") -> 45884 | ED50: 45919 | EG50: 45902 | EH50: 45909 | EJ50: 45893 | EK50: 45904 | EN50: 45910 | EO50: 45912 | EQ50: 45904 | ER50: 45909 | EU50: 45907 | EV50: 45908 | EX50: 45918 | EY50: 45918 | FB50: 45792 | FC50: 45815 | FE50: 45812 | FF50: 45902 | FI50: 45833 | FJ50: =FI50+25 -> 45858 | FL50: 45900 | FM50: 45921 | FP50: 45909 | FQ50: 45912 | FS50: 45919 | FT50: 45925 | FW50: 45913 | FX50: 45915 | FZ50: 45944 | GA50: 45951
A51: =ROW(A47) -> 47 | B51: PSS-05 | C51: AHEJ5L | D51: WTG 268 | E51: F08 | F51: MSC | G51: 45801 | H51: =VLOOKUP($D51,'Stone Column Progress'!$D$6:$E$199,2,0) -> Bauer | I51: Yes | J51: 541474 | K51: 2657721 | O51: Done | P51: Done | R51: =VLOOKUP(D51,'Stone Column Progress'!$D$6:$M$199,7,0) -> 253 | S51: =VLOOKUP(D51,'Stone Column Progress'!$D$6:$M$199,9,0) -> 253 | T51: 45728 | U51: 45737 | W51: 45772 | X51: 45779 | AI51: 45739 | AJ51: 45740 | AL51: 45810 | AM51: 45811 | AP51: 45741 | AQ51: 45741 | AS51: 45812 | AT51: 45812 | AW51: 45742 | AX51: 45743 | AZ51: 45815 | BA51: 45815 | BD51: 45744 | BE51: 45745 | BG51: 45828 | BH51: 45830 | BK51: 45746 | BL51: 45756 | BN51: 45830 | BO51: 45833 | BR51: 45757 | BS51: 45758 | BU51: 45834 | BV51: 45834 | BZ51: 45763 | CA51: 45766 | CC51: 45876 | CD51: 46075 | CG51: 45765 | CH51: 45765 | CJ51: 45879 | CK51: 45879 | CP51: 45767 | CQ51: 45777 | CS51: =MIN(INDEX('USS SUMMARY'!R:AB,MATCH($D51,'USS SUMMARY'!D:D,0),0)) -> 45812 | CT51: 45898 | CW51: 45760 | CX51: 45767 | CZ51: 45752 | DA51: 45793 | DD51: 45760 | DE51: 45767 | DG51: 45889 | DH51: 45912 | DK51: =_xlfn.XLOOKUP(D51,CranePad!$D$4:$D$195,CranePad!$E$4:$E$195,0,0,1) -> GP Project | DL51: 45769 | DM51: 45776 | DO51: 45788 | DP51: 45803 | DS51: 45816 | DT51: 45826 | DV51: 45915 | DW51: 45931 | DZ51: 45802 | EA51: 45810 | EC51: =IF(D51='USS SUMMARY'!AE50,MIN('USS SUMMARY'!AH50:AL50),"") -> 45913 | ED51: 45930 | EG51: 45827 | EH51: 45834 | EJ51: 45932 | EK51: 45942 | EN51: 45835 | EO51: 45837 | EQ51: 45943 | ER51: 45944 | EU51: 45830 | EV51: 45831 | EX51: 45942 | EY51: 45942 | FB51: 45792 | FC51: 45815 | FE51: 45820 | FF51: 45949 | FI51: 45792 | FJ51: =FI51+25 -> 45817 | FL51: 45900 | FM51: 45921 | FP51: 45832 | FQ51: 45835 | FS51: 45943 | FT51: 45952 | FW51: 45838 | FX51: 45839 | FZ51: 45952 | GA51: 45957
A52: =ROW(A48) -> 48 | B52: PSS-05 | C52: AHEJ5L | D52: WTG 291 | E52: F07 | F52: MSC | G52: 45784 | H52: =VLOOKUP($D52,'Stone Column Progress'!$D$6:$E$199,2,0) -> Bauer | I52: Yes | J52: 542118 | K52: 2658443 | O52: Done | P52: Done | R52: =VLOOKUP(D52,'Stone Column Progress'!$D$6:$M$199,7,0) -> 253 | S52: =VLOOKUP(D52,'Stone Column Progress'!$D$6:$M$199,9,0) -> 253 | T52: 45737 | U52: 45746 | W52: 45744 | X52: 45756 | AI52: 45752 | AJ52: 45753 | AL52: 45786 | AM52: 45787 | AP52: 45754 | AQ52: 45754 | AS52: 45788 | AT52: 45788 | AW52: 45755 | AX52: 45756 | AZ52: 45788 | BA52: 45788 | BD52: 45757 | BE52: 45758 | BG52: 45791 | BH52: 45791 | BK52: 45759 | BL52: 45769 | BN52: 45793 | BO52: 45800 | BR52: 45770 | BS52: 45771 | BU52: 45802 | BV52: 45803 | BZ52: 45776 | CA52: 45779 | CC52: 45810 | CD52: 45886 | CG52: 45778 | CH52: 45778 | CJ52: 45812 | CK52: 45812 | CP52: 45788 | CQ52: 45798 | CS52: =MIN(INDEX('USS SUMMARY'!R:AB,MATCH($D52,'USS SUMMARY'!D:D,0),0)) -> 45789 | CT52: 45800 | CW52: 45773 | CX52: 45780 | CZ52: 45689 | DA52: 45702 | DD52: 45773 | DE52: 45780 | DG52: 45848 | DH52: 45863 | DK52: =_xlfn.XLOOKUP(D52,CranePad!$D$4:$D$195,CranePad!$E$4:$E$195,0,0,1) -> GP Project | DL52: 45782 | DM52: 45789 | DO52: 45770 | DP52: 45789 | DS52: 45829 | DT52: 45848 | DV52: 45866 | DW52: 45876 | DZ52: 45818 | EA52: 45826 | EC52: =IF(D52='USS SUMMARY'!AE51,MIN('USS SUMMARY'!AH51:AL51),"") -> 45882 | ED52: 45900 | EG52: 45849 | EH52: 45856 | EJ52: 45886 | EK52: 45893 | EN52: 45857 | EO52: 45859 | EQ52: 45899 | ER52: 45905 | EU52: 45906 | EV52: 45907 | EX52: 45918 | EY52: 45918 | FB52: 45792 | FC52: 45815 | FE52: 45795 | FF52: 45904 | FI52: 45833 | FJ52: =FI52+25 -> 45858 | FL52: 45900 | FM52: 45921 | FP52: 45908 | FQ52: 45911 | FS52: 45919 | FT52: 45923 | FW52: 45912 | FX52: 45914 | FZ52: 45944 | GA52: 45951
A53: =ROW(A49) -> 49 | B53: PSS-05 | C53: AHEJ5L | D53: WTG 292 | E53: F08 | F53: HBG | G53: 45779 | H53: =VLOOKUP($D53,'Stone Column Progress'!$D$6:$E$199,2,0) -> Bauer | I53: Yes | J53: 542308 | K53: 2657456 | O53: Done | P53: Done | R53: =VLOOKUP(D53,'Stone Column Progress'!$D$6:$M$199,7,0) -> 253 | S53: =VLOOKUP(D53,'Stone Column Progress'!$D$6:$M$199,9,0) -> 253 | T53: 45738 | U53: 45747 | W53: 45764 | X53: 45772 | AI53: 45749 | AJ53: 45750 | AL53: 45783 | AM53: 45786 | AP53: 45751 | AQ53: 45751 | AS53: 45787 | AT53: 45789 | AW53: 45752 | AX53: 45753 | AZ53: 45790 | BA53: 45790 | BD53: 45754 | BE53: 45755 | BG53: 45794 | BH53: 45795 | BK53: 45756 | BL53: 45766 | BN53: 45795 | BO53: 45806 | BR53: 45767 | BS53: 45768 | BU53: 45807 | BV53: 45808 | BZ53: 45773 | CA53: 45776 | CC53: 45834 | CG53: 45775 | CH53: 45775 | CJ53: 45814 | CK53: 45814 | CP53: 45778 | CQ53: 45788 | CS53: =MIN(INDEX('USS SUMMARY'!R:AB,MATCH($D53,'USS SUMMARY'!D:D,0),0)) -> 45789 | CT53: 45814 | CW53: 45770 | CX53: 45777 | CZ53: 45741 | DA53: 45792 | DD53: 45770 | DE53: 45777 | DG53: 45890 | DH53: 45896 | DK53: =_xlfn.XLOOKUP(D53,CranePad!$D$4:$D$195,CranePad!$E$4:$E$195,0,0,1) -> GP Project | DL53: 45779 | DM53: 45786 | DO53: 45785 | DP53: 45802 | DS53: 45848 | DT53: 45904 | DV53: 45917 | DW53: 45925 | DZ53: 45818 | EA53: 45826 | EC53: =IF(D53='USS SUMMARY'!AE52,MIN('USS SUMMARY'!AH52:AL52),"") -> 45915 | ED53: 45931 | EG53: 45905 | EH53: 45912 | EJ53: 45926 | EK53: 45936 | EN53: 45913 | EO53: 45915 | EQ53: 45937 | ER53: 45938 | EU53: 45926 | EV53: 45927 | EX53: 45943 | EY53: 45943 | FB53: 45792 | FC53: 45815 | FE53: 45819 | FF53: 45949 | FI53: 45833 | FJ53: =FI53+25 -> 45858 | FL53: 45900 | FM53: 45921 | FP53: 45928 | FQ53: 45931 | FS53: 45943 | FT53: 45944 | FW53: 45932 | FX53: 45934 | FZ53: 45953 | GA53: 45957
A54: =ROW(A50) -> 50 | B54: PSS-05 | C54: AHEJ5L | D54: WTG 314 | E54: F07 | F54: MSC | G54: 45801 | H54: =VLOOKUP($D54,'Stone Column Progress'!$D$6:$E$199,2,0) -> Bauer | I54: Yes | J54: 542579 | K54: 2660111 | O54: Done | P54: Done | R54: =VLOOKUP(D54,'Stone Column Progress'!$D$6:$M$199,7,0) -> 253 | S54: =VLOOKUP(D54,'Stone Column Progress'!$D$6:$M$199,9,0) -> 253 | T54: 45707 | U54: 45716 | W54: 45673 | X54: 45691 | AA54: YES | AB54: Pinnacle | AC54: 45722 | AD54: 45731 | AF54: 45769 | AG54: 45786 | AI54: 45736 | AJ54: 45737 | AL54: 45814 | AM54: 45815 | AP54: 45738 | AQ54: 45738 | AS54: 45816 | AT54: 45816 | AW54: 45739 | AX54: 45740 | AZ54: 45816 | BA54: 45816 | BD54: 45741 | BE54: 45742 | BG54: 45919 | BH54: 45921 | BK54: 45743 | BL54: 45753 | BN54: 45922 | BO54: 45930 | BR54: 45754 | BS54: 45755 | BU54: 45930 | BV54: 45931 | BZ54: 45760 | CA54: 45763 | CC54: 45938 | CD54: 45979 | CG54: 45762 | CH54: 45762 | CJ54: 45945 | CK54: 45945 | CP54: 45772 | CQ54: 45782 | CS54: =MIN(INDEX('USS SUMMARY'!R:AB,MATCH($D54,'USS SUMMARY'!D:D,0),0)) -> 45814 | CT54: 45943 | CW54: 45757 | CX54: 45764 | CZ54: 45689 | DA54: 45706 | DD54: 45757 | DE54: 45764 | DG54: 45941 | DH54: 45945 | DK54: =_xlfn.XLOOKUP(D54,CranePad!$D$4:$D$195,CranePad!$E$4:$E$195,0,0,1) -> GP Project | DL54: 45766 | DM54: 45773 | DO54: 45745 | DP54: 45755 | DS54: 45819 | DT54: 45831 | DV54: 45946 | DW54: 45954 | DZ54: 45807 | EA54: 45815 | EC54: =IF(D54='USS SUMMARY'!AE53,MIN('USS SUMMARY'!AH53:AL53),"") -> 45935 | ED54: 45947 | EG54: 45832 | EH54: 45839 | EJ54: 45958 | EK54: 45968 | EN54: 45840 | EO54: 45842 | EQ54: 45968 | ER54: 45970 | EU54: 45843 | EV54: 45844 | EX54: 45960 | EY54: 45960 | FB54: 45792 | FC54: 45815 | FE54: 45795 | FF54: 45798 | FI54: 45792 | FJ54: =FI54+25 -> 45817 | FL54: 45900 | FM54: 45921 | FP54: 45845 | FQ54: 45848 | FS54: 45961 | FT54: 45972 | FW54: 45849 | FX54: 45851 | FZ54: 45972 | GA54: 45979
A55: =ROW(A51) -> 51 | B55: PSS-08 | C55: ASEJ6PL | D55: WTG 376 | E55: F12 | F55: SHREEJI | G55: 45762 | H55: =VLOOKUP($D55,'Stone Column Progress'!$D$6:$E$199,2,0) -> Keller | I55: Yes | J55: 542429 | K55: 2673085 | O55: Done | P55: Done | R55: =VLOOKUP(D55,'Stone Column Progress'!$D$6:$M$199,7,0) -> 253 | S55: =VLOOKUP(D55,'Stone Column Progress'!$D$6:$M$199,9,0) -> 253 | T55: 45703 | U55: 45713 | W55: 45748 | X55: 45758 | AA55: YES | AB55: Bauer | AC55: 45717 | AD55: 45724 | AF55: 45771 | AG55: 45779 | AI55: 45727 | AJ55: 45728 | AL55: 45783 | AM55: 45785 | AP55: 45729 | AQ55: 45730 | AS55: 45790 | AT55: 45792 | AW55: 45731 | AX55: 45732 | AZ55: 45793 | BA55: 45793 | BD55: 45733 | BE55: 45734 | BG55: 45794 | BH55: 45796 | BK55: 45735 | BL55: 45745 | BN55: 45797 | BO55: 45806 | BR55: 45746 | BS55: 45747 | BU55: 45806 | BV55: 45807 | BZ55: 45749 | CA55: 45753 | CC55: 45816 | CD55: 45872 | CG55: 45752 | CH55: 45752 | CJ55: 45818 | CK55: 45818 | CP55: 45745 | CQ55: 45755 | CS55: =MIN(INDEX('USS SUMMARY'!R:AB,MATCH($D55,'USS SUMMARY'!D:D,0),0)) -> 45793 | CT55: 45861 | CW55: 45735 | CX55: 45742 | CZ55: 45967 | DA55: 45973 | DD55: 45735 | DE55: 45742 | DG55: 45967 | DH55: 45973 | DK55: =_xlfn.XLOOKUP(D55,CranePad!$D$4:$D$195,CranePad!$E$4:$E$195,0,0,1) -> Odhav | DL55: 45744 | DM55: 45751 | DO55: 45945 | DP55: 45973 | DS55: 45798 | DT55: 45809 | DV55: 45974 | DW55: 45981 | DZ55: 45775 | EA55: 45783 | EC55: =IF(D55='USS SUMMARY'!AE14,MIN('USS SUMMARY'!AH14:AL14),"") -> 45828 | ED55: 45973 | EG55: 45810 | EH55: 45817 | EJ55: 45985 | EK55: 45988 | EN55: 45818 | EO55: 45820 | EQ55: 45988 | ER55: 45989 | EU55: 45807 | EV55: =EU55+1 -> 45808 | EX55: 45984 | EY55: 45984 | FB55: 45748 | FC55: 45784 | FE55: 45813 | FF55: 45986 | FI55: 45767 | FJ55: =FI55+25 -> 45792 | FL55: 45900 | FM55: 45919 | FP55: 45795 | FQ55: 45798 | FS55: 45986 | FT55: 45990 | FW55: 45821 | FX55: 45822 | FZ55: 45994
A56: =ROW(A52) -> 52 | B56: PSS-05 | C56: AHEJ5L | D56: WTG 555 | E56: F05 | F56: MSC | G56: 46025 | H56: =VLOOKUP($D56,'Stone Column Progress'!$D$6:$E$199,2,0) -> Bauer | I56: Yes | J56: 536453 | K56: 2659434 | O56: Done | P56: Done | R56: =VLOOKUP(D56,'Stone Column Progress'!$D$6:$M$199,7,0) -> 253 | S56: =VLOOKUP(D56,'Stone Column Progress'!$D$6:$M$199,9,0) -> 253 | T56: 45743 | U56: 45753 | W56: 46018 | X56: 46031 | AI56: 45757 | AJ56: 45758 | AL56: 46033 | AM56: 46035 | AP56: 45759 | AQ56: 45759 | AS56: 46035 | AT56: 46035 | AW56: 45760 | AX56: 45761 | AZ56: 46036 | BA56: 46036 | BD56: 45762 | BE56: 45763 | BG56: 46037 | BH56: 46037 | BK56: 45764 | BL56: 45774 | BN56: 46038 | BO56: 46040 | BR56: 45775 | BS56: 45776 | BU56: 46040 | BV56: 46041 | BZ56: 45781 | CA56: 45784 | CC56: 46052 | CG56: 45783 | CH56: 45783 | CJ56: 46052 | CK56: 46052 | CP56: 45793 | CQ56: 45803 | CS56: =MIN(INDEX('USS SUMMARY'!R:AB,MATCH($D56,'USS SUMMARY'!D:D,0),0)) -> 46035 | CT56: 46042 | CW56: 45778 | CX56: 45785 | CZ56: 45714 | DA56: Done | DD56: 45778 | DE56: 45785 | DG56: 46048 | DH56: 46052 | DK56: =_xlfn.XLOOKUP(D56,CranePad!$D$4:$D$195,CranePad!$E$4:$E$195,0,0,1) -> GP Project(Reuse) | DL56: 45787 | DM56: 45794 | DO56: 46037 | DP56: 46052 | DS56: 45845 | DT56: 45898 | DV56: 46053 | DW56: 46066 | DZ56: 45823 | EA56: 45831 | EC56: =IF(D56='USS SUMMARY'!AE55,MIN('USS SUMMARY'!AH55:AL55),"") -> 46061 | ED56: 46070 | EG56: 45899 | EH56: 45906 | EJ56: 46067 | EK56: 46071 | EN56: 45907 | EO56: 45909 | EQ56: 46071 | ER56: 46073 | EU56: 45931 | EV56: 45932 | EX56: 46070 | EY56: 46070 | FB56: 45792 | FC56: 45815 | FE56: 45807 | FF56: 45986 | FI56: 45833 | FJ56: =FI56+25 -> 45858 | FL56: 45945 | FM56: 45969 | FP56: 45933 | FQ56: 45936 | FS56: 46072 | FT56: 46074 | FW56: 45937 | FX56: 45939 | FZ56: 46075 | GA56: 46079
A57: =ROW(A53) -> 53 | B57: PSS-11 | C57: AGE25CL | D57: WTG 430 | E57: F03 | F57: SHREERAM | G57: 45922 | H57: =VLOOKUP($D57,'Stone Column Progress'!$D$6:$E$199,2,0) -> Keller | I57: Yes | J57: 544675 | K57: 2669557 | O57: Done | P57: Done | R57: =VLOOKUP(D57,'Stone Column Progress'!$D$6:$M$199,7,0) -> 253 | S57: =VLOOKUP(D57,'Stone Column Progress'!$D$6:$M$199,9,0) -> 253 | T57: 45763 | U57: 45772 | W57: 45892 | X57: 45902 | AI57: 45789 | AJ57: 45790 | AL57: 45935 | AM57: 45939 | AP57: 45791 | AQ57: 45791 | AS57: 45941 | AT57: 45944 | AW57: 45792 | AX57: 45793 | AZ57: 45945 | BA57: 45945 | BD57: 45794 | BE57: 45795 | BG57: 45947 | BH57: 45948 | BK57: 45796 | BL57: 45806 | BN57: 45954 | BO57: 45964 | BR57: 45807 | BS57: 45808 | BU57: 45966 | BV57: 45966 | BZ57: 45813 | CA57: 45816 | CC57: 45974 | CD57: 46027 | CG57: 45815 | CH57: 45815 | CJ57: 45975 | CK57: 45975 | CP57: 45810 | CQ57: 45820 | CS57: =MIN(INDEX('USS SUMMARY'!R:AB,MATCH($D57,'USS SUMMARY'!D:D,0),0)) -> 45939 | CT57: 46016 | CW57: 45810 | CX57: 45817 | CZ57: 45984 | DA57: Done | DD57: 45810 | DE57: 45817 | DG57: 45983 | DH57: 46031 | DK57: =_xlfn.XLOOKUP(D57,CranePad!$D$4:$D$195,CranePad!$E$4:$E$195,0,0,1) -> GP Project | DL57: 45812 | DM57: 45819 | DO57: 45964 | DP57: 46027 | DS57: 45969 | DT57: 45979 | DV57: 46030 | DW57: 46042 | DZ57: 45964 | EA57: 45972 | EC57: =IF(D57='USS SUMMARY'!AE89,MIN('USS SUMMARY'!AH89:AL89),"") -> 46017 | ED57: 46027 | EG57: 45980 | EH57: 45987 | EJ57: 46044 | EK57: 46048 | EN57: 45988 | EO57: 45990 | EQ57: 46049 | ER57: 46050 | EU57: 46002 | EV57: 46003 | EX57: 46387 | EY57: 46022 | FB57: 45950 | FC57: 45971 | FE57: 45971 | FF57: 46052 | FI57: 45955 | FJ57: =FI57+25 -> 45980 | FL57: 45960 | FM57: 45991 | FP57: 46004 | FQ57: 46007 | FS57: 46046 | FT57: 46053 | FW57: 46008 | FX57: 46010 | FZ57: 46061 | GA57: 46062
A58: =ROW(A54) -> 54 | B58: PSS-05 | C58: AHEJ5L | D58: WTG 552 | E58: F01 | F58: DNC | G58: 45716 | H58: =VLOOKUP($D58,'Stone Column Progress'!$D$6:$E$199,2,0) -> Bauer | I58: Yes | J58: 535251 | K58: 2661705 | O58: Done | P58: Done | R58: =VLOOKUP(D58,'Stone Column Progress'!$D$6:$M$199,7,0) -> 253 | S58: =VLOOKUP(D58,'Stone Column Progress'!$D$6:$M$199,9,0) -> 253 | T58: 45741 | U58: 45750 | W58: 45703 | X58: 45714 | AI58: 45755 | AJ58: 45756 | AL58: 45716 | AM58: 45718 | AP58: 45757 | AQ58: 45757 | AS58: 45718 | AT58: 45719 | AW58: 45758 | AX58: 45759 | AZ58: 45720 | BA58: 45720 | BD58: 45760 | BE58: 45761 | BG58: 45721 | BH58: 45721 | BK58: 45762 | BL58: 45772 | BN58: 45722 | BO58: 45735 | BR58: 45773 | BS58: 45774 | BU58: 45735 | BV58: 45736 | BZ58: 45779 | CA58: 45782 | CC58: 45745 | CD58: 46052 | CG58: 45781 | CH58: 45781 | CJ58: 45746 | CK58: 45746 | CP58: 45796 | CQ58: 45806 | CS58: =MIN(INDEX('USS SUMMARY'!R:AB,MATCH($D58,'USS SUMMARY'!D:D,0),0)) -> 46020 | CT58: 46022 | CW58: 45776 | CX58: 45783 | CZ58: 45713 | DA58: Done | DD58: 45776 | DE58: 45783 | DG58: 46024 | DH58: 46027 | DK58: =_xlfn.XLOOKUP(D58,CranePad!$D$4:$D$195,CranePad!$E$4:$E$195,0,0,1) -> GP Project | DL58: 45785 | DM58: 45792 | DO58: 46019 | DP58: 46027 | DS58: 45836 | DT58: 45870 | DV58: 46032 | DW58: 46039 | DZ58: 45826 | EA58: 45834 | EC58: =IF(D58='USS SUMMARY'!AE57,MIN('USS SUMMARY'!AH57:AL57),"") -> 46029 | ED58: 46034 | EG58: 45871 | EH58: 45878 | EJ58: 46042 | EK58: 46044 | EN58: 45879 | EO58: 45881 | EQ58: 46045 | ER58: 46046 | EU58: 45934 | EV58: 45935 | EX58: 46039 | EY58: 46039 | FB58: 45792 | FC58: 45815 | FE58: 45822 | FF58: 46064 | FI58: 45833 | FJ58: =FI58+25 -> 45858 | FL58: 45945 | FM58: 45969 | FP58: 45936 | FQ58: 45939 | FS58: 46071 | FT58: 46074 | FW58: 45940 | FX58: 45942 | FZ58: 46075 | GA58: 46079
A59: =ROW(A55) -> 55 | B59: PSS-05 | C59: AHEJ5L | D59: WTG 551 | E59: F01 | F59: MSC | G59: 46019 | H59: =VLOOKUP($D59,'Stone Column Progress'!$D$6:$E$199,2,0) -> Bauer | I59: Yes | J59: 534218 | K59: 2662969 | O59: Done | P59: Done | R59: =VLOOKUP(D59,'Stone Column Progress'!$D$6:$M$199,7,0) -> 199 | S59: =VLOOKUP(D59,'Stone Column Progress'!$D$6:$M$199,9,0) -> 199 | T59: 45720 | U59: 45730 | W59: 45684 | X59: 45689 | AI59: 45750 | AJ59: 45751 | AL59: 45702 | AM59: 45717 | AO59: Excavator breakdwon | AP59: 45752 | AQ59: 45752 | AS59: 45717 | AT59: 45719 | AW59: 45753 | AX59: 45754 | AZ59: 45732 | BA59: 45732 | BC59: Approch road not available due to that delayed in PCC | BD59: 45755 | BE59: 45756 | BG59: 45735 | BH59: 45736 | BK59: 45757 | BL59: 45767 | BN59: 45737 | BO59: 46036 | BR59: 45768 | BS59: 45769 | BU59: 46036 | BV59: 46037 | BZ59: 45774 | CA59: 45777 | CC59: 46039 | CG59: 45776 | CH59: 45776 | CJ59: 46040 | CK59: 46040 | CP59: 45786 | CQ59: 45796 | CS59: =MIN(INDEX('USS SUMMARY'!R:AB,MATCH($D59,'USS SUMMARY'!D:D,0),0)) -> 46054 | CT59: 46056 | CW59: 45771 | CX59: 45778 | CZ59: Done | DA59: Done | DD59: 45771 | DE59: 45778 | DG59: 46048 | DH59: 46052 | DK59: =_xlfn.XLOOKUP(D59,CranePad!$D$4:$D$195,CranePad!$E$4:$E$195,0,0,1) -> GP Project | DL59: 45780 | DM59: 45787 | DO59: 46044 | DP59: 46049 | DS59: 45818 | DT59: 45828 | DV59: 46053 | DW59: 46065 | DZ59: 45826 | EA59: 45834 | EC59: =IF(D59='USS SUMMARY'!AE58,MIN('USS SUMMARY'!AH58:AL58),"") -> 46068 | ED59: 46070 | EG59: 45829 | EH59: 45836 | EJ59: 46066 | EK59: 46071 | EN59: 45837 | EO59: 45839 | EQ59: 46071 | ER59: 46073 | EU59: 45864 | EV59: 45865 | EX59: 46070 | EY59: 46070 | FB59: 45792 | FC59: 45815 | FE59: 46058 | FF59: 46071 | FI59: 45833 | FJ59: =FI59+25 -> 45858 | FL59: 45945 | FM59: 45969 | FP59: 45866 | FQ59: 45869 | FS59: 46071 | FT59: 46074 | FW59: 45870 | FX59: 45872 | FZ59: 46075 | GA59: 46079 | GE59: PSB INFRA Work to be done Anchore cage
A60: =ROW(A56) -> 56 | B60: PSS-05 | C60: AHEJ5L | D60: WTG 553 | E60: F01 | F60: MSC | G60: 45943 | H60: =VLOOKUP($D60,'Stone Column Progress'!$D$6:$E$199,2,0) -> Bauer | I60: Yes | J60: 535427 | K60: 2660700 | O60: Done | P60: Done | R60: =VLOOKUP(D60,'Stone Column Progress'!$D$6:$M$199,7,0) -> 253 | S60: =VLOOKUP(D60,'Stone Column Progress'!$D$6:$M$199,9,0) -> 253 | T60: 45720 | U60: 45729 | W60: 45735 | X60: 45744 | AA60: YES | AB60: Bauer | AC60: 45731 | AD60: 45736 | AF60: 46378 | AG60: 46026 | AI60: 45738 | AJ60: 45739 | AL60: 46030 | AM60: 46031 | AP60: 45740 | AQ60: 45740 | AS60: 46031 | AT60: 46032 | AW60: 45741 | AX60: 45741 | AZ60: 46033 | BA60: 46033 | BD60: 45742 | BE60: 45742 | BG60: 46034 | BH60: 46035 | BK60: 45743 | BL60: 45750 | BN60: 46037 | BO60: 46040 | BR60: 45751 | BS60: 45752 | BU60: 46047 | BV60: 46048 | BZ60: 45757 | CA60: 45760 | CC60: 46052 | CG60: 45759 | CH60: 45759 | CJ60: 46052 | CK60: 46052 | CP60: 45769 | CQ60: 45779 | CS60: =MIN(INDEX('USS SUMMARY'!R:AB,MATCH($D60,'USS SUMMARY'!D:D,0),0)) -> 46032 | CT60: 46056 | CW60: 45754 | CX60: 45761 | CZ60: 45721 | DA60: Done | DD60: 45754 | DE60: 45761 | DG60: 46049 | DH60: 46055 | DK60: =_xlfn.XLOOKUP(D60,CranePad!$D$4:$D$195,CranePad!$E$4:$E$195,0,0,1) -> GP Project(Reuse) | DL60: 45756 | DM60: 45763 | DO60: 46037 | DP60: 46052 | DS60: 45826 | DT60: 45837 | DV60: 46062 | DW60: 46067 | DZ60: 45809 | EA60: 45817 | EC60: =IF(D60='USS SUMMARY'!AE59,MIN('USS SUMMARY'!AH59:AL59),"") -> 46060 | ED60: 46070 | EG60: 45838 | EH60: 45845 | EJ60: 46069 | EK60: 46072 | EN60: 45846 | EO60: 45848 | EQ60: 46072 | ER60: 46074 | EU60: 45877 | EV60: 45878 | EX60: 46071 | EY60: 46071 | FB60: 45792 | FC60: 45815 | FE60: 45897 | FF60: 46065 | FI60: 45833 | FJ60: =FI60+25 -> 45858 | FL60: 45945 | FM60: 45969 | FP60: 45879 | FQ60: 45882 | FS60: 46072 | FT60: 46074 | FW60: 45883 | FX60: 45884 | FZ60: 46075 | GA60: 46079
A61: =ROW(A57) -> 57 | B61: PSS-11 | C61: AGE25CL | D61: WTG 329 | E61: F01 | F61: DNC | G61: 45986 | H61: =VLOOKUP($D61,'Stone Column Progress'!$D$6:$E$199,2,0) -> Menard | I61: Yes | J61: 541325 | K61: 2670695 | O61: Done | P61: Done | R61: =VLOOKUP(D61,'Stone Column Progress'!$D$6:$M$199,7,0) -> 253 | S61: =VLOOKUP(D61,'Stone Column Progress'!$D$6:$M$199,9,0) -> 253 | T61: 45727 | U61: 45738 | W61: 45712 | X61: 45812 | Z61: Slow Progress and after achieved 120 no. of stone coumn ITDC move to the WTG 473 because of rig not penetrate inside the soil | AA61: YES | AB61: Bauer | AF61: 45978 | AG61: 45983 | AI61: 45757 | AJ61: 45758 | AL61: 45987 | AM61: 45990 | AP61: 45759 | AQ61: 45759 | AS61: 45990 | AT61: 45991 | AW61: 45760 | AX61: 45761 | AZ61: 45993 | BA61: 45993 | BD61: 45762 | BE61: 45763 | BG61: 45993 | BH61: 45994 | BK61: 45764 | BL61: 45774 | BN61: 45996 | BO61: 46002 | BR61: 45775 | BS61: 45776 | BU61: 46002 | BV61: 46003 | BZ61: 45781 | CA61: 45784 | CC61: 46006 | CD61: 46058 | CG61: 45783 | CH61: 45783 | CJ61: 46007 | CK61: 46007 | CP61: 45768 | CQ61: 45778 | CS61: =MIN(INDEX('USS SUMMARY'!R:AB,MATCH($D61,'USS SUMMARY'!D:D,0),0)) -> 45990 | CT61: 45995 | CW61: 45778 | CX61: 45785 | CZ61: Done | DA61: Done | DD61: 45778 | DE61: 45785 | DG61: 46023 | DH61: 46026 | DK61: =_xlfn.XLOOKUP(D61,CranePad!$D$4:$D$195,CranePad!$E$4:$E$195,0,0,1) -> Odhav | DL61: 45780 | DM61: 45787 | DO61: 46023 | DP61: 46026 | DS61: 45833 | DT61: 45901 | DV61: 46030 | DW61: 46038 | DZ61: 45808 | EA61: 45816 | EC61: =IF(D61='USS SUMMARY'!AE60,MIN('USS SUMMARY'!AH60:AL60),"") -> 45997 | ED61: 46017 | EG61: 45902 | EH61: 45909 | EJ61: 46042 | EK61: 46046 | EN61: 45910 | EO61: 45912 | EQ61: 46047 | ER61: 46049 | EU61: 45960 | EV61: 45961 | EX61: 46017 | EY61: 46017 | FB61: 45792 | FC61: 45815 | FE61: 45980 | FF61: 46051 | FI61: 45925 | FJ61: =FI61+25 -> 45950 | FL61: 45960 | FM61: 45991 | FP61: 45962 | FQ61: 45965 | FS61: 46042 | FT61: 46053 | FW61: 45965 | FX61: 45966 | FZ61: 46060 | GA61: 46062 | GE61: 1) ITDC - 120 nos, Menard continue after that
A62: =ROW(A58) -> 58 | B62: PSS-11 | C62: AGE25CL | D62: WTG 353 | E62: F01 | F62: SHREEJI | G62: 45801 | H62: =VLOOKUP($D62,'Stone Column Progress'!$D$6:$E$199,2,0) -> Menard | I62: Yes | J62: 541976 | K62: 2671377 | O62: Done | P62: Done | R62: =VLOOKUP(D62,'Stone Column Progress'!$D$6:$M$199,7,0) -> 253 | S62: =VLOOKUP(D62,'Stone Column Progress'!$D$6:$M$199,9,0) -> 253 | T62: 45739 | U62: 45748 | W62: 45755 | X62: 45780 | AI62: 45778 | AJ62: 45779 | AL62: 45802 | AM62: 45805 | AP62: 45780 | AQ62: 45780 | AS62: 45806 | AT62: 45807 | AW62: 45781 | AX62: 45782 | AZ62: 45808 | BA62: 45808 | BD62: 45783 | BE62: 45784 | BG62: 45811 | BH62: 45811 | BK62: 45785 | BL62: 45795 | BN62: 45812 | BO62: 45821 | BR62: 45796 | BS62: 45797 | BU62: 45822 | BV62: 45822 | BZ62: 45802 | CA62: 45805 | CC62: 45971 | CD62: 46023 | CG62: 45804 | CH62: 45804 | CJ62: 45972 | CK62: 45972 | CP62: 45789 | CQ62: 45799 | CS62: =MIN(INDEX('USS SUMMARY'!R:AB,MATCH($D62,'USS SUMMARY'!D:D,0),0)) -> 45972 | CT62: 45979 | CW62: 45799 | CX62: 45806 | CZ62: 45969 | DA62: 45970 | DD62: 45799 | DE62: 45806 | DG62: 45967 | DH62: 45969 | DK62: =_xlfn.XLOOKUP(D62,CranePad!$D$4:$D$195,CranePad!$E$4:$E$195,0,0,1) -> Odhav | DL62: 45801 | DM62: 45808 | DO62: 45959 | DP62: 45969 | DS62: 45910 | DT62: 45931 | DV62: 45970 | DW62: 45981 | DZ62: 45935 | EA62: 45943 | EC62: =IF(D62='USS SUMMARY'!AE61,MIN('USS SUMMARY'!AH61:AL61),"") -> 45984 | ED62: 45993 | EG62: 45932 | EH62: 45939 | EJ62: 45985 | EK62: 45989 | EN62: 45940 | EO62: 45942 | EQ62: 45990 | ER62: 45991 | EU62: 45960 | EV62: 45961 | EX62: 45993 | EY62: 45993 | FB62: 45792 | FC62: 45815 | FE62: 45980 | FF62: 46018 | FI62: 45925 | FJ62: =FI62+25 -> 45950 | FL62: 45960 | FM62: 45991 | FP62: 45962 | FQ62: 45965 | FS62: 46030 | FT62: 46053 | FW62: 45967 | FX62: 45968 | FZ62: 46059 | GA62: 46062
A63: =ROW(A59) -> 59 | B63: PSS-11 | C63: AGE25CL | D63: WTG 354 | E63: F01 | F63: SHREERAM | G63: 45982 | H63: =VLOOKUP($D63,'Stone Column Progress'!$D$6:$E$199,2,0) -> Bauer | I63: Yes | J63: 542166 | K63: 2670391 | O63: Done | P63: Done | R63: =VLOOKUP(D63,'Stone Column Progress'!$D$6:$M$199,7,0) -> 199 | S63: =VLOOKUP(D63,'Stone Column Progress'!$D$6:$M$199,9,0) -> 199 | T63: 45739 | U63: 45748 | W63: 45408 | X63: 45420 | AA63: YES | AB63: Bauer | AC63: 45762 | AD63: 45770 | AF63: 45967 | AG63: 45975 | AI63: 45780 | AJ63: 45781 | AL63: 45983 | AM63: 45987 | AP63: 45782 | AQ63: 45782 | AS63: 45987 | AT63: 45989 | AW63: 45783 | AX63: 45784 | AZ63: 45990 | BA63: 45990 | BD63: 45785 | BE63: 45786 | BG63: 45992 | BH63: 45994 | BK63: 45787 | BL63: 45797 | BN63: 45999 | BO63: 46007 | BR63: 45798 | BS63: 45799 | BU63: 46008 | BV63: 46009 | BZ63: 45804 | CA63: 45807 | CC63: 46014 | CD63: 46059 | CG63: 45806 | CH63: 45806 | CJ63: 46015 | CK63: 46015 | CP63: 45791 | CQ63: 45801 | CS63: =MIN(INDEX('USS SUMMARY'!R:AB,MATCH($D63,'USS SUMMARY'!D:D,0),0)) -> 45986 | CT63: 45993 | CW63: 45801 | CX63: 45808 | CZ63: 45693 | DA63: 45702 | DD63: 45801 | DE63: 45808 | DG63: 46017 | DH63: 46020 | DK63: =_xlfn.XLOOKUP(D63,CranePad!$D$4:$D$195,CranePad!$E$4:$E$195,0,0,1) -> Odhav(Reuse) | DL63: 45803 | DM63: 45810 | DO63: 45704 | DP63: 45722 | DS63: 45911 | DT63: 45936 | DV63: 46020 | DW63: 46028 | DZ63: 45940 | EA63: 45948 | EC63: =IF(D63='USS SUMMARY'!AE62,MIN('USS SUMMARY'!AH62:AL62),"") -> 45996 | ED63: 46031 | EG63: 45937 | EH63: 45944 | EJ63: 46031 | EK63: 46035 | EN63: 45945 | EO63: 45947 | EQ63: 46035 | ER63: 46038 | EU63: 45964 | EV63: 45965 | EX63: 46018 | EY63: 46018 | FB63: 45792 | FC63: 45815 | FE63: 45971 | FF63: 46038 | FI63: 45925 | FJ63: =FI63+25 -> 45950 | FL63: 45960 | FM63: 45991 | FP63: 45966 | FQ63: 45969 | FS63: 46030 | FT63: 46053 | FW63: 45969 | FX63: 45970 | FZ63: 46059 | GA63: 46062
A64: =ROW(A60) -> 60 | B64: PSS-14 | C64: AGE25CL | D64: WTG 373 | E64: F13 | F64: SHREEJI | G64: 45943 | H64: =VLOOKUP($D64,'Stone Column Progress'!$D$6:$E$199,2,0) -> Bauer | I64: Yes | J64: 541858 | K64: 2676044 | O64: Done | P64: Done | R64: =VLOOKUP(D64,'Stone Column Progress'!$D$6:$M$199,7,0) -> 253 | S64: =VLOOKUP(D64,'Stone Column Progress'!$D$6:$M$199,9,0) -> 253 | T64: 45729 | U64: 45740 | W64: 45825 | X64: 45838 | AI64: 45761 | AJ64: 45762 | AL64: 45959 | AM64: 45961 | AP64: 45763 | AQ64: 45763 | AS64: 45962 | AT64: 45962 | AW64: 45764 | AX64: 45765 | AZ64: 45963 | BA64: 45963 | BD64: 45766 | BE64: 45767 | BG64: 45965 | BH64: 45967 | BK64: 45768 | BL64: 45778 | BN64: 45969 | BO64: 45978 | BR64: 45779 | BS64: 45780 | BU64: 45980 | BV64: 45981 | BZ64: 45785 | CA64: 45788 | CC64: 45985 | CG64: 45787 | CH64: 45787 | CJ64: 45985 | CK64: 45985 | CP64: 45772 | CQ64: 45782 | CS64: =MIN(INDEX('USS SUMMARY'!R:AB,MATCH($D64,'USS SUMMARY'!D:D,0),0)) -> 45961 | CT64: 46038 | CW64: 45782 | CX64: 45789 | CZ64: Done | DA64: Done | DD64: 45782 | DE64: 45789 | DG64: 46042 | DH64: 46047 | DK64: =_xlfn.XLOOKUP(D64,CranePad!$D$4:$D$195,CranePad!$E$4:$E$195,0,0,1) -> Vaibhav | DL64: 45784 | DM64: 45791 | DO64: 46037 | DP64: 46046 | DS64: 45853 | DT64: 45908 | DV64: 46048 | DW64: 46076 | DZ64: 45933 | EA64: 45941 | EC64: =IF(D64='USS SUMMARY'!AE63,MIN('USS SUMMARY'!AH63:AL63),"") -> 46043 | EG64: 45909 | EH64: 45916 | EJ64: 46079 | EN64: 45917 | EO64: 45919 | EU64: 45960 | EV64: 45961 | FB64: 45792 | FC64: 45815 | FE64: 46054 | FI64: 45925 | FJ64: =FI64+25 -> 45950 | FL64: 46053 | FM64: 46068 | FP64: 45962 | FQ64: 45965 | FW64: 45965 | FX64: 45966
A65: =ROW(A61) -> 61 | B65: PSS-12 | C65: AGE26AL | D65: WTG 377 | E65: F01 | F65: SHREEJI | G65: 46020 | H65: =VLOOKUP($D65,'Stone Column Progress'!$D$6:$E$199,2,0) -> Bauer | I65: Yes | J65: 542619 | K65: 2672099 | O65: Done | P65: Done | R65: =VLOOKUP(D65,'Stone Column Progress'!$D$6:$M$199,7,0) -> 253 | S65: =VLOOKUP(D65,'Stone Column Progress'!$D$6:$M$199,9,0) -> 253 | T65: 45738 | U65: 45748 | W65: 45883 | X65: 45985 | AA65: YES | AB65: Bauer | AF65: 46003 | AG65: 46019 | AI65: 45777 | AJ65: 45778 | AL65: 46022 | AM65: 46026 | AP65: 45779 | AQ65: 45779 | AS65: 46031 | AT65: 46032 | AW65: 45780 | AX65: 45781 | AZ65: 46033 | BA65: 46033 | BD65: 45782 | BE65: 45783 | BG65: 46034 | BH65: 46035 | BK65: 45784 | BL65: 45794 | BN65: 46035 | BO65: 46038 | BR65: 45795 | BS65: 45796 | BU65: 46044 | BV65: 46045 | BY65: Delay due to concrete not availabel | BZ65: 45801 | CA65: 45804 | CC65: 46052 | CG65: 45803 | CH65: 45803 | CJ65: 46052 | CK65: 46052 | CP65: 45777 | CQ65: 45787 | CS65: =MIN(INDEX('USS SUMMARY'!R:AB,MATCH($D65,'USS SUMMARY'!D:D,0),0)) -> 46032 | CT65: 46038 | CW65: 45798 | CX65: 45805 | CZ65: Done | DA65: Done | DD65: 45798 | DE65: 45805 | DG65: 46054 | DH65: 46056 | DK65: =_xlfn.XLOOKUP(D65,CranePad!$D$4:$D$195,CranePad!$E$4:$E$195,0,0,1) -> GP Project | DL65: 45800 | DM65: 45807 | DO65: 46002 | DP65: 46013 | DS65: 45863 | DT65: 45933 | DV65: 46068 | DW65: 46075 | DZ65: 45938 | EA65: 45946 | EC65: =IF(D65='USS SUMMARY'!AE64,MIN('USS SUMMARY'!AH64:AL64),"") -> 46046 | ED65: 46065 | EG65: 45934 | EH65: 45941 | EJ65: 46078 | EN65: 45942 | EO65: 45944 | EU65: 45962 | EV65: 45963 | EX65: 46057 | EY65: 46057 | FB65: 45920 | FC65: 45940 | FE65: 46013 | FF65: 46053 | FI65: 45925 | FJ65: =FI65+25 -> 45950 | FL65: 45991 | FM65: 46010 | FP65: 45964 | FQ65: 45967 | FS65: 46076 | FW65: 45969 | FX65: 45970 | GE65: 133 stone columns completed by ITDC Thane Tack Bauer(120 nos) continues the work. Date:-20/11/25
